﻿key,0,1,2,3,4,5,6,7,8,9,10,11,12,13,14,15,16,17,18,19,20,21,22,23,24
#,Singular,Adjective,Plural,PossessivePronoun,StartsWithVowel,,Pronoun,Article,PlaceName,AethernetName,Territory,Level[0],Level[1],Level[2],Level[3],IsAetheryte,,AethernetGroup,Invisible,RequiredQuest,Map,Aetherstream{X},Aetherstream{Y},,
int32,str,sbyte,str,sbyte,sbyte,sbyte,sbyte,sbyte,PlaceName,PlaceName,TerritoryType,Level,Level,Level,Level,bit&01,byte,str,byte,Quest,Map,uint16,int16,int16,byte
0,"aetheryte",0,"aetheryte crystals",0,1,0,0,0,"","",,,,,,False,0,"Aetheryte",0,,"",0,0,0,0
1,"Aethernet shard",0,"Aethernet shards",0,1,1,0,0,"","","",,,,,True,0,"Aetheryte",0,,"",0,0,0,0
2,"",0,"",0,0,1,0,0,"New Gridania","Gridania Aetheryte Plaza","f1t1",,,,,True,4,"Aetheryte",2,,"",2,1560,720,21
3,"",0,"",0,0,1,0,0,"Bentbranch Meadows","","f1f1",,,,,True,4,"Aetheryte",0,,"",4,1540,820,22
4,"",0,"",0,0,1,0,0,"The Hawthorne Hut","","f1f2",,,,,True,4,"Aetheryte",0,,"",5,1700,820,23
5,"",0,"",0,0,1,0,0,"Quarrymill","","f1f3",,,,,True,4,"Aetheryte",0,,"",6,1580,920,24
6,"",0,"",0,0,1,0,0,"Camp Tranquil","","f1f3",,,,,True,4,"Aetheryte",0,,"",6,1520,980,25
7,"",0,"",0,0,1,0,0,"Fallgourd Float","","f1f4",,,,,True,4,"Aetheryte",0,,"",7,1400,720,26
8,"",0,"",0,0,1,0,0,"Limsa Lominsa Lower Decks","Limsa Lominsa Aetheryte Plaza","s1t2",,,,,True,3,"Aetheryte",1,,"",12,640,1200,1
9,"",0,"",0,0,1,0,0,"Ul'dah - Steps of Nald","Ul'dah Aetheryte Plaza","w1t1",,,,,True,5,"Aetheryte",3,,"",13,1260,1380,41
10,"",0,"",0,0,1,0,0,"Moraby Drydocks","","s1f2",,,,,True,3,"Aetheryte",0,,"",16,780,1220,3
11,"",0,"",0,0,1,0,0,"Costa del Sol","","s1f3",,,,,True,3,"Aetheryte",0,,"",17,820,1120,4
12,"",0,"",0,0,1,0,0,"Wineport","","s1f3",,,,,True,3,"Aetheryte",0,,"",17,780,1040,5
13,"",0,"",0,0,1,0,0,"Swiftperch","","s1f4",,,,,True,3,"Aetheryte",0,,"",18,600,1100,6
14,"",0,"",0,0,1,0,0,"Aleport","","s1f4",,,,,True,3,"Aetheryte",0,,"",18,540,1100,7
15,"",0,"",0,0,1,0,0,"Camp Bronze Lake","","s1f5",,,,,True,3,"Aetheryte",0,,"",19,760,1000,8
16,"",0,"",0,0,1,0,0,"Camp Overlook","","s1f6",,,,,True,3,"Aetheryte",0,,"",30,680,960,9
17,"",0,"",0,0,1,0,0,"Horizon","","w1f1",,,,,True,5,"Aetheryte",0,,"",20,1120,1260,42
18,"",0,"",0,0,1,0,0,"Camp Drybone","","w1f3",,,,,True,5,"Aetheryte",0,,"",22,1360,1210,44
19,"",0,"",0,0,1,0,0,"Little Ala Mhigo","","w1f4",,,,,True,5,"Aetheryte",0,,"",23,1360,1340,45
20,"",0,"",0,0,1,0,0,"Forgotten Springs","","w1f4",,,,,True,5,"Aetheryte",0,,"",23,1360,1440,46
21,"",0,"",0,0,1,0,0,"Camp Bluefog","","w1f5",,,,,True,5,"Aetheryte",0,,"",24,1280,1160,47
22,"",0,"",0,0,1,0,0,"Ceruleum Processing Plant","","w1f5",,,,,True,5,"Aetheryte",0,,"",24,1260,1100,48
23,"",0,"",0,0,1,0,0,"Camp Dragonhead","","r1f1",,,,,True,6,"Aetheryte",0,,"",53,1180,580,62
24,"",0,"",0,0,1,0,0,"Revenant's Toll","","l1f1",,,,,True,6,"Aetheryte",0,,"",25,1240,860,221
25,"",0,"",0,0,1,0,0,"","Archers' Guild","f1t1",,,,,False,0,"Aetheryte",2,,"",0,0,0,0
26,"",0,"",0,0,1,0,0,"","Leatherworkers' Guild & Shaded Bower","f1t2",,,,,False,0,"Aetheryte",2,,"",0,0,0,0
27,"",0,"",0,0,1,0,0,"","Lancers' Guild","f1t2",,,,,False,0,"Aetheryte",2,,"",0,0,0,0
28,"",0,"",0,0,1,0,0,"","Conjurers' Guild","f1t2",,,,,False,0,"Aetheryte",2,,"",0,0,0,0
29,"",0,"",0,0,1,0,0,"","Botanists' Guild","f1t2",,,,,False,0,"Aetheryte",2,,"",0,0,0,0
30,"",0,"",0,0,1,0,0,"","Mih Khetto's Amphitheatre","f1t2",,,,,False,0,"Aetheryte",2,,"",0,0,0,0
31,"",0,"",0,0,1,0,0,"","Blue Badger Gate (Central Shroud)","f1f1","Level#2563810",,,,False,0,"Aetheryte",2,,"",0,0,0,0
32,"",0,"",0,0,1,0,0,"","Yellow Serpent Gate (North Shroud)","f1f4","Level#2563828",,,,False,0,"Aetheryte",2,,"",0,0,0,0
33,"",0,"",0,0,1,0,0,"","Adventurers' Guild","w1t1",,,,,False,0,"Aetheryte",3,,"",0,0,0,0
34,"",0,"",0,0,1,0,0,"","Thaumaturges' Guild","w1t1",,,,,False,0,"Aetheryte",3,,"",0,0,0,0
35,"",0,"",0,0,1,0,0,"","Gladiators' Guild","w1t2",,,,,False,0,"Aetheryte",3,,"",0,0,0,0
36,"",0,"",0,0,1,0,0,"","Miners' Guild","w1t2",,,,,False,0,"Aetheryte",3,,"",0,0,0,0
37,"",0,"",0,0,1,0,0,"","Alchemists' Guild","w1t2",,,,,False,0,"Aetheryte",3,,"",0,0,0,0
38,"",0,"",0,0,1,0,0,"","Gate of the Sultana (Western Thanalan)","w1f1","Level#4169491",,,,False,0,"Aetheryte",3,,"",0,0,0,0
39,"",0,"",0,0,1,0,0,"","Gate of Nald (Central Thanalan)","w1f2","Level#4169494",,,,False,0,"Aetheryte",3,,"",0,0,0,0
40,"",0,"",0,0,1,0,0,"","Gate of Thal (Central Thanalan)","w1f2","Level#4169496",,,,False,0,"Aetheryte",3,,"",0,0,0,0
41,"",0,"",0,0,1,0,0,"","The Aftcastle","s1t1",,,,,False,0,"Aetheryte",1,,"",0,0,0,0
42,"",0,"",0,0,1,0,0,"","Culinarians' Guild","s1t1",,,,,False,0,"Aetheryte",1,,"",0,0,0,0
43,"",0,"",0,0,1,0,0,"","Arcanists' Guild","s1t2",,,,,False,0,"Aetheryte",1,,"",0,0,0,0
44,"",0,"",0,0,1,0,0,"","Fishermen's Guild","s1t2",,,,,False,0,"Aetheryte",1,,"",0,0,0,0
45,"",0,"",0,0,1,0,0,"","Zephyr Gate (Middle La Noscea)","s1f1","Level#4170499",,,,False,0,"Aetheryte",1,,"",0,0,0,0
46,"",0,"",0,0,1,0,0,"","Tempest Gate (Lower La Noscea)","s1f2","Level#4170784",,,,False,0,"Aetheryte",1,,"",0,0,0,0
47,"",0,"",0,0,1,0,0,"","Weavers' Guild","w1t2",,,,,False,0,"Aetheryte",3,,"",0,0,0,0
48,"",0,"",0,0,1,0,0,"","Marauders' Guild","s1t1",,,,,False,0,"Aetheryte",1,,"",0,0,0,0
49,"",0,"",0,0,1,0,0,"","Hawkers' Alley","s1t2",,,,,False,0,"Aetheryte",1,,"",0,0,0,0
50,"",0,"",0,0,1,0,0,"","Goldsmiths' Guild","w1t2",,,,,False,0,"Aetheryte",3,,"",0,0,0,0
51,"",0,"",0,0,1,0,0,"","The Chamber of Rule","w1t2",,,,,False,0,"Aetheryte",3,,"",0,0,0,0
52,"",0,"",0,0,1,0,0,"Summerford Farms","","s1f1",,,,,True,3,"Aetheryte",0,,"",15,700,1170,2
53,"",0,"",0,0,1,0,0,"Black Brush Station","","w1f2",,,,,True,5,"Aetheryte",0,,"",21,1290,1230,43
54,"",0,"",0,0,1,0,0,"","White Wolf Gate (Central Shroud)","f1f1","Level#4251958",,,,False,0,"Aetheryte",2,,,0,0,0,0
55,"",0,"",0,0,1,0,0,"Wolves' Den Pier","","s1p1",,,,,True,3,"Aetheryte",0,,"",51,600,1240,10
56,"",0,"",0,0,1,0,0,"Estate Hall (Free Company)","","s1h1",,,,,False,0,"Aetheryte",0,,"",72,640,1200,0
57,"",0,"",0,0,1,0,0,"Estate Hall (Free Company)","","f1h1",,,,,False,0,"Aetheryte",0,,"",82,1560,720,0
58,"",0,"",0,0,1,0,0,"Estate Hall (Free Company)","","w1h1",,,,,False,0,"Aetheryte",0,,"",83,1260,1380,0
59,"",0,"",0,0,1,0,0,"Estate Hall (Private)","","s1h1",,,,,False,0,"Aetheryte",0,,"",72,640,1200,0
60,"",0,"",0,0,1,0,0,"Estate Hall (Private)","","f1h1",,,,,False,0,"Aetheryte",0,,"",82,1560,720,0
61,"",0,"",0,0,1,0,0,"Estate Hall (Private)","","w1h1",,,,,False,0,"Aetheryte",0,,"",83,1260,1380,0
62,"",0,"",0,0,1,0,0,"The Gold Saucer","Gold Saucer Aetheryte Plaza","w1eb",,,,,True,5,"Aetheryte",5,,"",196,1320,1480,49
63,"",0,"",0,0,1,0,0,"","Entrance & Card Squares","w1eb",,,,,False,0,"Aetheryte",5,,"",0,0,0,0
64,"",0,"",0,0,1,0,0,"","Wonder Square East","w1eb",,,,,False,0,"Aetheryte",5,,"",0,0,0,0
65,"",0,"",0,0,1,0,0,"","Wonder Square West","w1eb",,,,,False,0,"Aetheryte",5,,"",0,0,0,0
66,"",0,"",0,0,1,0,0,"","Event Square","w1eb",,,,,False,0,"Aetheryte",5,,"",0,0,0,0
67,"",0,"",0,0,1,0,0,"","Cactpot Board","w1eb",,,,,False,0,"Aetheryte",5,,"",0,0,0,0
68,"",0,"",0,0,1,0,0,"","Round Square","w1eb",,,,,False,0,"Aetheryte",5,,"",0,0,0,0
69,"",0,"",0,0,1,0,0,"","Chocobo Square","w1ed",,,,,False,0,"Aetheryte",5,,"",0,0,0,0
70,"",0,"",0,0,1,0,0,"Foundation","Ishgard Aetheryte Plaza","r2t1",,,,,True,7,"AetheryteIshgard",4,,"",218,1150,450,61
71,"",0,"",0,0,1,0,0,"Falcon's Nest","","r2f1",,,,,True,7,"Aetheryte",0,,"",211,1000,400,63
72,"",0,"",0,0,1,0,0,"Camp Cloudtop","","a2f1",,,,,True,7,"Aetheryte",0,,"",215,1450,300,81
73,"",0,"",0,0,1,0,0,"Ok' Zundu","","a2f1",,,,,True,7,"Aetheryte",0,,"",215,1450,260,82
74,"",0,"",0,0,1,0,0,"Helix","","a2f2",,,,,True,7,"Aetheryte",0,,"",216,1300,230,83
75,"",0,"",0,0,1,0,0,"Idyllshire","Idyllshire Aetheryte Plaza","d2t1",,,,,True,7,"Aetheryte",6,,"",257,550,430,84
76,"",0,"",0,0,1,0,0,"Tailfeather","","d2f1",,,,,True,7,"Aetheryte",0,,"",212,700,400,85
77,"",0,"",0,0,1,0,0,"Anyx Trine","","d2f1",,,,,True,7,"Aetheryte",0,,"",212,650,400,86
78,"",0,"",0,0,1,0,0,"Moghome","","d2f3",,,,,True,7,"Aetheryte",0,,"",214,600,350,87
79,"",0,"",0,0,1,0,0,"Zenith","","d2f3",,,,,True,7,"Aetheryte",0,,"",214,580,340,88
80,"",0,"",0,0,1,0,0,"","The Forgotten Knight","r2t1",,,,,False,0,"Aetheryte",4,,"",0,0,0,0
81,"",0,"",0,0,1,0,0,"","Skysteel Manufactory","r2t1",,,,,False,0,"Aetheryte",4,,"",0,0,0,0
82,"",0,"",0,0,1,0,0,"","The Brume","r2t1",,,,,False,0,"Aetheryte",4,,"",0,0,0,0
83,"",0,"",0,0,1,0,0,"","Athenaeum Astrologicum","r2t2",,,,,False,0,"Aetheryte",4,,"",0,0,0,0
84,"",0,"",0,0,1,0,0,"","The Jeweled Crozier","r2t2",,,,,False,0,"Aetheryte",4,,"",0,0,0,0
85,"",0,"",0,0,1,0,0,"","Saint Reymanaud's Cathedral","r2t2",,,,,False,0,"Aetheryte",4,,"",0,0,0,0
86,"",0,"",0,0,1,0,0,"","The Tribunal","r2t2",,,,,False,0,"Aetheryte",4,,"",0,0,0,0
87,"",0,"",0,0,1,0,0,"","The Last Vigil","r2t2",,,,,False,0,"Aetheryte",4,,"",0,0,0,0
88,"",0,"",0,0,1,0,0,"","The Gates of Judgement (Coerthas Central Highlands)","r1f1","Level#5916727",,,,False,0,"Aetheryte",4,,"",0,0,0,0
89,"",0,"",0,0,1,0,0,"","Minion Square","w1ed",,,,,False,0,"Aetheryte",5,,"",0,0,0,0
90,"",0,"",0,0,1,0,0,"","West Idyllshire","d2t1",,,,,False,0,"Aetheryte",6,,"",0,0,0,0
91,"",0,"",0,0,1,0,0,"","Prologue Gate (Western Hinterlands)","d2f2","Level#5865604",,,,False,0,"Aetheryte",6,,,0,0,0,0
92,"",0,"",0,0,1,0,0,"","Epilogue Gate (Eastern Hinterlands)","d2f2","Level#5865598",,,,False,0,"Aetheryte",6,,"",0,0,0,0
93,"",0,"",0,0,1,0,0,"","Airship Landing","s1t1",,,,,False,0,"Aetheryte",1,,"",74,0,0,0
94,"",0,"",0,0,1,0,0,"","Airship Landing","f1t1",,,,,False,0,"Aetheryte",2,,"",2,0,0,0
95,"",0,"",0,0,1,0,0,"","Airship Landing","w1t1",,,,,False,0,"Aetheryte",3,,"",70,0,0,0
96,"",0,"",0,0,1,0,0,"Estate Hall (Free Company)","","e1h1",,,,,False,0,"Aetheryte",0,,"",364,10900,675,0
97,"",0,"",0,0,1,0,0,"Estate Hall (Private)","","e1h1",,,,,False,0,"Aetheryte",0,,"",364,10900,675,0
98,"",0,"",0,0,1,0,0,"Castrum Oriens","","g3f1",,,,,True,8,"Aetheryte",0,,"",367,1984,777,102
99,"",0,"",0,0,1,0,0,"The Peering Stones","","g3f1",,,,,True,8,"Aetheryte",0,,"",367,2116,870,103
100,"",0,"",0,0,1,0,0,"Ala Gannha","","g3f2",,,,,True,8,"Aetheryte",0,,"",368,2323,768,104
101,"",0,"",0,0,1,0,0,"Ala Ghiri","","g3f2",,,,,True,8,"Aetheryte",0,,"",368,2270,952,105
102,"",0,"",0,0,1,0,0,"Porta Praetoria","","g3f3",,,,,True,8,"Aetheryte",0,,"",369,2459,829,106
103,"",0,"",0,0,1,0,0,"The Ala Mhigan Quarter","","g3f3",,,,,True,8,"Aetheryte",0,,"",369,2632,925,107
104,"",0,"",0,0,1,0,0,"Rhalgr's Reach","Rhalgr's Reach Aetheryte Plaza","g3t1",,,,,True,8,"Aetheryte",8,,"",366,2171,745,101
105,"",0,"",0,0,1,0,0,"Tamamizu","","e3f1",,,,,True,8,"Aetheryte",0,,"",371,10501,388,122
106,"",0,"",0,0,1,0,0,"Onokoro","","e3f1",,,,,True,8,"Aetheryte",0,,"",371,10463,358,123
107,"",0,"",0,0,1,0,0,"Namai","","e3f2",,,,,True,8,"Aetheryte",0,,"",354,10231,460,124
108,"",0,"",0,0,1,0,0,"The House of the Fierce","","e3f2",,,,,True,8,"Aetheryte",0,,"",354,10207,420,125
109,"",0,"",0,0,1,0,0,"Reunion","","e3f3",,,,,True,8,"Aetheryte",0,,"",372,10357,234,126
110,"",0,"",0,0,1,0,0,"The Dawn Throne","","e3f3",,,,,True,8,"Aetheryte",0,,"",372,10291,174,127
111,"",0,"",0,0,1,0,0,"Kugane","Kugane Aetheryte Plaza","e3t1",,,,,True,8,"Aetheryte",7,,"",370,10900,630,121
112,"",0,"",0,0,1,0,0,"","Shiokaze Hostelry","e3t1",,,,,False,0,"Aetheryte",7,,"",0,0,0,0
113,"",0,"",0,0,1,0,0,"","Pier #1","e3t1",,,,,False,0,"Aetheryte",7,,"",0,0,0,0
114,"",0,"",0,0,1,0,0,"","Thavnairian Consulate","e3t1",,,,,False,0,"Aetheryte",7,,"",0,0,0,0
115,"",0,"",0,0,1,0,0,"","Kogane Dori Markets","e3t1",,,,,False,0,"Aetheryte",7,,"",0,0,0,0
116,"",0,"",0,0,1,0,0,"","Bokairo Inn","e3t1",,,,,False,0,"Aetheryte",7,,"",0,0,0,0
117,"",0,"",0,0,1,0,0,"","The Ruby Bazaar","e3t1",,,,,False,0,"Aetheryte",7,,"",0,0,0,0
118,"",0,"",0,0,1,0,0,"","Sekiseigumi Barracks","e3t1",,,,,False,0,"Aetheryte",7,,"",0,0,0,0
119,"",0,"",0,0,1,0,0,"","Rakuza District","e3t1",,,,,False,0,"Aetheryte",7,,"",0,0,0,0
120,"",0,"",0,0,1,0,0,"","The Ruby Price","e3f1","Level#9007413",,,,False,0,"Aetheryte",7,,,0,0,0,0
121,"",0,"",0,0,1,0,0,"","Western Rhalgr's Reach","g3t1",,,,,False,0,"Aetheryte",8,,"",0,0,0,0
122,"",0,"",0,0,1,0,0,"","Northeastern Rhalgr's Reach","g3t1",,,,,False,0,"Aetheryte",8,,"",0,0,0,0
123,"",0,"",0,0,1,0,0,"","Fringes Gate","g3f1","Level#6905273",,,,False,0,"Aetheryte",8,,"",0,0,0,0
124,"",0,"",0,0,1,0,0,"","Peaks Gate","g3f2","Level#6905297",,,,False,0,"Aetheryte",8,,,0,0,0,0
125,"",0,"",0,0,1,0,0,"","Sapphire Avenue Exchange","w1t2",,,,,False,0,"Aetheryte",3,,"",0,0,0,0
126,"",0,"",0,0,1,0,0,"","Airship Landing","e3t1","Level#7142917",,,,False,0,"Aetheryte",7,,"",370,0,0,0
127,"",0,"",0,0,1,0,0,"The Doman Enclave","Doman Enclave Aetheryte Plaza","e3ec",,,,,True,8,"Aetheryte",9,,"",463,10231,460,129
128,"",0,"",0,0,1,0,0,"Dhoro Iloh","","e3f3",,,,,True,8,"Aetheryte",0,,"",372,10291,174,128
129,"",0,"",0,0,1,0,0,"","The Northern Enclave","e3ec",,,,,False,0,"Aetheryte",9,,"",0,0,0,0
130,"",0,"",0,0,1,0,0,"","The Southern Enclave","e3ec",,,,,False,0,"Aetheryte",9,,"",0,0,0,0
131,"",0,"",0,0,1,0,0,"","The One River","e3f2","Level#7688379",,,,False,0,"Aetheryte",9,,"",0,0,0,0
132,"",0,"",0,0,1,0,0,"Fort Jobb","","n4f1",,,,,True,9,"AetheryteLakeland",0,,"",491,554,10487,203
133,"",0,"",0,0,1,0,0,"The Crystarium","The Crystarium Aetheryte Plaza","n4t1",,,,,True,9,"AetheryteCrystarium",10,,"",497,623,10560,201
134,"",0,"",0,0,1,0,0,"Eulmore","Eulmore Aetheryte Plaza","n4t2",,,,,True,9,"AetheryteEulmore",11,,"",555,170,10562,202
135,"",0,"",0,0,1,0,0,"","Southeast Derelicts","n4t2",,,,,False,0,"AetheryteEulmore",11,,"",498,0,0,0
136,"",0,"",0,0,1,0,0,"The Ostall Imperative","","n4f1",,,,,True,9,"AetheryteLakeland",0,,"",491,347,10462,204
137,"",0,"",0,0,1,0,0,"Stilltide","","n4f2",,,,,True,9,"Aetheryte",0,,"",492,254,10430,205
138,"",0,"",0,0,1,0,0,"Wright","","n4f2",,,,,True,9,"Aetheryte",0,,"",492,126,10440,206
139,"",0,"",0,0,1,0,0,"Tomra","","n4f2",,,,,True,9,"Aetheryte",0,,"",492,100,10303,207
140,"",0,"",0,0,1,0,0,"Mord Souq","","n4f3",,,,,True,9,"Aetheryte",0,,"",493,696,10737,208
141,"",0,"",0,0,1,0,0,"Twine","","n4f3",,,,,True,9,"Aetheryte",0,,"",493,589,10740,210
142,"",0,"",0,0,1,0,0,"Slitherbough","","n4f5",,,,,True,9,"Aetheryte",0,,"",495,475,10224,214
143,"",0,"",0,0,1,0,0,"Fanow","","n4f5",,,,,True,9,"Aetheryte",0,,"",495,544,10157,215
144,"",0,"",0,0,1,0,0,"Lydha Lran","","n4f4",,,,,True,9,"Aetheryte",0,,"",494,717,10344,211
145,"",0,"",0,0,1,0,0,"Pla Enni","","n4f4",,,,,True,9,"Aetheryte",0,,"",494,755,10152,212
146,"",0,"",0,0,1,0,0,"Wolekdorf","","n4f4",,,,,True,9,"Aetheryte",0,,"",494,818,10176,213
147,"",0,"",0,0,1,0,0,"The Ondo Cups","","n4f6",,,,,True,9,"Aetheryte",0,,"",496,333,10723,216
148,"",0,"",0,0,1,0,0,"The Macarenses Angle","","n4f6",,,,,True,9,"Aetheryte",0,,"",496,202,10776,217
149,"",0,"",0,0,1,0,0,"","Musica Universalis Markets","n4t1",,,,,False,0,"AetheryteCrystarium",10,,"",0,0,0,0
150,"",0,"",0,0,1,0,0,"","Temenos Rookery","n4t1",,,,,False,0,"AetheryteCrystarium",10,,"",0,0,0,0
151,"",0,"",0,0,1,0,0,"","The Dossal Gate","n4t1",,,,,False,0,"AetheryteCrystarium",10,,"",0,0,0,0
152,"",0,"",0,0,1,0,0,"","The Pendants","n4t1",,,,,False,0,"AetheryteCrystarium",10,,"",0,0,0,0
153,"",0,"",0,0,1,0,0,"","The Amaro Launch","n4t1",,,,,False,0,"AetheryteCrystarium",10,,"",0,0,0,0
154,"",0,"",0,0,1,0,0,"","The Crystalline Mean","n4t1",,,,,False,0,"AetheryteCrystarium",10,,"",0,0,0,0
155,"",0,"",0,0,1,0,0,"","The Cabinet of Curiosity","n4t1",,,,,False,0,"AetheryteCrystarium",10,,"",0,0,0,0
156,"",0,"",0,0,1,0,0,"","Tessellation (Lakeland)","n4f1","Level#8024098",,,,False,0,"AetheryteCrystarium",10,,"",0,0,0,0
157,"",0,"",0,0,1,0,0,"","The Mainstay","n4t2",,,,,False,0,"AetheryteEulmore",11,,"",0,0,0,0
158,"",0,"",0,0,1,0,0,"","Nightsoil Pots","n4t2",,,,,False,0,"AetheryteEulmore",11,,"",0,0,0,0
159,"",0,"",0,0,1,0,0,"","The Glory Gate","n4t2",,,,,False,0,"AetheryteEulmore",11,,"",0,0,0,0
160,"",0,"",0,0,1,0,0,"","The Path to Glory (Kholusia)","n4f2","Level#8024146",,,,False,0,"AetheryteEulmore",11,,"",0,0,0,0
161,"",0,"",0,0,1,0,0,"The Inn at Journey's Head","","n4f3",,,,,True,9,"Aetheryte",0,,"",493,713,10772,209
162,"",0,"",0,0,1,0,0,"","Ferry Docks","e3ec",,,,,False,0,"Aetheryte",9,,"",0,0,0,0
163,"",0,"",0,0,1,0,0,"","Gangos","n4ea","Level#8338141",,,,False,0,"Aetheryte",9,,,0,0,0,0
164,"",0,"",0,0,1,0,0,"Estate Hall (Free Company)","","r1h1",,,,,False,0,"Aetheryte",0,,"",679,0,0,0
165,"",0,"",0,0,1,0,0,"Estate Hall (Private)","","r1h1",,,,,False,0,"Aetheryte",0,,"",679,0,0,0
166,"",0,"",0,0,1,0,0,"The Archeion","","k5f1",,,,,True,10,"Aetheryte",0,,"",695,0,0,223
167,"",0,"",0,0,1,0,0,"Sharlayan Hamlet","","k5f1",,,,,True,10,"Aetheryte",0,,"",695,0,0,224
168,"",0,"",0,0,1,0,0,"Aporia","","k5f1",,,,,True,10,"Aetheryte",0,,"",695,0,0,225
169,"",0,"",0,0,1,0,0,"Yedlihmad","","m5f1",,,,,True,10,"Aetheryte",0,,"",696,0,0,142
170,"",0,"",0,0,1,0,0,"The Great Work","","m5f1",,,,,True,10,"Aetheryte",0,,"",696,0,0,143
171,"",0,"",0,0,1,0,0,"Palaka's Stand","","m5f1",,,,,True,10,"Aetheryte",0,,"",696,0,0,144
172,"",0,"",0,0,1,0,0,"Camp Broken Glass","","m5f2",,,,,True,10,"Aetheryte",0,,"",697,0,0,145
173,"",0,"",0,0,1,0,0,"Tertium","","m5f2",,,,,True,10,"AetheryteTertium",0,,"",697,0,0,146
174,"",0,"",0,0,1,0,0,"Sinus Lacrimarum","","u5f1",,,,,True,10,"Aetheryte",0,,"",698,0,0,226
175,"",0,"",0,0,1,0,0,"Bestways Burrow","","u5f1",,,,,True,10,"Aetheryte",0,,"",698,0,0,227
176,"",0,"",0,0,1,0,0,"Anagnorisis","","n5f1",,,,,True,10,"Aetheryte",0,,"",700,0,0,231
177,"",0,"",0,0,1,0,0,"The Twelve Wonders","","n5f1",,,,,True,10,"Aetheryte",0,,"",700,0,0,232
178,"",0,"",0,0,1,0,0,"Poieten Oikos","","n5f1",,,,,True,10,"Aetheryte",0,,"",700,0,0,233
179,"",0,"",0,0,1,0,0,"Reah Tahra","","u5f2",,,,,True,10,"Aetheryte",0,,"",699,0,0,228
180,"",0,"",0,0,1,0,0,"Abode of the Ea","","u5f2",,,,,True,10,"Aetheryte",0,,"",699,0,0,229
181,"",0,"",0,0,1,0,0,"Base Omicron","","u5f2",,,,,True,10,"Aetheryte",0,,"",699,0,0,230
182,"",0,"",0,0,1,0,0,"Old Sharlayan","Old Sharlayan Aetheryte Plaza","k5t1",,,,,True,10,"Aetheryte",12,,"",693,0,0,222
183,"",0,"",0,0,1,0,0,"Radz-at-Han","Radz-at-Han Aetheryte Plaza","m5t1",,,,,True,10,"AetheryteRadzathan",13,,"",694,0,0,141
184,"",0,"",0,0,1,0,0,"","The Studium","k5t1",,,,,False,0,"Aetheryte",12,,"",0,0,0,0
185,"",0,"",0,0,1,0,0,"","The Baldesion Annex","k5t1",,,,,False,0,"Aetheryte",12,,"",0,0,0,0
186,"",0,"",0,0,1,0,0,"","The Rostra","k5t1",,,,,False,0,"Aetheryte",12,,"",0,0,0,0
187,"",0,"",0,0,1,0,0,"","The Leveilleur Estate","k5t1",,,,,False,0,"Aetheryte",12,,"",0,0,0,0
188,"",0,"",0,0,1,0,0,"","Journey's End","k5t1",,,,,False,0,"Aetheryte",12,,"",0,0,0,0
189,"",0,"",0,0,1,0,0,"","Scholar's Harbor","k5t1",,,,,False,0,"Aetheryte",12,,"",0,0,0,0
190,"",0,"",0,0,1,0,0,"","The Hall of Artifice (Labyrinthos)","k5f1","Level#8992439",,,,False,0,"Aetheryte",12,,,0,0,0,0
191,"",0,"",0,0,1,0,0,"","Meghaduta","m5t1",,,,,False,0,"Aetheryte",13,,"",0,0,0,0
192,"",0,"",0,0,1,0,0,"","Ruveydah Fibers","m5t1",,,,,False,0,"Aetheryte",13,,"",0,0,0,0
193,"",0,"",0,0,1,0,0,"","Airship Landing","m5t1",,,,,False,0,"Aetheryte",13,,"",0,0,0,0
194,"",0,"",0,0,1,0,0,"","Alzadaal's Peace","m5t1",,,,,False,0,"Aetheryte",13,,"",0,0,0,0
195,"",0,"",0,0,1,0,0,"","Hall of the Radiant Host","m5t1",,,,,False,0,"Aetheryte",13,,"",0,0,0,0
196,"",0,"",0,0,1,0,0,"","Mehryde's Meyhane","m5t1",,,,,False,0,"Aetheryte",13,,"",0,0,0,0
197,"",0,"",0,0,1,0,0,"","The Gate of First Sight (Thavnair)","m5f1","Level#8992447",,,,False,0,"Aetheryte",13,,,0,0,0,0
198,"",0,"",0,0,1,0,0,"","Kama","m5t1",,,,,False,0,"Aetheryte",13,,"",0,0,0,0
199,"",0,"",0,0,1,0,0,"","The High Crucible of Al-Kimiya","m5t1",,,,,False,0,"Aetheryte",13,,"",0,0,0,0
200,"",0,"",0,0,1,0,0,"Wachunpelo","","y6f1",,,,,True,11,"Aetheryte",0,,"",857,0,0,162
201,"",0,"",0,0,1,0,0,"Worlar's Echo","","y6f1",,,,,True,11,"Aetheryte",0,,"",857,0,0,163
202,"",0,"",0,0,1,0,0,"Ok'hanu","","y6f2",,,,,True,11,"Aetheryte",0,,"",858,0,0,164
203,"",0,"",0,0,1,0,0,"Many Fires","","y6f2",,,,,True,11,"Aetheryte",0,,"",858,0,0,165
204,"",0,"",0,0,1,0,0,"Earthenshire","","y6f2",,,,,True,11,"Aetheryte",0,,"",858,0,0,166
205,"",0,"",0,0,1,0,0,"Iq Br'aax","","y6f3",,,,,True,11,"Aetheryte",0,,"",859,0,0,167
206,"",0,"",0,0,1,0,0,"Mamook","","y6f3",,,,,True,11,"Aetheryte",0,,"",859,0,0,168
207,"",0,"",0,0,1,0,0,"Hhusatahwi","","x6f1",,,,,True,11,"Aetheryte",0,,"",860,0,0,170
208,"",0,"",0,0,1,0,0,"Sheshenewezi Springs","","x6f1",,,,,True,11,"Aetheryte",0,,"",860,0,0,171
209,"",0,"",0,0,1,0,0,"Mehwahhetsoan","","x6f1",,,,,True,11,"Aetheryte",0,,"",860,0,0,172
210,"",0,"",0,0,1,0,0,"Yyasulani Station","","x6f2",,,,,True,11,"Aetheryte",0,,"",861,0,0,173
211,"",0,"",0,0,1,0,0,"The Outskirts","","x6f2",,,,,True,11,"Aetheryte",0,,"",861,0,0,174
212,"",0,"",0,0,1,0,0,"Electrope Strike","","x6f2",,,,,True,11,"Aetheryte",0,,"",861,0,0,175
213,"",0,"",0,0,1,0,0,"Leynode Mnemo","","x6f3",,,,,True,11,"Aetheryte",0,,"",862,0,0,234
214,"",0,"",0,0,1,0,0,"Leynode Pyro","","x6f3",,,,,True,11,"Aetheryte",0,,"",862,0,0,235
215,"",0,"",0,0,1,0,0,"Leynode Aero","","x6f3",,,,,True,11,"Aetheryte",0,,"",862,0,0,236
216,"",0,"",0,0,1,0,0,"Tuliyollal","Tuliyollal Aetheryte Plaza","y6t1",,,,,True,11,"Aetheryte",14,,"",855,0,0,161
217,"",0,"",0,0,1,0,0,"Solution Nine","Solution Nine Aetheryte Plaza","x6t1",,,,,True,11,"Aetheryte",15,,"",856,0,0,169
218,"",0,"",0,0,1,0,0,"","Dirigible Landing","y6t1",,,,,False,0,"Aetheryte",14,,"",0,0,0,0
219,"",0,"",0,0,1,0,0,"","The Resplendent Quarter","y6t1",,,,,False,0,"Aetheryte",14,,"",0,0,0,0
220,"",0,"",0,0,1,0,0,"","The For'ard Cabins","y6t1",,,,,False,0,"Aetheryte",14,,"",0,0,0,0
221,"",0,"",0,0,1,0,0,"","Bayside Bevy Marketplace","y6t1",,,,,False,0,"Aetheryte",14,,"",0,0,0,0
222,"",0,"",0,0,1,0,0,"","Vollok Shoonsa","y6t1",,,,,False,0,"Aetheryte",14,,"",0,0,0,0
223,"",0,"",0,0,1,0,0,"","Wachumeqimeqi","y6t1",,,,,False,0,"Aetheryte",14,,"",0,0,0,0
224,"",0,"",0,0,1,0,0,"","Brightploom Post","y6t1",,,,,False,0,"Aetheryte",14,,"",0,0,0,0
225,"",0,"",0,0,1,0,0,"","Arch of the Dawn (Urqopacha)","y6f1","Level#10653763",,,,False,0,"Aetheryte",14,,,0,0,0,0
226,"",0,"",0,0,1,0,0,"","Arch of the Dawn (Kozama'uka)","y6f2","Level#10653766",,,,False,0,"Aetheryte",14,,,0,0,0,0
227,"",0,"",0,0,1,0,0,"","Ihuykatumu (Kozama'uka)","y6f2","Level#10653769",,,,False,0,"Aetheryte",14,,,0,0,0,0
228,"",0,"",0,0,1,0,0,"","Dirigible Landing (Yak T'el)","y6f3","Level#10653771",,,,False,0,"Aetheryte",14,,,0,0,0,0
229,"",0,"",0,0,1,0,0,"","Xak Tural Skygate (Shaaloani)","x6f1","Level#10653772",,,,False,0,"Aetheryte",14,,,0,0,0,0
230,"",0,"",0,0,1,0,0,"","Information Center","x6t1",,,,,False,0,"Aetheryte",15,,"",0,0,0,0
231,"",0,"",0,0,1,0,0,"","True Vue","x6t1",,,,,False,0,"Aetheryte",15,,"",0,0,0,0
232,"",0,"",0,0,1,0,0,"","Neon Stein","x6t1",,,,,False,0,"Aetheryte",15,,"",0,0,0,0
233,"",0,"",0,0,1,0,0,"","The Arcadion","x6t1",,,,,False,0,"Aetheryte",15,,"",0,0,0,0
234,"",0,"",0,0,1,0,0,"","Resolution","x6t1",,,,,False,0,"Aetheryte",15,,"",0,0,0,0
235,"",0,"",0,0,1,0,0,"","Nexus Arcade","x6t1",,,,,False,0,"Aetheryte",15,,"",0,0,0,0
236,"",0,"",0,0,1,0,0,"","Residential Sector","x6t1",,,,,False,0,"Aetheryte",15,,"",0,0,0,0
237,"",0,"",0,0,1,0,0,"","Scanning Port Nine (Heritage Found)","x6f2","Level#10653802",,,,False,0,"Aetheryte",15,,"",0,0,0,0
