﻿key,0,1,2,3,4,5,6,7,8,9,10
#,CameraDistance,SampleInterval,BoneLOD,AnimationEnable[0],AnimationEnable[1],AnimationEnable[2],AnimationEnable[3],AnimationEnable[4],AnimationEnable[5],AnimationEnable[6],AnimationEnable[7]
int32,single,single,sbyte,bool,bool,bool,bool,bool,bool,bool,bool
0,30,1,0,True,True,True,True,True,True,True,True
1,50,2,1,False,True,False,True,True,True,True,True
2,100,3,2,False,False,False,False,False,True,True,True
3,200,3,2,False,False,False,False,False,True,True,True
4,0,1,0,True,True,True,True,True,True,True,True
5,0,15,0,True,True,True,True,True,True,True,True
