﻿key,0,1,2
#,,,
int32,uint32,uint16,str
0,1047135,151,"Each shop in Wachumeqimeqi has a list of requested deliveries. <UIForeground>F201FA</UIForeground><UIGlow>F201FB</UIGlow>XRral Soj Metalwares<UIGlow>01</UIGlow><UIForeground>01</UIForeground> will accept items from <UIForeground>F201FA</UIForeground><UIGlow>F201FB</UIGlow>blacksmiths<UIGlow>01</UIGlow><UIForeground>01</UIForeground>, <UIForeground>F201FA</UIForeground><UIGlow>F201FB</UIGlow>armorers<UIGlow>01</UIGlow><UIForeground>01</UIForeground>, and <UIForeground>F201FA</UIForeground><UIGlow>F201FB</UIGlow>goldsmiths<UIGlow>01</UIGlow><UIForeground>01</UIForeground>. The items requested will vary according to your level, and may be crafted by any of the corresponding classes. To begin the crafting process, select <UIForeground>F201F4</UIForeground><UIGlow>F201F5</UIGlow>Logs<UIGlow>01</UIGlow><UIForeground>01</UIForeground> from the main menu, followed by <UIForeground>F201F4</UIForeground><UIGlow>F201F5</UIGlow>Crafting Log<UIGlow>01</UIGlow><UIForeground>01</UIForeground>. Next, select <UIForeground>F201F4</UIForeground><UIGlow>F201F5</UIGlow>Special Recipes<UIGlow>01</UIGlow><UIForeground>01</UIForeground> from within the requisite crafting discipline, then <UIForeground>F201F4</UIForeground><UIGlow>F201F5</UIGlow>Class<UIGlow>01</UIGlow><UIForeground>01</UIForeground>, and lastly <UIForeground>F201F4</UIForeground><UIGlow>F201F5</UIGlow>Wachumeqimeqi<UIGlow>01</UIGlow><UIForeground>01</UIForeground> to locate the desired recipe. The esteem gauge will build with each successful delivery. Fill the gauge completely and your <UIForeground>F201F4</UIForeground><UIGlow>F201F5</UIGlow>esteem level<UIGlow>01</UIGlow><UIForeground>01</UIForeground> will increase, allowing you to progress through the story.

Wachumeqimeqi Deliveries take the form of collectables, and you are able to submit multiple items simultaneously. Items with a higher collectability do not result in a larger increase in esteem, but you will receive greater rewards upon delivery."
1,1047120,152,"Each shop in Wachumeqimeqi has a list of requested deliveries. <UIForeground>F201FA</UIForeground><UIGlow>F201FB</UIGlow>Epistles by Pameka<UIGlow>01</UIGlow><UIForeground>01</UIForeground> will accept items from <UIForeground>F201FA</UIForeground><UIGlow>F201FB</UIGlow>carpenters<UIGlow>01</UIGlow><UIForeground>01</UIForeground>, <UIForeground>F201FA</UIForeground><UIGlow>F201FB</UIGlow>leatherworkers<UIGlow>01</UIGlow><UIForeground>01</UIForeground>, and <UIForeground>F201FA</UIForeground><UIGlow>F201FB</UIGlow>weavers<UIGlow>01</UIGlow><UIForeground>01</UIForeground>. The items requested will vary according to your level, and may be crafted by any of the corresponding classes. To begin the crafting process, select <UIForeground>F201F4</UIForeground><UIGlow>F201F5</UIGlow>Logs<UIGlow>01</UIGlow><UIForeground>01</UIForeground> from the main menu, followed by <UIForeground>F201F4</UIForeground><UIGlow>F201F5</UIGlow>Crafting Log<UIGlow>01</UIGlow><UIForeground>01</UIForeground>. Next, select <UIForeground>F201F4</UIForeground><UIGlow>F201F5</UIGlow>Special Recipes<UIGlow>01</UIGlow><UIForeground>01</UIForeground> from within the requisite crafting discipline, then <UIForeground>F201F4</UIForeground><UIGlow>F201F5</UIGlow>Class<UIGlow>01</UIGlow><UIForeground>01</UIForeground>, and lastly <UIForeground>F201F4</UIForeground><UIGlow>F201F5</UIGlow>Wachumeqimeqi<UIGlow>01</UIGlow><UIForeground>01</UIForeground> to locate the desired recipe. The esteem gauge will build with each successful delivery. Fill the gauge completely and your <UIForeground>F201F4</UIForeground><UIGlow>F201F5</UIGlow>esteem level<UIGlow>01</UIGlow><UIForeground>01</UIForeground> will increase, allowing you to progress through the story.

Wachumeqimeqi Deliveries take the form of collectables, and you are able to submit multiple items simultaneously. Items with a higher collectability do not result in a larger increase in esteem, but you will receive greater rewards upon delivery."
2,1047109,153,"Each shop in Wachumeqimeqi has a list of requested deliveries. <UIForeground>F201FA</UIForeground><UIGlow>F201FB</UIGlow>Xeerol Ja Juicecraft<UIGlow>01</UIGlow><UIForeground>01</UIForeground> will accept items from <UIForeground>F201FA</UIForeground><UIGlow>F201FB</UIGlow>culinarians<UIGlow>01</UIGlow><UIForeground>01</UIForeground> and <UIForeground>F201FA</UIForeground><UIGlow>F201FB</UIGlow>alchemists<UIGlow>01</UIGlow><UIForeground>01</UIForeground>. The items requested will vary according to your level, and may be crafted by either of the corresponding classes. To begin the crafting process, select <UIForeground>F201F4</UIForeground><UIGlow>F201F5</UIGlow>Logs<UIGlow>01</UIGlow><UIForeground>01</UIForeground> from the main menu, followed by <UIForeground>F201F4</UIForeground><UIGlow>F201F5</UIGlow>Crafting Log<UIGlow>01</UIGlow><UIForeground>01</UIForeground>. Next, select <UIForeground>F201F4</UIForeground><UIGlow>F201F5</UIGlow>Special Recipes<UIGlow>01</UIGlow><UIForeground>01</UIForeground> from within the requisite crafting discipline, then <UIForeground>F201F4</UIForeground><UIGlow>F201F5</UIGlow>Class<UIGlow>01</UIGlow><UIForeground>01</UIForeground>, and lastly <UIForeground>F201F4</UIForeground><UIGlow>F201F5</UIGlow>Wachumeqimeqi<UIGlow>01</UIGlow><UIForeground>01</UIForeground> to locate the desired recipe. The esteem gauge will build with each successful delivery. Fill the gauge completely and your <UIForeground>F201F4</UIForeground><UIGlow>F201F5</UIGlow>esteem level<UIGlow>01</UIGlow><UIForeground>01</UIForeground> will increase, allowing you to progress through the story.

Wachumeqimeqi Deliveries take the form of collectables, and you are able to submit multiple items simultaneously. Items with a higher collectability do not result in a larger increase in esteem, but you will receive greater rewards upon delivery."
3,1047132,154,"Each shop in Wachumeqimeqi has a list of requested deliveries. <UIForeground>F201FA</UIForeground><UIGlow>F201FB</UIGlow>Shunye's Apothecary<UIGlow>01</UIGlow><UIForeground>01</UIForeground> will accept items from <UIForeground>F201FA</UIForeground><UIGlow>F201FB</UIGlow>miners<UIGlow>01</UIGlow><UIForeground>01</UIForeground> and <UIForeground>F201FA</UIForeground><UIGlow>F201FB</UIGlow>botanists<UIGlow>01</UIGlow><UIForeground>01</UIForeground>. The items requested will vary according to your level, and may be gathered by either of the corresponding classes. The esteem gauge will build with each successful delivery. Fill the gauge completely and your <UIForeground>F201F4</UIForeground><UIGlow>F201F5</UIGlow>esteem level<UIGlow>01</UIGlow><UIForeground>01</UIForeground> will increase, allowing you to progress through the story.

Wachumeqimeqi Deliveries take the form of collectables, and you are able to submit multiple items simultaneously. Items with a higher collectability do not result in a larger increase in esteem, but you will receive greater rewards upon delivery."
4,1047097,155,"Each shop in Wachumeqimeqi has a list of requested deliveries. <UIForeground>F201FA</UIForeground><UIGlow>F201FB</UIGlow>Fish Fancies Donuhanu<UIGlow>01</UIGlow><UIForeground>01</UIForeground> will accept items from <UIForeground>F201FA</UIForeground><UIGlow>F201FB</UIGlow>fishers<UIGlow>01</UIGlow><UIForeground>01</UIForeground>. The items requested will vary according to your level. The esteem gauge will build with each successful delivery. Fill the gauge completely and your <UIForeground>F201F4</UIForeground><UIGlow>F201F5</UIGlow>esteem level<UIGlow>01</UIGlow><UIForeground>01</UIForeground> will increase, allowing you to progress through the story.

Wachumeqimeqi Deliveries take the form of collectables, and you are able to submit multiple items simultaneously. Items with a higher collectability do not result in a larger increase in esteem, but you will receive greater rewards upon delivery."
