﻿key,0,1,2,3,4
#,,,,,
int32,uint16,uint16,uint16,uint16,str
0,0,0,0,0,"Custom"
1,1,1,1,2,"Basic"
2,2,3,1,3,"Modern"
3,10,10,1,4,"Classical"
4,7,10,1,5,"Illuminated"
5,3,11,8,6,"Decorated"
6,8,1,1,1,"Aetherial"
7,7,7,1,7,"Journal"
8,4,9,5,8,"Tank"
9,6,9,7,9,"Healer"
10,5,9,6,10,"DPS"
11,52,12,12,2000,"Paladin (Simple)"
12,53,13,13,2001,"Warrior (Simple)"
13,54,14,14,2002,"Dark Knight (Simple)"
14,55,15,15,2003,"Gunbreaker (Simple)"
15,56,16,16,2004,"White Mage (Simple)"
16,57,17,17,2005,"Scholar (Simple)"
17,58,18,18,2006,"Astrologian (Simple)"
18,59,19,19,2007,"Sage (Simple)"
19,60,20,20,2008,"Monk (Simple)"
20,61,21,21,2009,"Dragoon (Simple)"
21,62,22,22,2010,"Ninja (Simple)"
22,63,23,23,2011,"Samurai (Simple)"
23,64,24,24,2012,"Reaper (Simple)"
24,65,25,25,2014,"Bard (Simple)"
25,66,26,26,2015,"Machinist (Simple)"
26,67,27,27,2016,"Dancer (Simple)"
27,68,28,28,2017,"Black Mage (Simple)"
28,69,29,29,2018,"Summoner (Simple)"
29,70,30,30,2019,"Red Mage (Simple)"
30,11,12,12,2050,"Paladin (Ornate)"
31,12,13,13,2051,"Warrior (Ornate)"
32,13,14,14,2052,"Dark Knight (Ornate)"
33,14,15,15,2053,"Gunbreaker (Ornate)"
34,15,16,16,2054,"White Mage (Ornate)"
35,16,17,17,2055,"Scholar (Ornate)"
36,17,18,18,2056,"Astrologian (Ornate)"
37,18,19,19,2057,"Sage (Ornate)"
38,19,20,20,2058,"Monk (Ornate)"
39,20,21,21,2059,"Dragoon (Ornate)"
40,21,22,22,2060,"Ninja (Ornate)"
41,22,23,23,2061,"Samurai (Ornate)"
42,23,24,24,2062,"Reaper (Ornate)"
43,24,25,25,2064,"Bard (Ornate)"
44,25,26,26,2065,"Machinist (Ornate)"
45,26,27,27,2067,"Dancer (Ornate)"
46,27,28,28,2068,"Black Mage (Ornate)"
47,28,29,29,2069,"Summoner (Ornate)"
48,29,30,30,2070,"Red Mage (Ornate)"
49,30,31,31,3000,"Team Astra"
50,31,32,32,3001,"Team Umbra"
51,41,42,42,4000,"Companion 1"
52,42,43,43,4001,"Companion 2"
53,86,44,44,2500,"Unending Coil of Bahamut"
54,87,45,45,2501,"Weapon's Refrain"
55,88,46,46,2502,"Epic of Alexander"
56,89,47,47,2503,"Dragonsong's Reprise"
57,32,33,33,3200,"Final Conflict 1"
58,33,34,34,3201,"Endless Conflict 1"
59,34,35,35,3202,"Rising Conflict 1"
60,35,36,36,3208,"Bronze Conflict 1"
61,36,37,37,3207,"Silver Conflict 1"
62,37,38,38,3206,"Gold Conflict 1"
63,38,39,39,3205,"Platinum Conflict 1"
64,39,40,40,3204,"Diamond Conflict 1"
65,40,41,41,3203,"Crystal Conflict 1"
66,90,48,48,3209,"Final Conflict 2"
67,91,49,49,3210,"Endless Conflict 2"
68,92,50,50,3211,"Rising Conflict 2"
69,93,51,51,3217,"Bronze Conflict 2"
70,94,52,52,3216,"Silver Conflict 2"
71,95,53,53,3215,"Gold Conflict 2"
72,96,54,54,3214,"Platinum Conflict 2"
73,97,55,55,3213,"Diamond Conflict 2"
74,98,56,56,3212,"Crystal Conflict 2"
75,99,57,57,3218,"Final Conflict 3"
76,100,58,58,3219,"Endless Conflict 3"
77,101,59,59,3220,"Rising Conflict 3"
78,102,60,60,3226,"Bronze Conflict 3"
79,103,61,61,3225,"Silver Conflict 3"
80,104,62,62,3224,"Gold Conflict 3"
81,105,63,63,3223,"Platinum Conflict 3"
82,106,64,64,3222,"Diamond Conflict 3"
83,107,65,65,3221,"Crystal Conflict 3"
84,108,66,66,3002,"Azure Conflict"
85,109,67,67,3003,"Crimson Conflict"
86,110,68,68,2400,"Sil'dihn Subterrane (Variant)"
87,111,1,69,2315,"Last Dregs"
88,119,70,75,11,"Circular Geometry"
89,116,69,74,12,"Comic"
90,125,76,1,13,"Common Grey (NQ)"
91,126,76,1,14,"Rare Pink (NQ)"
92,127,76,1,15,"Plundered Green (NQ)"
93,128,76,1,16,"Exceptional Blue (NQ)"
94,129,76,1,17,"Legendary Purple (NQ)"
95,125,77,1,18,"Common Grey (HQ)"
96,126,77,1,19,"Rare Pink (HQ)"
97,127,77,1,20,"Plundered Green (HQ)"
98,128,77,1,21,"Exceptional Blue (HQ)"
99,129,77,1,22,"Legendary Purple (HQ)"
100,123,1,76,23,"Music"
101,115,1,73,24,"Café"
102,133,78,81,3227,"Final Conflict 4"
103,134,79,82,3228,"Endless Conflict 4"
104,135,80,83,3229,"Rising Conflict 4"
105,136,81,84,3230,"Crystal Conflict 4"
106,137,82,85,3231,"Diamond Conflict 4"
107,138,83,86,3232,"Platinum Conflict 4"
108,139,84,87,3233,"Gold Conflict 4"
109,140,85,88,3234,"Silver Conflict 4"
110,141,86,89,3235,"Bronze Conflict 4"
111,142,87,90,3236,"Final Conflict 5"
112,143,88,91,3237,"Endless Conflict 5"
113,144,89,92,3238,"Rising Conflict 5"
114,145,90,93,3239,"Crystal Conflict 5"
115,146,91,94,3240,"Diamond Conflict 5"
116,147,92,95,3241,"Platinum Conflict 5"
117,148,93,96,3242,"Gold Conflict 5"
118,149,94,97,3243,"Silver Conflict 5"
119,150,95,98,3244,"Bronze Conflict 5"
120,151,96,99,3004,"Falcons"
121,152,97,100,3005,"Ravens"
122,153,1,101,2311,"Dreamspinners"
123,154,1,102,2312,"Stewards"
124,155,1,103,2313,"Watts's Anvil"
125,156,1,104,2314,"Hippo Riders"
126,157,1,105,2316,"Dreaming Ways"
127,158,98,106,2504,"Omega Protocol"
128,159,1,107,2354,"Eureka Orthos"
129,160,1,108,2355,"Enaretos"
130,161,99,1,2251,"Four Lords"
131,162,100,109,2340,"Island Vacation"
132,163,101,110,2341,"Island Memories"
133,164,102,111,3245,"Final Conflict 6"
134,165,103,112,3246,"Endless Conflict 6"
135,166,104,113,3247,"Rising Conflict 6"
136,167,105,114,3248,"Crystal Conflict 6"
137,168,106,115,3249,"Diamond Conflict 6"
138,169,107,116,3250,"Platinum Conflict 6"
139,170,108,117,3251,"Gold Conflict 6"
140,171,109,118,3252,"Silver Conflict 6"
141,172,110,119,3253,"Bronze Conflict 6"
142,173,111,120,3254,"Final Conflict 7"
143,174,112,121,3255,"Endless Conflict 7"
144,175,113,122,3256,"Rising Conflict 7"
145,176,114,123,3257,"Crystal Conflict 7"
146,177,115,124,3258,"Diamond Conflict 7"
147,178,116,125,3259,"Platinum Conflict 7"
148,179,117,126,3260,"Gold Conflict 7"
149,180,118,127,3261,"Silver Conflict 7"
150,181,119,128,3262,"Bronze Conflict 7"
151,182,120,129,3006,"Aramitama"
152,183,121,130,3007,"Nigimitama"
153,184,1,131,2308,"Divine Circle"
154,185,1,132,2309,"Velodyna Gatekeepers"
155,186,1,133,2310,"Seven Hundred Seventy-Seven"
156,71,122,134,2021,"Blue Mage (Simple)"
157,187,122,134,2072,"Blue Mage (Ornate)"
158,188,128,1,2250,"End of an Era"
159,189,123,135,3950,"Ten Year Anniversary"
160,190,124,136,2401,"Mount Rokkon (Variant)"
161,191,125,137,2342,"Adventurous Angling"
162,192,126,138,2343,"Big Fish"
163,193,127,139,2350,"Mahjong Mastery"
164,194,129,140,3008,"Palaistra"
165,195,130,141,3009,"Cloud Nine"
166,196,131,142,3263,"Final Conflict 8"
167,197,132,143,3264,"Endless Conflict 8"
168,198,133,144,3265,"Rising Conflict 8"
169,199,134,145,3266,"Crystal Conflict 8"
170,200,135,146,3267,"Diamond Conflict 8"
171,201,136,147,3268,"Platinum Conflict 8"
172,202,137,148,3269,"Gold Conflict 8"
173,203,138,149,3270,"Silver Conflict 8"
174,204,139,150,3271,"Bronze Conflict 8"
175,205,140,151,3272,"Final Conflict 9"
176,206,141,152,3273,"Endless Conflict 9"
177,207,142,153,3274,"Rising Conflict 9"
178,208,143,154,3275,"Crystal Conflict 9"
179,209,144,155,3276,"Diamond Conflict 9"
180,210,145,156,3277,"Platinum Conflict 9"
181,211,146,157,3278,"Gold Conflict 9"
182,212,147,158,3279,"Silver Conflict 9"
183,213,148,159,3280,"Bronze Conflict 9"
184,214,149,160,3281,"Final Conflict 10"
185,215,150,161,3282,"Endless Conflict 10"
186,216,151,162,3283,"Rising Conflict 10"
187,217,152,163,3284,"Crystal Conflict 10"
188,218,153,164,3285,"Diamond Conflict 10"
189,219,154,165,3286,"Platinum Conflict 10"
190,220,155,166,3287,"Gold Conflict 10"
191,221,156,167,3288,"Silver Conflict 10"
192,222,157,168,3289,"Bronze Conflict 10"
193,223,1,169,2305,"Gundu"
194,224,1,170,2306,"Vath"
195,225,1,171,2307,"Mogmenders"
196,226,158,172,2252,"Halone's Blessing"
197,226,158,173,2253,"Menphina's Blessing"
198,226,158,174,2254,"Thaliak's Blessing"
199,226,158,175,2255,"Nymeia's Blessing"
200,226,158,176,2256,"Llymlaen's Blessing"
201,226,158,177,2257,"Oschon's Blessing"
202,226,158,178,2258,"Byregot's Blessing"
203,226,158,179,2259,"Rhalgr's Blessing"
204,226,158,180,2260,"Azeyma's Blessing"
205,226,158,181,2261,"Nald'thal's Blessing"
206,226,158,182,2262,"Nophica's Blessing"
207,226,158,183,2263,"Althyk's Blessing"
208,227,159,184,2402,"Aloalo Island (Variant)"
209,228,160,185,2351,"Wondrous Whimsy"
210,229,161,186,2352,"Fantastic Faux"
211,230,162,187,3951,"Blunderful"
212,231,163,188,3952,"Blunderous"
213,232,164,189,3953,"Blunder-villed"
214,233,165,190,3954,"Yo-kai Watch"
215,234,166,191,2013,"Viper (Simple)"
216,235,166,191,2063,"Viper (Ornate)"
217,236,167,192,2020,"Pictomancer (Simple)"
218,237,167,192,2071,"Pictomancer (Ornate)"
219,238,168,193,3010,"Volcanic Heart"
220,239,169,194,3011,"Clockwork Castletown"
221,240,170,195,3290,"Final Conflict 11"
222,241,171,196,3291,"Endless Conflict 11"
223,242,172,197,3292,"Rising Conflict 11"
224,243,173,198,3293,"Crystal Conflict 11"
225,244,174,199,3294,"Diamond Conflict 11"
226,245,175,200,3295,"Platinum Conflict 11"
227,246,176,201,3296,"Gold Conflict 11"
228,247,177,202,3297,"Silver Conflict 11"
229,248,178,203,3298,"Bronze Conflict 11"
230,249,1,204,2302,"789th Order"
231,250,1,205,2301,"Little Solace"
232,251,1,206,2300,"Brotherhood of Ash"
233,252,1,207,2303,"Novv's Clutch"
234,253,1,208,2304,"Ehcatl Nine"
235,254,179,209,1000,"Crimson Dawn"
236,255,180,210,1001,"Golden Dawn"
237,256,181,211,1002,"Dark Solution"
238,257,182,212,1003,"Bright Solution"
239,0,0,0,0,""
240,0,0,0,0,""
