﻿key,0
#,
int32,str
0,""
1,"Obtained from gladiator quest progression."
2,"Obtained from marauder quest progression."
3,"Obtained from conjurer quest progression."
4,"Obtained from pugilist quest progression."
5,"Obtained from lancer quest progression."
6,"Obtained from rogue quest progression."
7,"Obtained from archer quest progression."
8,"Obtained from thaumaturge quest progression."
9,"Obtained from arcanist quest progression."
10,"Obtained from carpenter quest progression."
11,"Obtained from blacksmith quest progression."
12,"Obtained from armorer quest progression."
13,"Obtained from goldsmith quest progression."
14,"Obtained from leatherworker quest progression."
15,"Obtained from weaver quest progression."
16,"Obtained from alchemist quest progression."
17,"Obtained from culinarian quest progression."
18,"Obtained from miner quest progression."
19,"Obtained from botanist quest progression."
20,"Obtained from fisher quest progression."
21,"Obtained from paladin quest progression."
22,"Obtained from warrior quest progression."
23,"Obtained from dark knight quest progression."
24,"Obtained from gunbreaker quest progression."
25,"Obtained from white mage quest progression."
26,"Obtained from scholar quest progression."
27,"Obtained from astrologian quest progression."
28,"Obtained from sage quest progression."
29,"Obtained from monk quest progression."
30,"Obtained from dragoon quest progression."
31,"Obtained from ninja quest progression."
32,"Obtained from samurai quest progression."
33,"Obtained from reaper quest progression."
34,"Obtained from bard quest progression."
35,"Obtained from machinist quest progression."
36,"Obtained from dancer quest progression."
37,"Obtained from black mage quest progression."
38,"Obtained from summoner quest progression."
39,"Obtained from red mage quest progression."
40,"Obtained from blue mage quest progression."
41,"Obtained from Seventh Umbral Era main scenario quest progression."
42,"Obtained from Heavensward main scenario quest progression."
43,"Obtained from Stormblood main scenario quest progression."
44,"Obtained from Shadowbringers main scenario quest progression."
45,"Obtained from Endwalker main scenario quest progression."
46,"Obtained from A Realm Reborn allied society quest progression."
47,"Obtained from Heavensward allied society quest progression."
48,"Obtained from Stormblood allied society quest progression."
49,"Obtained from Shadowbringers allied society quest progression."
50,"Obtained from Endwalker allied society quest progression."
51,"Obtained from A Realm Reborn sidequest progression."
52,"Obtained from Heavensward sidequest progression."
53,"Obtained from Stormblood sidequest progression."
54,"Obtained from Shadowbringers sidequest progression."
55,"Obtained from Endwalker sidequest progression."
56,""
57,""
58,""
59,""
60,""
61,"Obtained by unlocking the relevant Ultimate raid from A Realm Reborn."
62,"Obtained by unlocking the relevant Ultimate raid from Heavensward."
63,"Obtained by unlocking the relevant Ultimate raid from Stormblood."
64,"Obtained by unlocking the relevant Ultimate raid from Shadowbringers."
65,"Obtained by unlocking the relevant Ultimate raid from Endwalker."
66,"Obtained by clearing the relevant dungeon from A Realm Reborn."
67,"Obtained by clearing the relevant dungeon from Heavensward."
68,"Obtained by clearing the relevant dungeon from Stormblood."
69,"Obtained by clearing the relevant dungeon from Shadowbringers."
70,"Obtained by clearing the relevant dungeon from Endwalker."
71,"Obtained by completing the relevant trial from A Realm Reborn."
72,"Obtained by completing the relevant trial from Heavensward."
73,"Obtained by completing the relevant trial from Stormblood."
74,"Obtained by completing the relevant trial from Shadowbringers."
75,"Obtained by completing the relevant trial from Endwalker."
76,"Obtained from A Realm Reborn: Chronicles of a New Era quest progression."
77,"Obtained from Heavensward: Chronicles of a New Era quest progression."
78,"Obtained from Stormblood: Chronicles of a New Era quest progression."
79,"Obtained from Shadowbringers: Chronicles of a New Era quest progression."
80,"Obtained from Endwalker: Chronicles of a New Era quest progression."
81,"Obtained by completing the relevant alliance raid from A Realm Reborn."
82,"Obtained by completing the relevant alliance raid from Heavensward."
83,"Obtained by completing the relevant alliance raid from Stormblood."
84,"Obtained by completing the relevant alliance raid from Shadowbringers."
85,"Obtained by completing the relevant alliance raid from Endwalker."
86,"Obtained from viper quest progression."
87,"Obtained from pictomancer quest progression."
88,"Obtained from Dawntrail main scenario quest progression."
89,"Obtained from Dawntrail allied society quest progression."
90,"Obtained from Dawntrail sidequest progression."
91,"Obtained by unlocking the relevant Ultimate raid from Dawntrail."
92,"Obtained by clearing the relevant dungeon from Dawntrail."
93,"Obtained by completing the relevant trial from Dawntrail."
94,"Obtained from Dawntrail: Chronicles of a New Era quest progression."
95,"Obtained by completing the relevant alliance raid from Dawntrail."
