﻿key,0,1,2,3,4,5,6
#,File,Priority,DisableRestartTimeOut,DisableRestart,PassEnd,DisableRestartResetTime,SpecialMode
int32,str,byte,bit&01,bit&02,bit&04,single,byte
0,"",0,False,False,True,90,0
1,"music/ffxiv/BGM_Null.scd",0,False,False,True,90,0
2,"music/ffxiv/BGM_System_Title.scd",1,False,False,True,90,0
3,"music/ffxiv/BGM_System_Launcher.scd",1,False,False,True,90,0
4,"music/ffxiv/BGM_System_Chara.scd",1,False,False,True,90,0
5,"music/ffxiv/BGM_Town_Rest_01.scd",1,False,False,True,90,0
6,"music/ffxiv/BGM_Town_Gri_Day.scd",1,False,False,True,90,0
7,"music/ffxiv/BGM_Town_Gri_Night.scd",1,False,False,True,90,0
8,"music/ffxiv/BGM_Field_Gri_01.scd",1,True,True,False,90,0
9,"music/ffxiv/BGM_Field_Gri_02.scd",1,False,True,True,35,0
10,"music/ffxiv/BGM_Field_Gri_03.scd",1,False,True,True,120,0
11,"music/ffxiv/BGM_Field_Gri_04.scd",1,False,True,True,120,0
12,"music/ffxiv/BGM_Field_Gri_05.scd",1,False,True,True,120,0
13,"music/ffxiv/BGM_Battle_Gri_01.scd",2,False,False,True,90,0
14,"music/ffxiv/BGM_Leves.scd",1,False,False,True,90,0
15,"music/ffxiv/BGM_Dungeon_Gri_01.scd",1,True,True,False,90,0
16,"music/ffxiv/BGM_Battle_Dungeon_01.scd",2,False,False,True,90,0
17,"music/ffxiv/BGM_Rade_01.scd",1,False,False,True,90,1
18,"music/ffxiv/BGM_System_WinLoop.scd",1,False,False,True,90,0
19,"music/ffxiv/BGM_Event_OP01.scd",1,False,False,True,90,0
20,"music/ffxiv/BGM_System_WinShot_01.scd",1,False,False,True,90,0
21,"music/ffxiv/BGM_System_WinShot_02.scd",1,False,False,True,90,0
22,"music/ffxiv/BGM_System_WinShot_03.scd",1,False,False,True,90,0
23,"music/ffxiv/BGM_System_WinShot_04.scd",1,False,False,True,90,0
24,"music/ffxiv/BGM_Field_Gri_06.scd",1,False,True,True,120,0
25,"music/ffxiv/BGM_Town_Lim_Day.scd",1,False,False,True,90,0
26,"music/ffxiv/BGM_Town_Lim_Night.scd",1,False,False,True,90,0
27,"music/ffxiv/BGM_Field_Lim_01.scd",1,True,True,False,90,0
28,"music/ffxiv/BGM_Field_Lim_02.scd",1,False,True,True,120,0
29,"music/ffxiv/BGM_Field_Lim_03.scd",1,False,True,True,120,0
30,"music/ffxiv/BGM_Field_Lim_04.scd",1,False,True,True,120,0
31,"music/ffxiv/BGM_Field_Lim_05.scd",1,False,True,True,45,0
32,"music/ffxiv/BGM_Field_Lim_06.scd",1,False,True,True,120,0
33,"music/ffxiv/BGM_Battle_Lim_01.scd",1,False,False,True,90,0
34,"music/ffxiv/BGM_Leves_Lim_01.scd",1,False,False,True,90,0
35,"music/ffxiv/BGM_Dungeon_Lim_01.scd",1,True,True,False,90,0
36,"music/ffxiv/BGM_Boss_01.scd",1,False,False,True,90,0
37,"music/ffxiv/BGM_Boss_02.scd",1,False,False,True,90,0
38,"music/ffxiv/BGM_Boss_03.scd",1,False,False,True,90,0
39,"music/ffxiv/BGM_Boss_04.scd",1,False,False,True,90,0
40,"music/ffxiv/BGM_Behest.scd",1,False,False,True,90,0
41,"music/ffxiv/BGM_Dungeon_Gri_02.scd",1,True,True,False,90,0
42,"music/ffxiv/BGM_Dungeon_Gri_03.scd",1,True,True,False,90,0
43,"music/ffxiv/BGM_Dungeon_Lim_02.scd",1,True,True,False,90,0
44,"music/ffxiv/BGM_Town_Uru_Day.scd",1,False,False,True,90,0
45,"music/ffxiv/BGM_Town_Uru_Night.scd",1,False,False,True,90,0
46,"music/ffxiv/BGM_Field_Uru_01.scd",1,True,True,False,90,0
47,"music/ffxiv/BGM_Field_Uru_02.scd",1,False,True,True,120,0
48,"music/ffxiv/BGM_Field_Uru_03.scd",1,False,True,True,120,0
49,"music/ffxiv/BGM_Field_Uru_04.scd",1,False,True,True,25,0
50,"music/ffxiv/BGM_Field_Uru_05.scd",1,False,True,True,120,0
51,"music/ffxiv/BGM_Field_Uru_06.scd",1,False,True,True,120,0
52,"music/ffxiv/BGM_Battle_Uru_01.scd",1,False,False,True,90,0
53,"music/ffxiv/BGM_Dungeon_Uru_01.scd",1,True,True,False,90,0
54,"music/ffxiv/BGM_Dungeon_Uru_02.scd",1,True,True,False,90,0
55,"music/ffxiv/BGM_Field_Safe1.scd",1,False,True,True,105,0
56,"music/ffxiv/BGM_Field_Safe2.scd",1,True,True,True,105,0
57,"music/ffxiv/BGM_Field_Danger1.scd",1,False,True,True,90,0
58,"music/ffxiv/BGM_Field_Danger2.scd",1,False,True,True,90,0
59,"music/ffxiv/BGM_Field_Danger3.scd",1,False,True,False,90,0
60,"music/ffxiv/BGM_Field_Mor_01.scd",1,False,True,True,120,0
61,"music/ffxiv/BGM_Ride_RChocobo.scd",1,False,False,True,90,2
62,"music/ffxiv/BGM_Ride_Chocobo.scd",1,False,False,True,90,2
63,"music/ffxiv/BGM_Company_Gri.scd",1,False,False,True,90,0
64,"music/ffxiv/BGM_Company_Lim.scd",1,False,False,True,90,0
65,"music/ffxiv/BGM_Company_Uru.scd",1,False,False,True,90,0
66,"music/ffxiv/BGM_Field_Suna.scd",1,False,False,True,90,0
67,"music/ffxiv/BGM_Leves_Easy.scd",1,False,False,True,90,0
68,"music/ffxiv/BGM_Fate_Kyoten.scd",1,False,False,True,90,0
69,"music/ffxiv/BGM_Fate_Bouei.scd",1,False,False,True,90,0
70,"music/ffxiv/BGM_Event_StartGri.scd",1,False,False,True,90,0
71,"music/ffxiv/BGM_Event_StartLim.scd",1,False,False,True,90,0
72,"music/ffxiv/BGM_Event_StartLUru.scd",1,False,False,True,90,0
73,"music/ffxiv/BGM_Event_Kanue.scd",1,False,False,True,90,0
74,"music/ffxiv/BGM_Event_Rauburn.scd",1,False,False,True,90,0
75,"music/ffxiv/BGM_Event_Melvib.scd",1,False,False,True,90,0
76,"music/ffxiv/BGM_Event_Teikoku.scd",1,False,False,True,90,0
77,"music/ffxiv/BGM_Event_Protector.scd",1,False,False,True,90,0
78,"music/ffxiv/BGM_Event_Huon.scd",1,False,False,True,90,0
79,"music/ffxiv/BGM_Event_BanActivity.scd",1,False,False,True,90,0
80,"music/ffxiv/BGM_Event_Mystery.scd",1,False,False,True,90,0
81,"music/ffxiv/BGM_Event_Crystal.scd",1,False,False,True,90,0
82,"music/ffxiv/BGM_Event_HeroReturn.scd",1,False,False,True,90,0
83,"music/ffxiv/BGM_Event_BattleOverture.scd",1,False,False,True,90,0
84,"music/ffxiv/BGM_Event_Sad.scd",1,False,False,True,90,0
85,"music/ffxiv/BGM_Event_Keikaku.scd",1,False,False,True,90,0
86,"music/ffxiv/BGM_Event_Buki.scd",1,False,False,True,90,0
87,"music/ffxiv/BGM_Event_Tanoshii1.scd",1,False,False,True,90,0
88,"music/ffxiv/BGM_Event_Tanoshii2.scd",1,False,False,True,90,0
89,"music/ffxiv/BGM_Event_Tabidachi.scd",1,False,False,True,90,0
90,"music/ffxiv/BGM_Event_JobEvent.scd",1,False,False,True,90,0
91,"music/ffxiv/BGM_Event_JobShiren.scd",1,False,False,True,90,0
92,"music/ffxiv/BGM_Event_Kako.scd",1,False,False,True,90,0
93,"music/ffxiv/BGM_Event_Ansoku1.scd",1,False,False,True,90,0
94,"music/ffxiv/BGM_Event_Ascian.scd",1,False,False,True,90,0
95,"music/ffxiv/BGM_Event_7thUmbralEra.scd",1,False,False,True,90,0
96,"music/ffxiv/BGM_Event_VerySad.scd",1,False,False,True,90,0
97,"music/ffxiv/BGM_Event_Truth.scd",1,False,False,True,90,0
98,"music/ffxiv/BGM_Event_Ansoku2.scd",1,False,False,True,90,0
99,"music/ffxiv/BGM_Event_MemoryOfCid.scd",1,False,False,True,90,0
100,"music/ffxiv/BGM_Event_Bazaar.scd",1,False,False,True,90,0
101,"music/ffxiv/BGM_Event_Craft.scd",1,False,False,True,90,0
102,"music/ffxiv/BGM_Event_Nego.scd",1,False,False,True,90,0
103,"music/ffxiv/BGM_Event_Hildy.scd",1,False,False,True,90,0
104,"music/ffxiv/BGM_Event_GrandfatherLvup.scd",1,False,False,True,90,0
105,"music/ffxiv/BGM_Event_Saisyu.scd",1,False,False,True,90,0
106,"music/ffxiv/BGM_Event_CrystalHarpOnly.scd",1,False,False,True,90,0
107,"music/ffxiv/BGM_Event_BattleCommon_01.scd",1,False,False,True,90,0
108,"music/ffxiv/BGM_Event_FF2BossBattle.scd",1,False,False,True,90,0
109,"music/ffxiv/BGM_Event_Kessen.scd",1,False,False,True,90,0
110,"music/ffxiv/BGM_Field_Lim_07.scd",1,False,True,True,90,0
111,"music/ffxiv/BGM_Field_Lim_08.scd",1,False,True,True,90,0
112,"music/ffxiv/BGM_Event_DarknessLullaby.scd",1,False,False,True,90,0
113,"music/ffxiv/BGM_Event_BattleCommon_02.scd",1,False,False,True,90,0
114,"music/ffxiv/BGM_Event_Kincho.scd",1,False,False,True,90,0
115,"music/ffxiv/BGM_Fate_Mid.scd",1,False,False,True,90,0
116,"music/ffxiv/BGM_Battle_Dungeon_02.scd",2,False,False,True,90,0
117,"music/ffxiv/BGM_Event_Treacherous.scd",1,False,False,True,90,0
118,"music/ffxiv/BGM_Field_Bar.scd",1,False,False,True,90,0
119,"music/ffxiv/BGM_Field_Lim_Beach.scd",1,False,False,True,90,0
120,"music/ffxiv/BGM_Ban_Ifrit.scd",1,False,False,True,90,0
121,"music/ffxiv/BGM_Ride_CommonMonster.scd",1,False,False,True,90,2
122,"music/ffxiv/BGM_Dungeon_Gri_04.scd",1,True,True,False,90,0
123,"music/ffxiv/BGM_Dungeon_Lim_03.scd",1,True,True,False,90,0
124,"music/ffxiv/BGM_Dungeon_Uru_03.scd",1,True,True,False,90,0
125,"music/ffxiv/BGM_Dungeon_Uru_04.scd",1,True,True,False,90,0
126,"music/ffxiv/BGM_Dungeon_Ish_01.scd",1,True,True,False,90,0
127,"music/ffxiv/BGM_Dungeon_Ish_02.scd",1,True,True,False,90,0
128,"music/ffxiv/BGM_Dungeon_Ish_03.scd",1,True,True,False,90,0
129,"music/ffxiv/BGM_Event_Enterprise.scd",1,False,False,True,90,0
130,"music/ffxiv/BGM_Event_Fuan.scd",1,False,False,True,90,0
131,"music/ffxiv/BGM_Event_Blow.scd",1,False,False,True,90,0
132,"music/ffxiv/BGM_System_EndCredit01.scd",1,False,False,True,90,0
133,"music/ffxiv/BGM_System_EndCredit02.scd",1,False,False,True,90,0
134,"music/ffxiv/BGM_Field_BanFort_Sylph.scd",1,False,False,True,90,0
135,"music/ffxiv/BGM_Field_BanFort_Ixal.scd",1,False,False,True,90,0
136,"music/ffxiv/BGM_Field_BanFort_Kobold.scd",1,False,False,True,90,0
137,"music/ffxiv/BGM_Field_BanFort_Sahagin.scd",1,False,False,True,90,0
138,"music/ffxiv/BGM_Field_BanFort_Amaruja.scd",1,False,False,True,90,0
139,"music/ffxiv/BGM_Field_PVP.scd",1,False,False,True,90,0
140,"music/ffxiv/BGM_Field_Lim_Housing.scd",1,False,False,True,90,0
141,"music/ffxiv/BGM_Field_Ish_01.scd",1,False,True,True,120,0
142,"music/ffxiv/BGM_Field_Ish_02.scd",1,False,True,True,35,0
143,"music/ffxiv/BGM_Field_Ish_03.scd",1,False,True,True,60,0
144,"music/ffxiv/BGM_Battle_Ish_01.scd",2,False,False,True,90,0
145,"music/ffxiv/BGM_Battle_Mor_01.scd",2,False,False,True,90,0
146,"music/ffxiv/BGM_Con_Bahamut.scd",1,False,False,True,90,1
147,"music/ffxiv/BGM_Con_Bahamut_Boss.scd",1,False,False,True,90,0
148,"music/ffxiv/BGM_Con_Teikoku_01.scd",1,False,False,True,90,0
149,"music/ffxiv/BGM_Con_Teikoku_02.scd",1,False,False,True,90,0
150,"music/ffxiv/BGM_Con_Altima.scd",1,False,False,True,90,0
151,"music/ffxiv/BGM_Con_Teikoku_Boss.scd",1,False,False,True,90,0
152,"music/ffxiv/BGM_Con_Teikoku_Gaius.scd",1,False,False,True,90,0
153,"music/ffxiv/BGM_Fate_Odin.scd",1,False,False,True,90,0
154,"music/ffxiv/BGM_Fate_HMN.scd",1,False,False,True,90,0
155,"music/ffxiv/BGM_Ban_Garuda.scd",1,False,False,True,90,0
156,"music/ffxiv/BGM_Ban_Titan.scd",1,False,False,True,90,0
157,"music/ffxiv/BGM_Ban_Titan_pre1.scd",1,False,False,True,90,0
158,"music/ffxiv/BGM_Ban_Titan_pre2.scd",1,False,False,True,90,0
159,"music/ffxiv/BGM_Ban_Titan_pre3.scd",1,False,False,True,90,0
160,"music/ffxiv/BGM_Ban_Titan_pre4.scd",1,False,False,True,90,0
161,"music/ffxiv/BGM_Event_Escape.scd",1,False,False,True,90,0
162,"music/ffxiv/BGM_Event_PerfectAltima.scd",1,False,False,True,90,0
163,"music/ffxiv/BGM_Fate_FFXIII01.scd",1,False,False,True,90,0
164,"music/ffxiv/BGM_Fate_FFXIII02.scd",1,False,False,True,90,0
165,"music/ffxiv/BGM_Con_Teikoku_01_Sido.scd",1,False,False,True,90,0
166,"music/ffxiv/BGM_FATE_Bombard.scd",1,False,False,True,90,0
167,"music/ffxiv/BGM_Field_Gri_01.scd",1,True,True,True,300,0
168,"music/ffxiv/BGM_Field_Lim_01.scd",1,True,True,True,300,0
169,"music/ffxiv/BGM_Field_Uru_01.scd",1,True,True,True,300,0
170,"music/ffxiv/BGM_Field_Mor_02.scd",1,False,True,True,120,0
171,"music/ffxiv/BGM_Fate_Bouei2.scd",1,False,False,True,90,0
172,"music/ffxiv/BGM_Ride_CoolMount.scd",1,False,False,True,90,0
173,"music/ffxiv/BGM_Con_Ascian.scd",1,False,False,True,90,0
174,"music/ffxiv/BGM_Season_Halloween.scd",1,False,False,True,90,0
175,"music/ffxiv/BGM_Season_Christmas.scd",1,False,False,True,90,0
176,"music/ffxiv/BGM_Season_NewYear.scd",1,False,False,True,90,0
177,"music/ffxiv/BGM_Fate_FFXI01.scd",1,False,False,True,90,0
178,"music/ffxiv/BGM_Ban_Moogle_Nomal.scd",1,False,False,True,90,0
179,"music/ffxiv/BGM_Ban_Moogle_King.scd",1,False,False,True,90,0
180,"music/ffxiv/BGM_Con_CrystalTower_01.scd",1,False,False,True,90,1
181,"music/ffxiv/BGM_Con_CrystalTower_Boss_01.scd",1,False,False,True,90,0
182,"music/ffxiv/BGM_Event_NextHildy.scd",1,False,False,True,90,0
183,"music/ffxiv/BGM_Field_Mor_03.scd",1,False,False,True,90,0
184,"music/ffxiv/BGM_Field_Mor_04.scd",1,False,False,True,90,0
185,"music/ffxiv/BGM_Dungeon_Lim_04.scd",1,False,False,True,90,0
186,"music/ffxiv/BGM_Field_Housing_Day.scd",1,False,False,True,90,0
187,"music/ffxiv/BGM_Field_Housing_Night.scd",1,False,False,True,90,0
188,"music/ffxiv/BGM_Field_BanColony_Sylph.scd",1,False,False,True,90,0
189,"music/ffxiv/BGM_Field_BanColony_Amaruja.scd",1,False,False,True,90,0
190,"music/ffxiv/BGM_Event_Marvellous.scd",1,False,False,True,90,0
191,"music/ffxiv/BGM_Event_Barbar.scd",1,False,False,True,90,0
192,"music/ffxiv/BGM_Fate_FF2.scd",1,False,False,True,90,0
193,"music/ffxiv/BGM_Ride_DEBUChocobo.scd",1,False,False,True,90,2
194,"music/ffxiv/BGM_Field_BanColony_Kobold.scd",1,False,False,True,90,0
195,"music/ffxiv/BGM_Field_BanColony_Sahagin.scd",1,False,False,True,90,0
196,"music/ffxiv/BGM_Season_Easter.scd",1,False,False,True,90,0
197,"music/ffxiv/BGM_Dungeon_Gri_05.scd",1,False,False,True,90,0
198,"music/ffxiv/BGM_Con_Neal.scd",1,False,False,True,90,0
199,"music/ffxiv/BGM_Con_CarteneauBattle.scd",1,False,False,True,90,0
200,"music/ffxiv/BGM_Ban_Moogle_Goku.scd",1,False,False,True,90,0
201,"music/ffxiv/BGM_Event_ClashOnTheBigBridge.scd",1,False,False,True,90,0
202,"music/ffxiv/BGM_Con_Bahamut_v2.scd",1,False,False,True,90,1
203,"music/ffxiv/BGM_Ban_Leviathan1.scd",1,False,False,True,90,0
204,"music/ffxiv/BGM_Ban_Leviathan2.scd",1,False,False,True,90,0
205,"music/ffxiv/BGM_Event_Neal.scd",1,False,False,True,90,0
206,"music/ffxiv/BGM_Boss_05.scd",1,False,False,True,90,0
207,"music/ffxiv/BGM_Dungeon_Gri_06.scd",1,False,False,True,90,0
208,"music/ffxiv/BGM_Dungeon_Lim_05.scd",1,False,False,True,90,0
209,"music/ffxiv/BGM_Dungeon_Uru_06.scd",1,False,False,True,90,0
210,"music/ffxiv/BGM_Dungeon_Uru_05.scd",1,False,False,True,90,0
211,"music/ffxiv/BGM_Event_Sad2.scd",1,False,False,True,90,0
212,"music/ffxiv/BGM_Event_UneDoga.scd",1,False,False,True,90,0
213,"music/ffxiv/BGM_Season_China01.scd",1,False,False,True,90,0
214,"music/ffxiv/BGM_Season_SummerFes.scd",1,False,False,True,90,0
215,"music/ffxiv/BGM_Field_BanColony_Ixal.scd",1,False,False,True,90,0
216,"music/ffxiv/BGM_Dungeon_Lim_06.scd",1,False,False,True,90,0
217,"music/ffxiv/BGM_Dungeon_Gri_07.scd",1,False,False,True,90,0
218,"music/ffxiv/BGM_Con_CrystalTower_02.scd",1,False,False,True,90,1
219,"music/ffxiv/BGM_PvP_Intro.scd",1,False,False,True,90,0
220,"music/ffxiv/BGM_PvP_Battle.scd",1,False,False,True,90,1
221,"music/ffxiv/BGM_Ban_Ramuh.scd",1,False,False,True,90,0
222,"music/ffxiv/BGM_Minigame_Puzzle.scd",1,False,False,True,90,0
223,"music/ffxiv/BGM_Event_Gendaishi.scd",1,False,False,True,90,0
224,"music/ffxiv/BGM_Event_ChocoboEducation.scd",1,False,False,True,90,0
225,"music/ffxiv/BGM_Event_IshKyoko.scd",1,False,False,True,90,0
226,"music/ffxiv/BGM_Season_Answers.scd",1,False,False,True,90,0
227,"music/ffxiv/BGM_Ban_Odin.scd",1,False,False,True,90,0
228,"music/ffxiv/BGM_Season_Wedding.scd",1,False,False,True,90,0
229,"music/ffxiv/BGM_Field_Lim_Ninja.scd",1,False,False,True,90,0
230,"music/ffxiv/BGM_Ban_Shiva1.scd",1,False,False,True,90,0
231,"music/ffxiv/BGM_Ban_Shiva2.scd",1,False,False,True,90,0
232,"music/ffxiv/BGM_Event_Orthros.scd",1,False,False,True,90,0
233,"music/ffxiv/BGM_Dungeon_Ish_04.scd",1,False,False,True,90,0
234,"music/ffxiv/BGM_Dungeon_Uru_07.scd",1,False,False,True,90,0
235,"music/ffxiv/BGM_Dungeon_Lim_07.scd",1,False,False,True,90,0
236,"music/ffxiv/BGM_Con_Bahamut_Bigboss1.scd",1,False,False,True,90,0
237,"music/ffxiv/BGM_Con_Bahamut_Bigboss2.scd",1,False,False,True,90,0
238,"music/ffxiv/BGM_Con_Bahamut_Bigboss3.scd",1,False,False,True,90,0
239,"music/ffxiv/BGM_Event_Bahamut_4thNC.scd",1,False,False,True,90,0
240,"music/ffxiv/BGM_Con_Bahamut_Bigboss0.scd",1,False,False,True,90,0
241,"music/ffxiv/BGM_Event_UQ.scd",1,False,False,True,90,0
242,"music/ffxiv/BGM_Event_Enkidu.scd",1,False,False,True,90,0
243,"music/ffxiv/BGM_Dungeon_Mor_01.scd",1,False,False,True,90,0
244,"music/ffxiv/BGM_Dungeon_Mor_02.scd",1,False,False,True,90,0
245,"music/ffxiv/BGM_Dungeon_Lim_08.scd",1,False,False,True,90,0
246,"music/ffxiv/BGM_Dungeon_Gri_08.scd",1,False,False,True,90,0
247,"music/ffxiv/BGM_Con_CrystalTower_03.scd",1,False,False,True,90,1
248,"music/ffxiv/BGM_Con_CrystalTower_Boss_02.scd",1,False,False,True,90,0
249,"music/ffxiv/BGM_Con_CrystalTower_Boss_03.scd",1,False,False,True,90,0
250,"music/ffxiv/BGM_GlodSaucer_Lobby.scd",1,False,False,True,90,0
251,"music/ffxiv/BGM_GlodSaucer_GATE.scd",1,False,False,True,90,0
252,"music/ffxiv/BGM_GlodSaucer_Race.scd",1,False,False,True,90,0
253,"music/ffxiv/BGM_GlodSaucer_Triple.scd",1,False,False,True,90,0
254,"music/ffxiv/BGM_Con_Ish_01.scd",1,False,False,True,90,0
255,"music/ffxiv/BGM_Con_Ish_02.scd",1,False,False,True,90,0
256,"music/ffxiv/BGM_Boss_06.scd",1,False,False,True,90,0
257,"music/ffxiv/BGM_Boss_07.scd",1,False,False,True,90,0
258,"music/ffxiv/BGM_ChocoboRace_Win1st.scd",1,False,False,True,90,0
259,"music/ffxiv/BGM_ChocoboRace_Win2nd.scd",1,False,False,True,90,0
260,"music/ffxiv/BGM_ChocoboRace_Lose.scd",1,False,False,True,90,0
261,"music/ffxiv/BGM_ChocoboRace_Fanfare.scd",1,False,False,True,90,0
262,"music/ffxiv/BGM_Ride_MagitekArmor.scd",1,False,False,True,90,2
263,"music/ffxiv/BGM_Ride_Odin.scd",1,False,False,True,90,2
264,"music/ffxiv/BGM_Ride_Shiva.scd",1,False,False,True,90,2
265,"music/ffxiv/BGM_Ride_Ramuh.scd",1,False,False,True,90,2
266,"music/ffxiv/BGM_Ride_Leviathan.scd",1,False,False,True,90,2
267,"music/ffxiv/BGM_Ride_Titan.scd",1,False,False,True,90,2
268,"music/ffxiv/BGM_Ride_Gruda.scd",1,False,False,True,90,2
269,"music/ffxiv/BGM_Ride_Ifrit.scd",1,False,False,True,90,2
270,"music/ex1/BGM_EX1_Null.scd",0,False,False,True,90,0
271,"music/ex1/BGM_EX1_System_Title.scd",1,False,False,True,90,0
272,"music/ex1/BGM_EX1_EndCredit01.scd",1,False,False,True,90,0
273,"music/ex1/BGM_EX1_Field_Safe1.scd",1,False,True,True,35,0
274,"music/ex1/BGM_EX1_Field_Safe2.scd",1,False,True,True,35,0
275,"music/ex1/BGM_EX1_Town_Ish01_Day.scd",1,False,False,True,90,0
276,"music/ex1/BGM_EX1_Town_Ish01_Night.scd",1,False,False,True,90,0
277,"music/ex1/BGM_EX1_Town_Ish02_Day.scd",1,False,False,True,90,0
278,"music/ex1/BGM_EX1_Town_Ish02_Night.scd",1,False,False,True,90,0
279,"music/ex1/BGM_EX1_Field_IshSebu02.scd",1,False,True,True,30,0
280,"music/ex1/BGM_EX1_Field_IshSebu03.scd",1,False,True,True,30,0
281,"music/ex1/BGM_EX1_Battle_IshSebu_01.scd",1,False,False,True,90,0
282,"music/ex1/BGM_EX1_Field_DravaniaH02.scd",1,False,True,True,30,0
283,"music/ex1/BGM_EX1_Field_DravaniaH03.scd",1,False,True,True,30,0
284,"music/ex1/BGM_EX1_Battle_DravaniaH_01.scd",1,False,False,True,90,0
285,"music/ex1/BGM_EX1_Field_DravaniaL02.scd",1,False,True,True,30,0
286,"music/ex1/BGM_EX1_Field_DravaniaL03.scd",1,False,True,True,30,0
287,"music/ex1/BGM_EX1_Battle_DravaniaL_01.scd",1,False,False,True,90,0
288,"music/ex1/BGM_EX1_Field_DravaniaC02.scd",1,False,True,True,30,0
289,"music/ex1/BGM_EX1_Field_DravaniaC03.scd",1,False,True,True,30,0
290,"music/ex1/BGM_EX1_Battle_DravaniaC_01.scd",1,False,False,True,90,0
291,"music/ex1/BGM_EX1_Field_Abaracia02.scd",1,False,True,True,30,0
292,"music/ex1/BGM_EX1_Field_Abaracia03.scd",1,False,True,True,30,0
293,"music/ex1/BGM_EX1_Battle_Abaracia_01.scd",1,False,False,True,90,0
294,"music/ex1/BGM_EX1_Field_MagicC02.scd",1,False,True,True,30,0
295,"music/ex1/BGM_EX1_Battle_MagicC_01.scd",1,False,False,True,90,0
296,"music/ex1/BGM_EX1_Rest_Sharean.scd",1,False,False,True,90,0
297,"music/ex1/BGM_EX1_Rest_Sharean_Night.scd",1,False,False,True,90,0
298,"music/ex1/BGM_EX1_Rest_Matoya.scd",1,False,False,True,90,0
299,"music/ex1/BGM_EX1_Dungeon_IshSebu_01.scd",1,False,False,True,90,0
300,"music/ex1/BGM_EX1_Dungeon_Abaracia_01.scd",1,False,False,True,90,0
301,"music/ex1/BGM_EX1_Dungeon_DravaniaH_01.scd",1,False,False,True,90,0
302,"music/ex1/BGM_EX1_Dungeon_DravaniaC_01.scd",1,False,False,True,90,0
303,"music/ex1/BGM_EX1_Dungeon_DravaniaL_01.scd",1,False,False,True,90,0
304,"music/ex1/BGM_EX1_Dungeon_MagicC_01.scd",1,False,False,True,90,0
305,"music/ex1/BGM_EX1_Dungeon_Kyoko.scd",1,False,False,True,90,0
306,"music/ex1/BGM_EX1_Dungeon_Kyoko_2.scd",1,False,False,True,90,0
307,"music/ex1/BGM_EX1_Dungeon_Kyoko_3.scd",1,False,False,True,90,0
308,"music/ex1/BGM_EX1_Dungeon_MagicC_02.scd",1,False,False,True,90,0
309,"music/ex1/BGM_EX1_Boss_01.scd",1,False,False,True,90,0
310,"music/ex1/BGM_EX1_Ban_Ravana_01.scd",1,False,False,True,90,0
311,"music/ex1/BGM_EX1_Ban_Bismark_01.scd",1,False,False,True,90,0
312,"music/ex1/BGM_EX1_Boss02.scd",1,False,False,True,90,0
313,"music/ex1/BGM_EX1_Event_DragonWar.scd",1,False,False,True,90,0
314,"music/ex1/BGM_EX1_Event_Dragon.scd",1,False,False,True,90,0
315,"music/ex1/BGM_EX1_Event_Soten.scd",1,False,False,True,90,0
316,"music/ex1/BGM_EX1_Event_IshWar.scd",1,False,False,True,90,0
317,"music/ex1/BGM_EX1_Event_Strategy.scd",1,False,False,True,90,0
318,"music/ex1/BGM_EX1_Event_Start.scd",1,False,False,True,90,0
319,"music/ffxiv/BGM_EX1_Ride_FlyingMount.scd",1,False,False,True,90,2
320,"music/ex1/BGM_EX1_Event_IshDragonHead.scd",1,False,False,True,90,0
321,"music/ex1/BGM_EX1_FATE01.scd",1,False,False,True,90,0
322,"music/ex1/BGM_EX1_Event_Moogle.scd",1,False,False,True,90,0
323,"music/ex1/BGM_EX1_Alex01.scd",1,False,False,True,90,0
324,"music/ex1/BGM_EX1_Alex02.scd",1,False,False,True,90,0
325,"music/ex1/BGM_EX1_Ban_Ravana_02.scd",1,False,False,True,90,0
326,"music/ex1/BGM_EX1_Ban_Bismark_02.scd",1,False,False,True,90,0
327,"music/ex1/BGM_EX1_Alex03.scd",1,False,False,True,90,1
328,"music/ffxiv/BGM_Field_Workshop.scd",1,False,False,True,90,0
329,"music/ex1/BGM_EX1_Dungeon_Kyoko_0.scd",1,False,False,True,90,0
330,"music/ffxiv/BGM_Ride_Broom.scd",1,False,False,True,90,2
331,"music/ffxiv/BGM_Ride_MagitekSpecial.scd",1,False,False,True,90,2
332,"music/ffxiv/BGM_Event_FFXI01.scd",1,False,False,True,90,0
333,"music/ffxiv/BGM_Event_FFXI02.scd",1,False,False,True,90,0
334,"music/ffxiv/BGM_Event_FFXI03.scd",1,False,False,True,90,0
335,"music/ffxiv/BGM_Event_FFXI04.scd",1,False,False,True,90,0
336,"music/ffxiv/BGM_Event_FFXI05.scd",1,False,False,True,90,0
337,"music/ffxiv/BGM_Event_FFXI06.scd",1,False,False,True,90,0
338,"music/ex1/BGM_EX1_Event_Hildy.scd",1,False,False,True,90,0
339,"music/ex1/BGM_EX1_BanFort_Banu_Bad.scd",1,False,False,True,90,0
340,"music/ex1/BGM_EX1_BanFort_Banu_Good.scd",1,False,False,True,90,0
341,"music/ex1/BGM_EX1_Boss03.scd",1,False,False,True,90,0
342,"music/ex1/BGM_EX1_Sorashima_Field.scd",1,False,False,True,90,0
343,"music/ex1/BGM_EX1_Sorashima_Battle.scd",1,False,False,True,90,0
344,"music/ex1/BGM_EX1_Sorashima_Boss.scd",1,False,False,True,90,0
345,"music/ex1/BGM_EX1_Dungeon_botanical_gardens.scd",1,False,False,True,90,0
346,"music/ex1/BGM_EX1_Dungeon_Sirius_Lighthouse.scd",1,False,False,True,90,0
347,"music/ex1/BGM_EX1_Makosen_Nomal.scd",1,False,False,True,90,1
348,"music/ex1/BGM_EX1_Makosen_Boss01.scd",1,False,False,True,90,0
349,"music/ffxiv/BGM_LoV_Nomal.scd",1,False,False,True,90,0
350,"music/ffxiv/BGM_LoV_Boss01.scd",1,False,False,True,90,0
351,"music/ffxiv/BGM_LoV_Boss02.scd",1,False,False,True,90,0
352,"music/ffxiv/BGM_LoV_Boss03.scd",1,False,False,True,90,0
353,"music/ffxiv/BGM_LoV_Boss04.scd",1,False,False,True,90,0
354,"music/ffxiv/BGM_LoV_Boss05.scd",1,False,False,True,90,0
355,"music/ffxiv/BGM_LoV_Boss06.scd",1,False,False,True,90,0
356,"music/ffxiv/BGM_LoV_Boss07.scd",1,False,False,True,90,0
357,"music/ffxiv/BGM_LoV_Boss08.scd",1,False,False,True,90,0
358,"music/ffxiv/BGM_Ride_Kirin.scd",1,False,False,True,90,2
359,"music/ffxiv/BGM_Season_VT.scd",1,False,False,True,90,0
360,"music/ffxiv/BGM_Season_Hina.scd",1,False,False,True,90,0
361,"music/ex1/BGM_EX1_Dungeon_DravaniaL_02.scd",1,False,False,True,90,0
362,"music/ex1/BGM_EX1_Dungeon_DravaniaL_03.scd",1,False,False,True,90,0
363,"music/ex1/BGM_EX1_BanFort_Gunasu_Bad.scd",1,False,False,True,90,0
364,"music/ex1/BGM_EX1_BanFort_Gunasu_Good.scd",1,False,False,True,90,0
365,"music/ex1/BGM_EX1_Ban_Sephiroth01.scd",1,False,False,True,90,0
366,"music/ex1/BGM_EX1_Ban_Sephiroth02.scd",1,False,False,True,90,0
367,"music/ffxiv/BGM_EX1_PvP01.scd",1,False,False,True,90,3
368,"music/ex1/BGM_EX1_Dungeon_Komuda2.scd",1,False,False,True,90,0
369,"music/ex1/BGM_EX1_Alex04.scd",1,False,False,True,90,0
370,"music/ex1/BGM_EX1_Alex05.scd",1,False,False,True,90,0
371,"music/ffxiv/BGM_Ride_Bismark.scd",1,False,False,True,90,2
372,"music/ffxiv/BGM_Ride_Ravana.scd",1,False,False,True,90,2
373,"music/ffxiv/BGM_Ride_KoR.scd",1,False,False,True,90,2
374,"music/ffxiv/BGM_Ride_Sephiroth.scd",1,False,False,True,90,2
375,"music/ffxiv/BGM_Beginner01.scd",1,False,False,True,90,0
376,"music/ffxiv/BGM_Ride_Bennu.scd",1,False,False,True,90,2
377,"music/ex1/BGM_EX1_Event_Nidhogg_01.scd",1,False,False,True,90,0
378,"music/ex1/BGM_EX1_Event_Nidhogg_02.scd",1,False,False,True,90,0
379,"music/ex1/BGM_EX1_Event_Nidhogg_03.scd",1,False,False,True,90,0
380,"music/ffxiv/BGM_Season_SummerFes02.scd",1,False,False,True,90,0
381,"music/ex1/BGM_EX1_Field_SkyPirates.scd",1,False,False,True,90,0
382,"music/ex1/BGM_EX1_Ban_Nidhogg_01.scd",1,False,False,True,90,0
383,"music/ex1/BGM_EX1_Ban_Nidhogg_02.scd",1,False,False,True,90,0
384,"music/ex1/BGM_EX1_Ban_Nidhogg_03.scd",1,False,False,True,90,0
385,"music/ex1/BGM_EX1_Boss04.scd",1,False,False,True,90,0
386,"music/ex1/BGM_EX1_Dungeon_DravaniaC_02.scd",1,False,False,True,90,0
387,"music/ex1/BGM_EX1_Dungeon_Hullbreaker_Hard.scd",1,False,False,True,90,0
388,"music/ffxiv/BGM_Dungeon_Treasure.scd",1,False,False,True,90,0
389,"music/ffxiv/BGM_Dungeon_Deep01.scd",1,False,False,True,90,0
390,"music/ffxiv/BGM_Dungeon_Deep02.scd",1,False,False,True,90,0
391,"music/ffxiv/BGM_Dungeon_Deep03.scd",1,False,False,True,90,0
392,"music/ffxiv/BGM_Dungeon_DeepBoss01.scd",1,False,False,True,90,0
393,"music/ex1/BGM_EX1_Makosen_Nomal02.scd",1,False,False,True,90,1
394,"music/ex1/BGM_EX1_Makosen_Boss02.scd",1,False,False,True,90,0
395,"music/ffxiv/BGM_Ride_Nidhogg.scd",1,False,False,True,90,2
396,"music/ffxiv/BGM_Ride_Mogle.scd",1,False,False,True,90,2
397,"music/ffxiv/BGM_Ride_Alex.scd",1,False,False,True,90,2
398,"music/ex1/BGM_EX1_Event_Fortemps.scd",1,False,False,True,90,0
399,"music/ffxiv/BGM_Dungeon_Deep00.scd",1,False,False,True,90,0
400,"music/ffxiv/BGM_Event_Odayaka.scd",1,False,False,True,90,0
401,"music/ex1/BGM_EX1_Event_Nivas.scd",1,False,False,True,90,0
402,"music/ex1/BGM_EX1_Ban_Sophia.scd",1,False,False,True,90,0
403,"music/ffxiv/BGM_PvP_Duel.scd",1,False,False,True,90,0
404,"music/ffxiv/BGM_Ban_Altema.scd",1,False,False,True,90,0
405,"music/ex1/BGM_EX1_Dungeon_Xelphatol.scd",1,False,False,True,90,0
406,"music/ex1/BGM_EX1_Boss05.scd",1,False,False,True,90,0
407,"music/ex1/BGM_EX1_Dungeon_DravaniaL_04.scd",1,False,False,True,90,0
408,"music/ffxiv/BGM_Season_HalloweenD.scd",1,False,False,True,90,0
409,"music/ex1/BGM_EX1_Deep01.scd",1,False,False,True,90,0
410,"music/ex1/BGM_EX1_Deep02.scd",1,False,False,True,90,0
411,"music/ex1/BGM_EX1_Alex06.scd",1,False,False,True,90,0
412,"music/ex1/BGM_EX1_Alex07.scd",1,False,False,True,90,0
413,"music/ex1/BGM_EX1_Alex08.scd",1,False,False,True,90,0
414,"music/ex1/BGM_EX1_Alex09.scd",1,False,False,True,90,0
415,"music/ffxiv/BGM_Ride_Sophia.scd",1,False,False,True,90,2
416,"music/ffxiv/BGM_Ride_Alex2.scd",1,False,False,True,90,2
417,"music/ex1/BGM_EX1_Ban_Demon_02.scd",1,False,False,True,90,0
418,"music/ex1/BGM_EX1_Event_vs.scd",1,False,False,True,90,0
419,"music/ex1/BGM_EX1_Ban_Demon.scd",1,False,False,True,90,0
420,"music/ex1/BGM_EX1_Dungeon_Gri_09.scd",1,False,False,True,90,0
421,"music/ex1/BGM_EX1_Dungeon_DravaniaH_02.scd",1,False,False,True,90,0
422,"music/ex1/BGM_EX1_Makosen_Field01.scd",1,False,False,True,90,0
423,"music/ex1/BGM_EX1_Makosen_Field02.scd",1,False,False,True,90,0
424,"music/ffxiv/BGM_Ride_Demon.scd",1,False,False,True,90,2
425,"music/ffxiv/BGM_Ride_Bcomp.scd",1,False,False,True,90,2
426,"music/ex1/BGM_EX1_Event_Answers.scd",1,False,False,True,90,0
427,"music/ex2/BGM_EX2_Null.scd",0,False,False,True,90,0
428,"music/ex2/BGM_EX2_System_Title.scd",1,False,False,True,90,0
429,"music/ex2/BGM_EX2_EndCredit01.scd",1,False,False,True,90,0
430,"music/ex2/BGM_EX2_Field_Safe_01.scd",1,False,True,True,35,0
431,"music/ex2/BGM_EX2_Field_Safe_02.scd",1,False,True,True,35,0
432,"music/ex2/BGM_EX2_Field_Safe_03.scd",1,False,True,True,35,0
433,"music/ex2/BGM_EX2_Town_R_Day.scd",1,False,False,True,90,0
434,"music/ex2/BGM_EX2_Town_R_Night.scd",1,False,False,True,90,0
435,"music/ex2/BGM_EX2_Field_G_Battle.scd",1,False,False,True,90,0
436,"music/ex2/BGM_EX2_Town_K_Day.scd",1,False,False,True,90,0
437,"music/ex2/BGM_EX2_Town_K_Night.scd",1,False,False,True,90,0
438,"music/ex2/BGM_EX2_Field_Kohgyoku_Battle.scd",1,False,False,True,90,0
439,"music/ex2/BGM_EX2_Field_G_Day.scd",1,False,True,True,30,0
440,"music/ex2/BGM_EX2_Field_G_Night.scd",1,False,True,True,30,0
441,"music/ex2/BGM_EX2_Field_G_Battle.scd",1,False,False,True,90,0
442,"music/ex2/BGM_EX2_Field_G_mountain_Day.scd",1,False,True,True,30,0
443,"music/ex2/BGM_EX2_Field_G_mountain_Night.scd",1,False,True,True,30,0
444,"music/ex2/BGM_EX2_Field_G_mountain_Battle.scd",1,False,False,True,90,0
445,"music/ex2/BGM_EX2_Field_G_Lake_Day.scd",1,False,False,True,90,0
446,"music/ex2/BGM_EX2_Field_G_Lake_Night.scd",1,False,False,True,90,0
447,"music/ex2/BGM_EX2_Field_G_Lake_Battle.scd",1,False,False,True,90,0
448,"music/ex2/BGM_EX2_Field_Kohgyoku_Day.scd",1,False,True,True,30,0
449,"music/ex2/BGM_EX2_Field_Kohgyoku_Night.scd",1,False,True,True,30,0
450,"music/ex2/BGM_EX2_Field_Kohgyoku_Battle.scd",1,False,False,True,90,0
451,"music/ex2/BGM_EX2_Field_Yansa_Day.scd",1,False,True,True,30,0
452,"music/ex2/BGM_EX2_Field_Yansa_Night.scd",1,False,True,True,30,0
453,"music/ex2/BGM_EX2_Field_Yansa_Battle.scd",1,False,False,True,90,0
454,"music/ex2/BGM_EX2_Field_A_Day.scd",1,False,True,True,30,0
455,"music/ex2/BGM_EX2_Field_A_Night.scd",1,False,True,True,30,0
456,"music/ex2/BGM_EX2_Field_A_Battle.scd",1,False,False,True,90,0
457,"music/ex2/BGM_EX2_Event_01.scd",1,False,False,True,90,0
458,"music/ex2/BGM_EX2_Event_02.scd",1,False,False,True,90,0
459,"music/ex2/BGM_EX2_Event_03.scd",1,False,False,True,90,0
460,"music/ex2/BGM_EX2_Event_04.scd",1,False,False,True,90,0
461,"music/ex2/BGM_EX2_Event_05.scd",1,False,False,True,90,0
462,"music/ex2/BGM_EX2_Event_06.scd",1,False,False,True,90,0
463,"music/ex2/BGM_EX2_Event_09.scd",1,False,False,True,90,0
464,"music/ex2/BGM_EX2_Event_07.scd",1,False,False,True,90,0
465,"music/ex2/BGM_EX2_Event_08.scd",1,False,False,True,90,0
466,"music/ex2/BGM_EX2_Ban_01.scd",1,False,False,True,90,0
467,"music/ex2/BGM_EX2_Ban_02.scd",1,False,False,True,90,0
468,"music/ex2/BGM_EX2_Ban_03_1.scd",1,False,False,True,90,0
469,"music/ex2/BGM_EX2_Ban_03_2.scd",1,False,False,True,90,0
470,"music/ex2/BGM_EX2_Boss_Battle_01.scd",1,False,False,True,90,0
471,"music/ex2/BGM_EX2_Dan_D01.scd",1,False,False,True,90,0
472,"music/ex2/BGM_EX2_Dan_D02.scd",1,False,False,True,90,0
473,"music/ex2/BGM_EX2_Dan_D03.scd",1,False,False,True,90,0
474,"music/ex2/BGM_EX2_Dan_D04.scd",1,False,False,True,90,0
475,"music/ex2/BGM_EX2_Dan_D05.scd",1,False,False,True,90,0
476,"music/ex2/BGM_EX2_Dan_D06.scd",1,False,False,True,90,0
477,"music/ex2/BGM_EX2_Dan_D07.scd",1,False,False,True,90,0
478,"music/ex2/BGM_EX2_Dan_D08.scd",1,False,False,True,90,0
479,"music/ex2/BGM_EX2_Omega_01.scd",1,False,False,True,90,0
480,"music/ex2/BGM_EX2_Omega_02.scd",1,False,False,True,90,0
481,"music/ex2/BGM_EX2_Omega_03.scd",1,False,False,True,90,0
482,"music/ex2/BGM_EX2_Omega_04.scd",1,False,False,True,90,0
483,"music/ex2/BGM_EX2_Mount01.scd",1,False,False,True,90,2
484,"music/ex2/BGM_EX2_Event_10.scd",1,False,False,True,90,0
485,"music/ex2/BGM_EX2_Event_11.scd",1,False,False,True,90,0
486,"music/ex2/BGM_EX2_Event_PRELUDE.scd",1,False,False,True,90,0
487,"music/ex2/BGM_EX2_Event_END.scd",1,False,False,True,90,0
488,"music/ex2/BGM_EX2_BanFort_Koujin_Bad.scd",1,False,False,True,90,0
489,"music/ex2/BGM_EX2_Event_12.scd",1,False,False,True,90,0
490,"music/ex2/BGM_EX2_Boss_Battle_02.scd",1,False,False,True,90,0
491,"music/ex2/BGM_EX2_Ban_01_2.scd",1,False,False,True,90,0
492,"music/ex2/BGM_EX2_Ban_01_3.scd",1,False,False,True,90,0
493,"music/ffxiv/BGM_Ride_Susano.scd",1,False,False,True,90,2
494,"music/ffxiv/BGM_Ride_Lakshmi.scd",1,False,False,True,90,2
495,"music/ex2/BGM_EX2_Town_R_Sad.scd",1,False,False,True,90,0
496,"music/ffxiv/BGM_Season_Anniversary.scd",1,False,False,True,90,0
497,"music/ex2/BGM_EX2_Event_13.scd",1,False,False,True,90,0
498,"music/ex2/BGM_EX2_BanFort_Kojin_Good.scd",1,False,False,True,90,0
499,"music/ex2/BGM_EX2_Ban_04.scd",1,False,False,True,90,0
500,"music/ffxiv/BGM_PvP_Mogi_01.scd",1,False,False,True,90,1
501,"music/ffxiv/BGM_PvP_Mogi_02.scd",1,False,False,True,90,0
502,"music/ffxiv/BGM_PvP_Mogi_03.scd",1,False,False,True,90,0
503,"music/ffxiv/BGM_PvP_Mogi_04.scd",1,False,False,True,90,0
504,"music/ex2/BGM_EX2_Dan_D09.scd",1,False,False,True,90,0
505,"music/ffxiv/BGM_Ride_Shinryu.scd",1,False,False,True,90,2
506,"music/ex2/BGM_EX2_Rti_01.scd",1,False,False,True,90,0
507,"music/ex2/BGM_EX2_Rti_02.scd",1,False,False,True,90,0
508,"music/ex2/BGM_EX2_Rti_03.scd",1,False,False,True,90,0
509,"music/ex2/BGM_EX2_Rti_04.scd",1,False,False,True,90,0
510,"music/ex2/BGM_EX2_Rti_05.scd",1,False,False,True,90,0
511,"music/ex2/BGM_EX2_Rti_06.scd",1,False,False,True,90,0
512,"music/ex2/BGM_EX2_Rti_07.scd",1,False,False,True,90,0
513,"music/ex2/BGM_EX2_Rti_08.scd",1,False,False,True,90,0
514,"music/ex2/BGM_EX2_Rti_09.scd",1,False,False,True,90,0
515,"music/ex2/BGM_EX2_Rti_10.scd",1,False,False,True,90,0
516,"music/ffxiv/BGM_Season_Xmas2017.scd",1,False,False,True,90,0
517,"music/ex2/BGM_EX2_Ban_04pre.scd",1,False,False,True,90,0
518,"music/ex2/BGM_EX2_BanFort_Ananta_Good.scd",1,False,False,True,90,0
519,"music/ex2/BGM_EX2_Field_Iroha.scd",1,False,False,True,90,0
520,"music/ffxiv/BGM_Season_Princess.scd",1,False,False,True,90,0
521,"music/ex2/BGM_EX2_Ban_11.scd",1,False,False,True,90,0
522,"music/ex2/BGM_EX2_Ban_12.scd",1,False,False,True,90,0
523,"music/ex2/BGM_EX2_Ban_13.scd",1,False,False,True,90,0
524,"music/ex2/BGM_EX2_EU_Field.scd",1,False,False,True,90,1
525,"music/ex2/BGM_EX2_EU_NM.scd",1,False,False,True,90,0
526,"music/ex2/BGM_EX2_Dan_D10.scd",1,False,False,True,90,0
527,"music/ex2/BGM_EX2_Dan_D11.scd",1,False,False,True,90,0
528,"music/ex2/BGM_EX2_Sigma_01.scd",1,True,True,False,90,0
529,"music/ex2/BGM_EX2_Sigma_02.scd",1,False,False,True,90,0
530,"music/ex2/BGM_EX2_Sigma_03.scd",1,False,False,True,90,0
531,"music/ex2/BGM_EX2_Sigma_04.scd",1,False,False,True,90,0
532,"music/ex2/BGM_EX2_Sigma_05.scd",1,False,False,True,90,0
533,"music/ex2/BGM_EX2_Sigma_06.scd",1,False,False,True,90,0
534,"music/ffxiv/BGM_Ride_Omega.scd",1,False,False,True,90,2
535,"music/ffxiv/BGM_Ride_Sigma.scd",1,False,False,True,90,2
536,"music/ffxiv/BGM_Ride_Byakko.scd",1,False,False,True,90,2
537,"music/ffxiv/BGM_Field_Safe2.scd",1,False,False,True,90,0
538,"music/ffxiv/BGM_Minigame_Egghunt.scd",1,False,False,True,90,0
539,"music/ffxiv/BGM_Season_VTID.scd",1,False,False,True,90,0
540,"music/ex2/BGM_EX2_BanFort_Namazuo_Good.scd",1,False,False,True,90,0
541,"music/ex2/BGM_EX2_Ban_16.scd",1,False,False,True,90,0
542,"music/ex2/BGM_EX2_Ban_17.scd",1,False,False,True,90,0
543,"music/ex2/BGM_EX2_Ban_18.scd",1,False,False,True,90,0
544,"music/ex2/BGM_EX2_Ban_19.scd",1,False,False,True,90,0
545,"music/ex2/BGM_EX2_Ban_20.scd",1,False,False,True,90,0
546,"music/ex2/BGM_EX2_Ban_21.scd",1,False,False,True,90,0
547,"music/ex2/BGM_EX2_Ban_23.scd",1,False,False,True,90,0
548,"music/ex2/BGM_EX2_Ban_14.scd",1,False,False,True,90,0
549,"music/ex2/BGM_EX2_Ban_15.scd",1,False,False,True,90,0
550,"music/ex2/BGM_EX2_Event_14.scd",1,False,False,True,90,0
551,"music/ex2/BGM_EX2_Dan_D12.scd",1,False,False,True,90,0
552,"music/ffxiv/BGM_Ride_TK.scd",1,False,False,True,90,2
553,"music/ex2/BGM_EX2_Rti_11.scd",1,False,False,True,90,0
554,"music/ex2/BGM_EX2_Rti_12.scd",1,False,False,True,90,0
555,"music/ex2/BGM_EX2_Rti_13.scd",1,False,False,True,90,0
556,"music/ex2/BGM_EX2_Rti_14.scd",1,False,False,True,90,0
557,"music/ex2/BGM_EX2_Rti_15.scd",1,False,False,True,90,0
558,"music/ex2/BGM_EX2_Rti_16.scd",1,False,False,True,90,0
559,"music/ex2/BGM_EX2_Rti_17.scd",1,False,False,True,90,0
560,"music/ex2/BGM_EX2_Rti_18.scd",1,False,False,True,90,0
561,"music/ex2/BGM_EX2_Event_15.scd",1,False,False,True,90,0
562,"music/ex2/BGM_EX2_Event_16.scd",1,False,False,True,90,0
563,"music/ex2/BGM_EX2_Event_17.scd",1,True,True,False,90,0
564,"music/ffxiv/BGM_Ride_NIKU.scd",1,False,False,True,90,2
565,"music/ffxiv/BGM_Ride_Abare.scd",1,False,False,True,90,2
566,"music/ffxiv/BGM_Town_K_Day.scd",1,False,False,True,90,0
567,"music/ffxiv/BGM_Town_K_Night.scd",1,False,False,True,90,0
568,"music/ffxiv/BGM_Field_G_Battle.scd",1,False,False,True,90,0
569,"music/ex2/BGM_EX2_Ban_22.scd",1,False,False,True,90,0
570,"music/ffxiv/BGM_Ride_Mikoshi.scd",1,False,False,True,90,2
571,"music/ex2/BGM_EX2_Event_18.scd",1,False,False,True,90,0
572,"music/ex2/BGM_EX2_Event_24.scd",1,False,False,True,90,0
573,"music/ex2/BGM_EX2_Event_31.scd",1,False,False,True,90,0
574,"music/ex2/BGM_EX2_Event_32.scd",1,False,False,True,90,0
575,"music/ex2/BGM_EX2_Event_33.scd",1,True,True,False,90,0
576,"music/ex2/BGM_EX2_Event_34.scd",1,False,False,True,90,0
577,"music/ex2/BGM_EX2_Event_35.scd",1,False,False,True,90,0
578,"music/ex2/BGM_EX2_Event_36.scd",1,False,False,True,90,0
579,"music/ex2/BGM_EX2_Event_37.scd",1,False,False,True,90,0
580,"music/ffxiv/BGM_Season_XmasCho.scd",1,False,False,True,90,1
581,"music/ex2/BGM_EX2_Ban_24.scd",1,False,False,True,90,0
582,"music/ex2/BGM_EX2_Ban_25.scd",1,False,False,True,90,0
583,"music/ex2/BGM_EX2_Dan_D13.scd",1,False,False,True,90,0
584,"music/ex2/BGM_EX2_Dan_D14.scd",1,False,False,True,90,0
585,"music/ex2/BGM_EX2_alpha_01.scd",1,False,False,True,90,0
586,"music/ex2/BGM_EX2_alpha_02.scd",1,False,False,True,90,0
587,"music/ex2/BGM_EX2_alpha_03.scd",1,False,False,True,90,0
588,"music/ffxiv/BGM_Ride_Suzaku.scd",1,False,False,True,90,2
589,"music/ffxiv/BGM_Ride_Alpha.scd",1,False,False,True,90,2
590,"music/ex2/BGM_EX2_Event_38.scd",1,False,False,True,90,0
591,"music/ex2/BGM_EX2_alpha_04.scd",1,False,False,True,90,0
592,"music/ffxiv/BGM_Ride_Bike.scd",1,False,False,True,90,2
593,"music/ex2/BGM_EX2_Uzune2.scd",1,False,False,True,90,0
604,"music/ffxiv/BGM_Event_BKC01.scd",1,True,True,False,90,0
605,"music/ffxiv/BGM_Event_BKC02.scd",1,False,False,True,90,0
606,"music/ffxiv/BGM_Event_BKC03.scd",1,False,False,True,90,0
607,"music/ffxiv/BGM_Event_BKC04.scd",1,False,False,True,90,0
608,"music/ffxiv/BGM_Event_BKC05.scd",1,False,False,True,90,0
609,"music/ffxiv/BGM_Event_BKC06.scd",1,False,False,True,90,0
610,"music/ffxiv/BGM_Event_BKC07.scd",1,False,False,True,90,0
611,"music/ffxiv/BGM_Event_BKC08.scd",1,False,False,True,90,0
612,"music/ffxiv/BGM_Event_BKC09.scd",1,False,False,True,90,0
613,"music/ffxiv/BGM_Event_BKC10.scd",1,False,False,True,90,0
614,"music/ffxiv/BGM_Ride_BKC.scd",1,False,False,True,90,2
615,"music/ex2/BGM_EX2_Rti_19.scd",1,False,False,True,90,0
616,"music/ex2/BGM_EX2_Rti_20.scd",1,False,False,True,90,0
617,"music/ex2/BGM_EX2_Rti_21.scd",1,False,False,True,90,0
618,"music/ex2/BGM_EX2_Rti_22.scd",1,False,False,True,90,0
619,"music/ex2/BGM_EX2_Rti_23.scd",1,False,False,True,90,0
620,"music/ex2/BGM_EX2_Rti_24.scd",1,False,False,True,90,0
621,"music/ex2/BGM_EX2_Rti_25.scd",1,False,False,True,90,0
622,"music/ex2/BGM_EX2_Rti_26.scd",1,False,False,True,90,0
623,"music/ex2/BGM_EX2_Rti_27.scd",1,False,False,True,90,0
624,"music/ex2/BGM_EX2_Rti_28.scd",1,False,False,True,90,0
625,"music/ex2/BGM_EX2_Rti_29.scd",1,False,False,True,90,0
626,"music/ex2/BGM_EX2_Rti_30.scd",1,False,False,True,90,0
627,"music/ex2/BGM_EX2_Rti_32.scd",1,False,False,True,90,0
628,"music/ex2/BGM_EX2_Rti_33.scd",1,False,False,True,90,0
629,"music/ex2/BGM_EX2_Rti_34.scd",1,False,False,True,90,0
630,"music/ffxiv/BGM_AOZ_Battle01.scd",1,False,False,True,90,0
631,"music/ffxiv/BGM_AOZ_Battle02.scd",1,False,False,True,90,0
632,"music/ex2/BGM_EX2_EU_Dungeon.scd",1,False,False,True,90,0
633,"music/ex2/BGM_EX2_EU_Boss.scd",1,False,False,True,90,0
634,"music/ex2/BGM_EX2_EU_LB.scd",1,False,False,True,90,0
635,"music/ffxiv/BGM_Ride_Seiryu.scd",1,False,False,True,90,2
636,"music/ffxiv/BGM_Ride_Kyubi.scd",1,False,False,True,90,2
637,"music/ffxiv/BGM_Ride_Kgreen.scd",1,False,False,True,90,2
638,"music/ffxiv/BGM_Ride_Kyellow.scd",1,False,False,True,90,2
639,"music/ex2/BGM_EX2_Dan_D15.scd",1,False,False,True,90,0
640,"music/ex2/BGM_EX2_Ban_26.scd",1,False,False,True,90,0
641,"music/ffxiv/BGM_EMJ.scd",1,False,False,True,90,0
642,"music/ffxiv/BGM_RideShooting_Win.scd",1,False,False,True,90,0
643,"music/ffxiv/BGM_RideShooting_Lose.scd",1,False,False,True,90,0
644,"music/ffxiv/BGM_RideShooting.scd",1,False,False,True,90,0
645,"music/ex2/BGM_EX2_EndCredit02.scd",1,False,False,True,90,0
646,"music/ex3/BGM_EX3_Event_01.scd",1,False,False,True,90,0
647,"music/ex3/BGM_EX3_Event_02.scd",1,False,False,True,90,0
648,"music/ex3/BGM_EX3_Event_03.scd",1,False,False,True,90,0
649,"music/ex3/BGM_EX3_Event_04.scd",1,False,False,True,90,0
650,"music/ex3/BGM_EX3_Event_05.scd",1,False,False,True,90,0
651,"music/ex3/BGM_EX3_Event_06.scd",1,False,False,True,90,0
652,"music/ex3/BGM_EX3_Event_07.scd",1,False,False,True,90,0
653,"music/ex3/BGM_EX3_Event_08.scd",1,False,False,True,90,0
654,"music/ex3/BGM_EX3_Event_09.scd",1,False,False,True,90,0
655,"music/ex3/BGM_EX3_Event_10.scd",1,False,False,True,90,0
656,"music/ex3/BGM_EX3_Event_12.scd",1,False,False,True,90,0
657,"music/ex3/BGM_EX3_Event_13.scd",1,True,True,False,90,0
658,"music/ex3/BGM_EX3_Event_14.scd",1,False,False,True,90,0
659,"music/ex3/BGM_EX3_Town_C_Day.scd",1,False,False,True,90,0
660,"music/ex3/BGM_EX3_Town_C_Night.scd",1,False,False,True,90,0
661,"music/ex3/BGM_EX3_Town_Y_Day.scd",1,False,False,True,90,0
662,"music/ex3/BGM_EX3_Town_Y_Night.scd",1,False,False,True,90,0
663,"music/ex3/BGM_EX3_Field_Lak_Day.scd",1,False,True,True,30,0
664,"music/ex3/BGM_EX3_Field_Lak_Night.scd",1,False,True,True,30,0
665,"music/ex3/BGM_EX3_Field_Kor_Day.scd",1,False,True,True,30,0
666,"music/ex3/BGM_EX3_Field_Kor_Night.scd",1,False,True,True,30,0
667,"music/ex3/BGM_EX3_Field_Ama_Day.scd",1,False,True,True,30,0
668,"music/ex3/BGM_EX3_Field_Ama_Night.scd",1,False,True,True,30,0
669,"music/ex3/BGM_EX3_Field_Ilm_Day.scd",1,False,True,True,30,0
670,"music/ex3/BGM_EX3_Field_Ilm_Night.scd",1,False,True,True,30,0
671,"music/ex3/BGM_EX3_Field_Rak_Day.scd",1,False,True,True,30,0
672,"music/ex3/BGM_EX3_Field_Rak_Night.scd",1,False,True,True,30,0
673,"music/ex3/BGM_EX3_Field_Tem_Day.scd",1,False,False,True,90,0
674,"music/ex3/BGM_EX3_Field_Tem_Night.scd",1,False,False,True,90,0
675,"music/ex3/BGM_EX3_Field_Safe_01.scd",1,False,True,True,30,0
676,"music/ex3/BGM_EX3_Field_Safe_02.scd",1,False,False,True,90,0
677,"music/ex3/BGM_EX3_Field_Lak_Battle.scd",1,False,False,True,90,0
678,"music/ex3/BGM_EX3_Field_Kor_Battle.scd",1,False,False,True,90,0
679,"music/ex3/BGM_EX3_Field_Ama_Battle.scd",1,False,False,True,90,0
680,"music/ex3/BGM_EX3_Field_Ilm_Battle.scd",1,False,False,True,90,0
681,"music/ex3/BGM_EX3_Field_Rak_Battle.scd",1,False,False,True,90,0
682,"music/ex3/BGM_EX3_Field_Tem_Battle.scd",1,False,False,True,90,0
683,"music/ex3/BGM_EX3_Ban_01.scd",1,False,False,True,90,0
684,"music/ex3/BGM_EX3_Ban_02.scd",1,False,False,True,90,0
685,"music/ex3/BGM_EX3_Ban_03.scd",1,False,False,True,90,0
686,"music/ex3/BGM_EX3_Ban_04.scd",1,False,False,True,90,0
687,"music/ex3/BGM_EX3_Dan_D01.scd",1,False,False,True,90,0
688,"music/ex3/BGM_EX3_Dan_D02.scd",1,False,False,True,90,0
689,"music/ex3/BGM_EX3_Dan_D03.scd",1,False,False,True,90,0
690,"music/ex3/BGM_EX3_Dan_D04.scd",1,False,False,True,90,0
691,"music/ex3/BGM_EX3_Dan_D05.scd",1,False,False,True,90,0
692,"music/ex3/BGM_EX3_Dan_D06.scd",1,False,False,True,90,0
693,"music/ex3/BGM_EX3_Dan_D07.scd",1,False,False,True,90,0
694,"music/ex3/BGM_EX3_Dan_D08.scd",1,False,False,True,90,0
695,"music/ex3/BGM_EX3_Boss_Battle01.scd",1,False,False,True,90,0
696,"music/ex3/BGM_EX3_Raid_01.scd",1,False,False,True,90,0
697,"music/ex3/BGM_EX3_Raid_02.scd",1,False,False,True,90,0
698,"music/ex3/BGM_EX3_Raid_03.scd",1,False,False,True,90,0
699,"music/ex3/BGM_EX3_Mount01.scd",1,False,False,True,90,2
700,"music/ffxiv/BGM_Ride_Titania.scd",1,False,False,True,90,2
701,"music/ffxiv/BGM_Ride_Innocence.scd",1,False,False,True,90,2
702,"music/ffxiv/BGM_Ride_Eden.scd",1,False,False,True,90,2
703,"music/ffxiv/BGM_Ride_GS01.scd",1,False,False,True,90,2
704,"music/ex3/BGM_EX3_System_Title.scd",1,False,False,True,90,0
705,"music/ex3/BGM_EX3_EndCredit01.scd",1,False,False,True,90,0
706,"music/ex3/BGM_EX3_Boss_Battle02.scd",1,False,False,True,90,0
707,"music/ex3/BGM_EX3_Event_15.scd",1,False,False,True,90,0
708,"music/ex3/BGM_EX3_Event_16.scd",1,False,False,True,90,0
709,"music/ex3/BGM_EX3_Event_17.scd",1,False,False,True,90,0
710,"music/ex3/BGM_EX3_Event_18.scd",1,False,False,True,90,0
711,"music/ex3/BGM_EX3_Town_Y_Day2.scd",1,False,False,True,90,0
712,"music/ex3/BGM_EX3_Field_Safe_03.scd",1,False,True,True,30,0
713,"music/ex3/BGM_EX3_Null.scd",0,False,False,True,90,0
714,"music/ex3/BGM_EX3_Event_19.scd",1,False,False,True,90,0
715,"music/ffxiv/BGM_Ride_Amaro.scd",1,False,False,True,90,2
716,"music/ex3/BGM_EX3_Field_Kor_Day2.scd",1,False,False,True,90,0
717,"music/ex3/BGM_EX3_Raid_04.scd",1,False,False,True,90,0
718,"music/ffxiv/BGM_Season_XmasCho_02.scd",1,False,False,True,90,1
719,"music/ex3/BGM_EX3_BanFort_Fairy_Good.scd",1,False,False,True,90,0
720,"music/ex1/BGM_EX1_FATE_Hukko.scd",1,False,False,True,90,0
721,"music/ex3/BGM_EX3_Town_Y_Bar.scd",1,False,False,True,90,0
722,"music/ffxiv/BGM_PvP_Battle_02.scd",1,False,False,True,90,1
723,"music/ex3/BGM_EX3_Ban_05.scd",1,False,False,True,90,0
724,"music/ex3/BGM_EX3_Ban_06.scd",1,False,False,True,90,0
725,"music/ex3/BGM_EX3_Ban_07.scd",1,False,False,True,90,0
726,"music/ex3/BGM_EX3_Ban_08.scd",1,False,False,True,90,0
727,"music/ex3/BGM_EX3_Dan_D09.scd",1,False,False,True,90,0
728,"music/ffxiv/BGM_Ride_Hades.scd",1,False,False,True,90,2
729,"music/ffxiv/BGM_Ride_Frontline.scd",1,False,False,True,90,2
730,"music/ffxiv/BGM_Ride_Feast.scd",1,False,False,True,90,2
731,"music/ffxiv/BGM_Ride_AOZ.scd",1,False,False,True,90,2
732,"music/ex3/BGM_EX3_Ytc_01.scd",1,False,False,True,90,0
733,"music/ex3/BGM_EX3_Ytc_02.scd",1,False,False,True,90,0
734,"music/ex3/BGM_EX3_Ytc_03.scd",1,False,False,True,90,0
735,"",0,False,False,False,0,0
736,"music/ex3/BGM_EX3_Ytc_05.scd",1,False,False,True,90,0
737,"music/ex3/BGM_EX3_Ytc_06.scd",1,False,False,True,90,0
738,"music/ex3/BGM_EX3_Ytc_07.scd",1,False,False,True,90,0
739,"music/ex3/BGM_EX3_Ytc_08.scd",1,False,False,True,90,0
740,"music/ex3/BGM_EX3_Ytc_09.scd",1,False,False,True,90,0
741,"music/ex3/BGM_EX3_Ytc_10.scd",1,False,False,True,90,0
742,"music/ex3/BGM_EX3_Event_20.scd",1,False,False,True,90,0
743,"music/ex3/BGM_EX3_BanFort_kkrn_Good.scd",1,False,False,True,90,0
744,"music/ex3/BGM_EX3_Event_21.scd",1,False,False,True,90,0
745,"music/ffxiv/BGM_Minigame_Egghunt2.scd",1,False,False,True,90,0
746,"music/ex3/BGM_EX3_Ban_09.scd",1,False,False,True,90,0
747,"music/ex1/BGM_EX1_Hukko_Finish01.scd",1,False,False,True,90,0
748,"music/ex3/BGM_EX3_Boss_Battle03.scd",1,False,False,True,90,0
749,"music/ex3/BGM_EX3_Dan_D10.scd",1,False,False,True,90,0
750,"music/ex3/BGM_EX3_Raid_05.scd",1,False,False,True,90,0
751,"music/ex3/BGM_EX3_Raid_06.scd",1,False,False,True,90,0
752,"music/ex3/BGM_EX3_Raid_07.scd",1,False,False,True,90,0
753,"music/ffxiv/BGM_Ride_Ruby.scd",1,False,False,True,90,2
754,"music/ffxiv/BGM_Ride_Eden02.scd",1,False,False,True,90,2
755,"music/ex3/BGM_EX3_Ban_10.scd",1,False,False,True,90,0
756,"music/ffxiv/BGM_IKD01.scd",1,False,False,True,90,0
757,"music/ffxiv/BGM_IKD02.scd",1,False,False,True,90,0
758,"music/ffxiv/BGM_IKD03.scd",1,False,False,True,90,0
759,"music/ex3/BGM_EX3_Raid_08.scd",1,False,False,True,90,0
760,"music/ex3/BGM_EX3_Event_22.scd",1,False,False,True,90,0
761,"music/ex3/BGM_EX3_Event_23.scd",1,True,True,False,90,0
762,"music/ex3/BGM_EX3_Event_24.scd",1,False,False,True,90,0
763,"music/ex3/BGM_EX3_Event_25.scd",1,False,False,True,90,0
764,"music/ex3/BGM_EX3_Event_26.scd",1,False,False,True,90,0
765,"music/ffxiv/BGM_Event_Hula.scd",1,False,False,True,90,0
766,"music/ex3/BGM_EX3_BanFort_Dwarf_Good.scd",1,False,False,True,90,0
767,"music/ex3/BGM_EX3_Field_Welrit.scd",1,False,False,True,90,0
768,"music/ex3/BGM_EX3_Ban_11.scd",1,False,False,True,90,0
769,"music/ex3/BGM_EX3_Ban_12.scd",1,False,False,True,90,0
770,"music/ex3/BGM_EX3_Ban_13.scd",1,True,True,False,90,0
771,"music/ex3/BGM_EX3_Ban_14.scd",1,False,False,True,90,0
772,"music/ex3/BGM_EX3_MYC_01.scd",1,False,False,True,90,1
773,"music/ex3/BGM_EX3_MYC_02.scd",1,False,False,True,90,0
774,"music/ex3/BGM_EX3_MYC_03.scd",1,False,False,True,90,0
775,"music/ex3/BGM_EX3_MYC_04.scd",1,False,False,True,90,0
776,"music/ex3/BGM_EX3_MYC_05.scd",1,False,False,True,90,0
777,"music/ex3/BGM_EX3_Dan_D11.scd",1,False,False,True,90,0
778,"music/ffxiv/BGM_Ride_WOL.scd",1,False,False,True,90,2
779,"music/ffxiv/BGM_Ride_MYC01.scd",1,False,False,True,90,2
780,"music/ex3/BGM_EX3_Ytc_11.scd",1,False,False,True,90,0
781,"music/ex3/BGM_EX3_Ytc_12.scd",1,False,False,True,90,0
782,"music/ex3/BGM_EX3_Ytc_13.scd",1,False,False,True,90,0
783,"music/ex3/BGM_EX3_Ytc_14.scd",1,False,False,True,90,0
784,"music/ex3/BGM_EX3_Ytc_15.scd",1,False,False,True,90,0
785,"music/ex3/BGM_EX3_Ytc_16.scd",1,False,False,True,90,0
786,"music/ex3/BGM_EX3_Ytc_17.scd",1,False,False,True,90,0
787,"music/ex3/BGM_EX3_MYC_06.scd",1,False,False,True,90,0
788,"music/ffxiv/BGM_Ride_Hukko01.scd",1,False,False,True,90,2
789,"music/ex3/BGM_EX3_Event_27.scd",1,False,False,True,90,0
790,"music/ex3/BGM_EX3_Event_28.scd",1,False,False,True,90,0
791,"music/ex1/BGM_EX1_Hukko_concert.scd",1,False,False,True,90,1
792,"music/ex3/BGM_EX3_Con_01.scd",1,False,False,True,90,0
793,"music/ex2/BGM_EX2_AOZ_Battle03.scd",1,False,False,True,90,0
794,"music/ex3/BGM_EX3_MYC_07.scd",1,False,False,True,90,0
795,"music/ex3/BGM_EX3_MYC_08.scd",1,False,False,True,90,0
796,"music/ex3/BGM_EX3_MYC_09.scd",1,False,False,True,90,0
797,"music/ffxiv/BGM_GlodSaucer_TripleWaiting.scd",1,False,False,True,90,0
798,"music/ex3/BGM_EX3_Dan_D12.scd",1,False,False,True,90,0
799,"music/ex3/BGM_EX3_Raid_09.scd",1,False,False,True,90,0
800,"music/ex3/BGM_EX3_Raid_10.scd",1,False,False,True,90,0
801,"music/ex3/BGM_EX3_Raid_11.scd",1,False,False,True,90,0
802,"music/ex3/BGM_EX3_Raid_12.scd",1,False,False,True,90,0
803,"music/ffxiv/BGM_Ride_Emerald.scd",1,False,False,True,90,2
804,"music/ffxiv/BGM_Ride_Eden03.scd",1,False,False,True,90,2
805,"music/ffxiv/BGM_Ride_Fanfes2021.scd",1,False,False,True,90,2
806,"music/ex3/BGM_EX3_Event_29.scd",1,False,False,True,90,0
807,"music/ex3/BGM_EX3_Ban_15.scd",1,False,False,True,90,0
808,"music/ex3/BGM_EX3_MYC_10.scd",1,False,False,True,90,0
809,"music/ex1/BGM_EX1_Hukko_Fes.scd",1,False,False,True,90,0
810,"music/ex3/BGM_EX3_Dan_D13.scd",1,False,False,True,90,0
811,"music/ffxiv/BGM_Ride_Dia.scd",1,False,False,True,90,2
812,"music/ffxiv/BGM_Ride_Cruise.scd",1,False,False,True,90,2
813,"music/ffxiv/BGM_Ride_EX3Comp.scd",1,False,False,True,90,2
814,"music/ffxiv/BGM_Ride_CardComp.scd",1,False,False,True,90,2
815,"music/ffxiv/BGM_Ride_Golden.scd",1,False,False,True,90,2
816,"music/ex3/BGM_EX3_Ytc_18.scd",1,False,False,True,90,0
817,"music/ex3/BGM_EX3_Ytc_19.scd",1,False,False,True,90,0
818,"",0,False,False,False,0,0
819,"music/ex3/BGM_EX3_Ytc_21.scd",1,False,False,True,90,0
820,"music/ex3/BGM_EX3_Ytc_22.scd",1,False,False,True,90,0
821,"music/ex3/BGM_EX3_Ytc_23.scd",1,False,False,True,90,0
822,"music/ex3/BGM_EX3_Ytc_24.scd",1,False,False,True,90,0
823,"music/ex3/BGM_EX3_Ytc_25.scd",1,False,False,True,90,0
824,"music/ex3/BGM_EX3_Ytc_26.scd",1,False,False,True,90,0
825,"music/ex3/BGM_EX3_Ytc_27.scd",1,False,False,True,90,0
826,"music/ex3/BGM_EX3_Ytc_28.scd",1,False,False,True,90,0
827,"music/ex3/BGM_EX3_Ytc_29.scd",1,False,False,True,90,0
828,"music/ex4/BGM_EX4_Null.scd",0,False,False,True,90,0
829,"music/ex4/BGM_EX4_Event_18.scd",1,False,False,True,90,0
830,"music/ex4/BGM_EX4_Event_01.scd",1,False,False,True,90,0
831,"music/ex4/BGM_EX4_Event_02.scd",1,False,False,True,90,0
832,"music/ex4/BGM_EX4_Event_03.scd",1,False,False,True,90,0
833,"music/ex4/BGM_EX4_Event_04.scd",1,False,False,True,90,0
834,"music/ex4/BGM_EX4_Event_05.scd",1,False,False,True,90,0
835,"music/ex4/BGM_EX4_Event_06.scd",1,False,False,True,90,0
836,"music/ex4/BGM_EX4_Event_07.scd",1,False,False,True,90,0
837,"music/ex4/BGM_EX4_Event_08.scd",1,False,False,True,90,0
838,"music/ex4/BGM_EX4_Event_09.scd",1,False,False,True,90,0
839,"music/ffxiv/BGM_Event_ShinAyashii.scd",1,False,False,True,90,0
840,"music/ex4/BGM_EX4_Event_10.scd",1,False,False,True,90,0
841,"music/ex4/BGM_EX4_Event_11.scd",1,False,False,True,90,0
842,"music/ex4/BGM_EX4_Event_12.scd",1,False,False,True,90,0
843,"music/ex4/BGM_EX4_Event_13.scd",1,False,False,True,90,0
844,"music/ex4/BGM_EX4_Event_14.scd",1,False,False,True,90,0
845,"music/ex4/BGM_EX4_Town_O_Day.scd",1,False,False,True,90,0
846,"music/ex4/BGM_EX4_Town_O_Night.scd",1,False,False,True,90,0
847,"music/ex4/BGM_EX4_Town_O_Room.scd",1,False,False,True,90,0
848,"music/ex4/BGM_EX4_Town_R_Day.scd",1,False,False,True,90,0
849,"music/ex4/BGM_EX4_Town_R_Night.scd",1,False,False,True,90,0
850,"music/ex4/BGM_EX4_Town_R_Day2.scd",1,False,False,True,90,0
851,"music/ex4/BGM_EX4_Field_Lab_Day.scd",1,False,True,True,30,0
852,"music/ex4/BGM_EX4_Field_Lab_Night.scd",1,False,True,True,30,0
853,"music/ex4/BGM_EX4_Field_Thav_Day.scd",1,False,True,True,30,0
854,"music/ex4/BGM_EX4_Field_Thav_Night.scd",1,False,True,True,30,0
855,"music/ex4/BGM_EX4_Field_Gar_Day.scd",1,False,True,True,30,0
856,"music/ex4/BGM_EX4_Field_Gar_Night.scd",1,False,True,True,30,0
857,"music/ex4/BGM_EX4_Field_Mar_Day.scd",1,False,False,True,90,0
858,"music/ex4/BGM_EX4_Field_Elp_Day.scd",1,False,True,True,30,0
859,"music/ex4/BGM_EX4_Field_Elp_Night.scd",1,False,True,True,30,0
860,"music/ex4/BGM_EX4_Field_Ult_Day01.scd",1,False,False,True,90,0
861,"music/ex4/BGM_EX4_Field_Ult_Day02.scd",1,False,False,True,90,0
862,"music/ex4/BGM_EX4_Field_Ult_Day03.scd",1,False,False,True,90,0
863,"music/ex4/BGM_EX4_Field_Safe01.scd",1,False,True,True,30,0
864,"music/ex4/BGM_EX4_Field_Safe02.scd",1,False,False,True,90,0
865,"music/ex4/BGM_EX4_Field_Lab_Battle.scd",1,False,False,True,90,0
866,"music/ex4/BGM_EX4_Field_Thav_Battle.scd",1,False,False,True,90,0
867,"music/ex4/BGM_EX4_Field_Gar_Battle.scd",1,False,False,True,90,0
868,"music/ex4/BGM_EX4_Field_Elp_Battle.scd",1,False,False,True,90,0
869,"music/ex4/BGM_EX4_Field_Mar_Lep_battle.scd",1,False,False,True,90,0
870,"music/ex4/BGM_EX4_Ban_01.scd",1,False,False,True,90,0
871,"music/ex4/BGM_EX4_Ban_02.scd",1,False,False,True,90,0
872,"music/ex4/BGM_EX4_Ban_04.scd",1,False,False,True,90,0
873,"music/ex4/BGM_EX4_Ban_05.scd",1,False,False,True,90,0
874,"music/ex4/BGM_EX4_Dan_D02.scd",1,False,False,True,90,0
875,"music/ex4/BGM_EX4_Dan_D04.scd",1,False,False,True,90,0
876,"music/ex4/BGM_EX4_Dan_D03.scd",1,False,False,True,90,0
877,"music/ex4/BGM_EX4_Dan_D05.scd",1,False,False,True,90,0
878,"music/ex4/BGM_EX4_Dan_D01.scd",1,False,False,True,90,0
879,"music/ex4/BGM_EX4_Dan_D06.scd",1,False,False,True,90,0
880,"music/ex4/BGM_EX4_Dan_D07.scd",1,False,False,True,90,0
881,"music/ex4/BGM_EX4_Dan_D08.scd",1,False,False,True,90,0
882,"music/ex4/BGM_EX4_Boss_Battle01.scd",1,False,False,True,90,0
883,"music/ex4/BGM_EX4_Boss_Battle02.scd",1,False,False,True,90,0
884,"music/ex4/BGM_EX4_Raid_01.scd",1,False,False,True,90,0
885,"music/ex4/BGM_EX4_Raid_02.scd",1,False,False,True,90,0
886,"music/ex4/BGM_EX4_Raid_03.scd",1,False,False,True,90,0
887,"music/ex4/BGM_EX4_System_Title.scd",1,False,False,True,90,0
888,"music/ex4/BGM_EX4_EndCredit01.scd",1,False,False,True,90,0
889,"music/ffxiv/BGM_Ride_Zodiark.scd",1,False,False,True,90,2
890,"music/ffxiv/BGM_Ride_Hydaelyn.scd",1,False,False,True,90,2
891,"music/ffxiv/BGM_Ride_Pandemonium01.scd",1,False,False,True,90,2
892,"music/ex4/BGM_EX4_Event_17.scd",1,False,False,True,90,0
893,"music/ex4/BGM_EX4_Event_15.scd",1,False,False,True,90,0
894,"music/ex4/BGM_EX4_Event_16.scd",1,False,False,True,90,0
895,"music/ffxiv/BGM_Ride_EX4Common.scd",1,False,False,True,90,2
896,"music/ex4/BGM_EX4_Event_19.scd",1,False,False,True,90,0
897,"music/ex4/BGM_EX4_Field_Lab_Ten.scd",1,False,False,True,90,0
898,"music/ex4/BGM_EX4_Event_21.scd",1,True,True,False,90,0
899,"music/ex4/BGM_EX4_Event_20.scd",1,False,False,True,90,0
900,"music/ex4/BGM_EX4_Field_Lab_Sakasa.scd",1,False,False,True,90,0
901,"music/ex4/BGM_EX4_Field_Lab_Doc.scd",1,False,False,True,90,0
902,"music/ex4/BGM_EX4_Event_23.scd",1,True,True,False,90,0
903,"music/ex4/BGM_EX4_Event_24.scd",1,False,False,True,90,0
904,"music/ex4/BGM_EX4_Event_25.scd",1,False,False,True,90,0
905,"music/ex4/BGM_EX4_Town_O_Event01.scd",1,False,False,True,90,0
906,"music/ex4/BGM_EX4_BanFort_Ark_Good.scd",1,False,False,True,90,0
907,"music/ex4/BGM_EX4_Ban_06.scd",1,False,False,True,90,0
908,"music/ffxiv/BGM_MKS01.scd",1,False,False,True,90,0
909,"music/ffxiv/BGM_MKS02.scd",1,False,False,True,90,0
910,"music/ffxiv/BGM_MKS03.scd",1,False,False,True,90,0
911,"music/ex4/BGM_EX4_Dan_D09.scd",1,False,False,True,90,0
912,"music/ex4/BGM_EX4_MoE_01.scd",1,False,False,True,90,0
913,"music/ex4/BGM_EX4_MoE_02.scd",1,False,False,True,90,0
914,"music/ex4/BGM_EX4_MoE_03.scd",1,False,False,True,90,0
915,"music/ex4/BGM_EX4_MoE_04.scd",1,False,False,True,90,0
916,"music/ex4/BGM_EX4_MoE_05.scd",1,False,False,True,90,0
917,"music/ffxiv/BGM_Ride_GDZ.scd",1,False,False,True,90,2
918,"music/ex4/BGM_EX4_Event_26.scd",1,True,True,False,90,0
919,"music/ffxiv/BGM_Ride_YTC.scd",1,False,False,True,90,2
920,"music/ex4/BGM_EX4_Event_Soten.scd",1,False,False,True,90,0
921,"music/ex4/BGM_EX4_Boss02.scd",1,False,False,True,90,0
922,"music/ex4/BGM_EX4_Ban_Nidhogg_02.scd",1,False,False,True,90,0
923,"music/ex4/BGM_EX4_Event_DragonWar.scd",1,False,False,True,90,0
924,"music/ex4/BGM_EX4_Dungeon_Kyoko.scd",1,False,False,True,90,0
925,"music/ex4/BGM_EX4_Event_27.scd",1,False,False,True,90,0
926,"music/ex4/BGM_EX4_Ban_Nidhogg_01.scd",1,False,False,True,90,0
927,"music/ex4/BGM_EX4_Dungeon_Mor_02.scd",1,False,False,True,90,0
928,"music/ex4/BGM_EX4_Event_28.scd",1,False,False,True,90,0
929,"music/ex4/BGM_EX4_BanFort_Omi_Good.scd",1,False,False,True,90,0
930,"music/ex4/BGM_EX4_Ban_07.scd",1,False,False,True,90,0
931,"music/ffxiv/BGM_MJI_01.scd",1,False,False,True,90,0
932,"music/ffxiv/BGM_MJI_02.scd",1,False,True,True,120,0
933,"music/ex4/BGM_EX4_Dan_D10.scd",1,False,False,True,90,0
934,"music/ex4/BGM_EX4_Boss_Battle03.scd",1,False,False,True,90,0
935,"music/ex4/BGM_EX4_VVD_01.scd",1,False,False,True,90,0
936,"music/ex4/BGM_EX4_VVD_02.scd",1,False,False,True,90,0
937,"music/ex4/BGM_EX4_Raid_04.scd",1,False,False,True,90,0
938,"music/ex4/BGM_EX4_Raid_05.scd",1,False,False,True,90,0
939,"music/ex4/BGM_EX4_Raid_06.scd",1,False,False,True,90,0
940,"music/ex4/BGM_EX4_Raid_07.scd",1,False,False,True,90,0
941,"music/ffxiv/BGM_Ride_Barb.scd",1,False,False,True,90,2
942,"music/ffxiv/BGM_Ride_Pandemonium02.scd",1,False,False,True,90,2
943,"music/ffxiv/BGM_Ride_MJI.scd",1,False,False,True,90,2
944,"music/ffxiv/BGM_Ride_VVD01.scd",1,False,False,True,90,2
945,"music/ffxiv/BGM_Ride_VVD02.scd",1,False,False,True,90,2
946,"music/ex4/BGM_EX4_Event_29.scd",1,False,False,True,90,0
947,"music/ex4/BGM_EX4_Event_30.scd",1,False,False,True,90,0
948,"music/ex4/BGM_EX4_BanFort_Lep_Good.scd",1,False,False,True,90,0
949,"music/ex4/BGM_EX4_Ban_08.scd",1,False,False,True,90,0
950,"music/ex4/BGM_EX4_Ban_09.scd",1,False,False,True,90,0
951,"music/ex4/BGM_EX4_Ban_10.scd",1,False,False,True,90,0
952,"music/ex4/BGM_EX4_Dan_D11.scd",1,False,False,True,90,0
953,"music/ex4/BGM_EX4_DD_01.scd",1,False,False,True,90,0
954,"music/ex4/BGM_EX4_DD_02.scd",1,False,False,True,90,0
955,"music/ex4/BGM_EX4_DD_03.scd",1,False,False,True,90,0
956,"music/ex4/BGM_EX4_DD_04.scd",1,False,False,True,90,0
957,"music/ex4/BGM_EX4_DD_05.scd",1,False,False,True,90,0
958,"music/ex4/BGM_EX4_MoE_06.scd",1,False,False,True,90,0
959,"music/ex4/BGM_EX4_MoE_07.scd",1,False,False,True,90,0
960,"music/ex4/BGM_EX4_MoE_08.scd",1,False,False,True,90,0
961,"music/ffxiv/BGM_Ride_Rubi.scd",1,False,False,True,90,2
962,"music/ex4/BGM_EX4_Ban_11.scd",1,False,False,True,90,0
963,"music/ex4/BGM_EX4_Ban_12.scd",1,False,False,True,90,0
964,"music/ex4/BGM_EX4_Ban_13.scd",1,False,False,True,90,0
965,"music/ex4/BGM_EX4_EventMap01.scd",1,False,False,True,90,0
966,"music/ex4/BGM_EX4_Ban_14.scd",1,False,False,True,90,0
967,"music/ex3/BGM_EX3_AOZ_01.scd",1,False,False,True,90,0
968,"music/ffxiv/BGM_MJI_03.scd",1,False,True,True,120,0
969,"music/ffxiv/BGM_Minigame_10th01.scd",1,False,False,True,90,0
970,"music/ffxiv/BGM_Minigame_10th02.scd",1,False,False,True,90,0
971,"music/ex4/BGM_EX4_Dan_D12.scd",1,False,False,True,90,0
972,"music/ex4/BGM_EX4_VVD_03.scd",1,False,False,True,90,0
973,"music/ex4/BGM_EX4_VVD_04.scd",1,False,False,True,90,0
974,"music/ex4/BGM_EX4_VVD_05.scd",1,False,False,True,90,0
975,"music/ex4/BGM_EX4_Raid_08.scd",1,False,False,True,90,0
976,"music/ex4/BGM_EX4_Raid_09.scd",1,False,False,True,90,0
977,"music/ex4/BGM_EX4_Raid_10.scd",1,False,False,True,90,0
978,"music/ex4/BGM_EX4_Raid_11.scd",1,False,False,True,90,0
979,"music/ffxiv/BGM_Ride_Golbez.scd",1,False,False,True,90,2
980,"music/ffxiv/BGM_Ride_Pandemonium03.scd",1,False,False,True,90,2
981,"music/ffxiv/BGM_Ride_VVD03.scd",1,False,False,True,90,2
982,"music/ffxiv/BGM_Ride_VVD04.scd",1,False,False,True,90,2
983,"music/ffxiv/BGM_Minigame_10th03.scd",1,False,False,True,90,0
984,"music/ffxiv/BGM_Minigame_10th04.scd",1,False,False,True,90,0
985,"music/ffxiv/BGM_Ride_Fanfes2023.scd",1,False,False,True,90,2
986,"music/ex4/BGM_EX4_Event_31.scd",1,False,False,True,90,0
987,"music/ex4/BGM_EX4_Ban_15.scd",1,False,False,True,90,0
988,"music/ex4/BGM_EX4_Ban_16.scd",1,False,False,True,90,0
989,"music/ex4/BGM_EX4_Dan_D13.scd",1,False,False,True,90,0
990,"music/ex4/BGM_EX4_VVD_06.scd",1,False,False,True,90,0
991,"music/ex4/BGM_EX4_VVD_07.scd",1,False,False,True,90,0
992,"music/ex4/BGM_EX4_MoE_09.scd",1,False,False,True,90,0
993,"music/ex4/BGM_EX4_MoE_10.scd",1,False,False,True,90,0
994,"music/ex4/BGM_EX4_MoE_11.scd",1,False,False,True,90,0
995,"music/ffxiv/BGM_Ride_Zerom.scd",1,False,False,True,90,2
996,"music/ffxiv/BGM_Ride_VVD05.scd",1,False,False,True,90,2
997,"music/ffxiv/BGM_Ride_VVD06.scd",1,False,False,True,90,2
998,"music/ffxiv/BGM_Ride_FF4Baha.scd",1,False,False,True,90,2
999,"music/ex4/BGM_EX4_EndCredit02.scd",1,False,False,True,90,0
1000,"",0,False,False,False,0,0
20000,"",0,False,False,True,90,0
20001,"music/ffxiv/BGM_Event_SXT01.scd",1,False,False,True,90,0
20002,"music/ffxiv/BGM_Event_SXT02.scd",1,False,False,True,90,0
20003,"music/ffxiv/BGM_Event_SXT03.scd",1,False,False,True,90,0
20004,"music/ffxiv/BGM_Event_SXT04.scd",1,False,False,True,90,0
20005,"music/ffxiv/BGM_Event_SXT05.scd",1,False,False,True,90,0
20006,"music/ffxiv/BGM_Event_SXT06.scd",1,False,False,True,90,0
20007,"music/ffxiv/BGM_Event_SXT07.scd",1,False,False,True,90,0
20008,"music/ffxiv/BGM_Event_SXT08.scd",1,False,False,True,90,0
20009,"music/ffxiv/BGM_Event_SXT09.scd",1,True,True,False,90,0
20010,"music/ffxiv/BGM_Event_SXT10.scd",1,False,False,True,90,0
20011,"music/ffxiv/BGM_Ride_SXT01.scd",1,False,False,True,90,2
20012,"music/ffxiv/BGM_Event_FGS01.scd",1,False,False,True,90,0
20013,"music/ffxiv/BGM_Event_FGS02.scd",1,False,False,True,90,0
20014,"music/ffxiv/BGM_Event_FGS03.scd",1,False,False,True,90,0
20015,"music/ffxiv/BGM_Event_FGS04.scd",1,False,False,True,90,0
20016,"music/ffxiv/BGM_Event_FGS05.scd",1,False,False,True,90,0
20017,"music/ffxiv/BGM_Event_FGS06.scd",1,False,False,True,90,0
20018,"music/ffxiv/BGM_Event_FGS07.scd",1,False,False,True,90,0
20019,"music/ffxiv/BGM_Event_FGS08.scd",1,True,True,False,90,0
20020,"music/ffxiv/BGM_Event_FGS09.scd",1,False,False,True,90,0
20021,"music/ffxiv/BGM_Ride_FGS01.scd",1,False,False,True,90,2
20023,"music/ex5/BGM_EX5_Event_01.scd",1,False,False,True,90,0
20024,"music/ex5/BGM_EX5_Event_02.scd",1,False,False,True,90,0
20025,"music/ex5/BGM_EX5_Event_03.scd",1,False,False,True,90,0
20026,"music/ex5/BGM_EX5_Event_04.scd",1,False,False,True,90,0
20027,"music/ex5/BGM_EX5_Event_05.scd",1,False,False,True,90,0
20028,"music/ex5/BGM_EX5_Event_06.scd",1,False,False,True,90,0
20029,"music/ex5/BGM_EX5_Event_07.scd",1,False,False,True,90,0
20030,"music/ex5/BGM_EX5_Event_08.scd",1,False,False,True,90,0
20031,"music/ex5/BGM_EX5_Event_09.scd",1,False,False,True,90,0
20032,"music/ex5/BGM_EX5_Event_10.scd",1,False,False,True,90,0
20033,"music/ex5/BGM_EX5_Event_11.scd",1,False,False,True,90,0
20034,"music/ex5/BGM_EX5_Event_12.scd",1,False,False,True,90,0
20035,"music/ex5/BGM_EX5_Event_13.scd",1,False,False,True,90,0
20036,"music/ex5/BGM_EX5_Event_14.scd",1,False,False,True,90,0
20037,"music/ex5/BGM_EX5_Event_15.scd",1,False,False,True,90,0
20038,"music/ex5/BGM_EX5_Event_16.scd",1,False,False,True,90,0
20039,"music/ex5/BGM_EX5_Event_17.scd",1,False,False,True,90,0
20040,"music/ex5/BGM_EX5_Event_18.scd",1,True,True,False,90,0
20041,"music/ex5/BGM_EX5_Event_19.scd",1,False,False,True,90,0
20042,"music/ex5/BGM_EX5_Event_20.scd",1,True,True,False,90,0
20043,"music/ex5/BGM_EX5_Event_21.scd",1,False,False,True,90,0
20044,"music/ex5/BGM_EX5_Event_22.scd",1,True,True,False,90,0
20045,"music/ex5/BGM_EX5_Town_T_Day.scd",1,False,False,True,90,0
20046,"music/ex5/BGM_EX5_Town_T_Night.scd",1,False,False,True,90,0
20047,"music/ex5/BGM_EX5_Town_S_Day.scd",1,False,False,True,90,0
20048,"music/ex5/BGM_EX5_Field_Urq_Day.scd",1,False,True,True,30,0
20049,"music/ex5/BGM_EX5_Field_Urq_Night.scd",1,False,True,True,30,0
20050,"music/ex5/BGM_EX5_Field_Koz_Day.scd",1,False,True,True,30,0
20051,"music/ex5/BGM_EX5_Field_Koz_Night.scd",1,False,True,True,30,0
20052,"music/ex5/BGM_EX5_Field_Yak_Day.scd",1,False,True,True,30,0
20053,"music/ex5/BGM_EX5_Field_Yak_Night.scd",1,False,True,True,30,0
20054,"music/ex5/BGM_EX5_Field_Sha_Day.scd",1,False,True,True,30,0
20055,"music/ex5/BGM_EX5_Field_Sha_Night.scd",1,False,True,True,30,0
20056,"music/ex5/BGM_EX5_Field_Her_Day.scd",1,False,True,True,30,0
20057,"music/ex5/BGM_EX5_Field_Her_Night.scd",1,False,True,True,30,0
20058,"music/ex5/BGM_EX5_Field_Liv_Day01.scd",1,False,False,True,90,0
20059,"music/ex5/BGM_EX5_Field_Liv_Day02.scd",1,False,False,True,90,0
20060,"music/ex5/BGM_EX5_EventMap05.scd",1,False,False,True,90,0
20061,"music/ex5/BGM_EX5_EventMap06.scd",1,False,False,True,90,0
20062,"music/ex5/BGM_EX5_Field_Safe01.scd",1,False,True,True,30,0
20063,"music/ex5/BGM_EX5_Field_Safe02.scd",1,False,True,True,30,0
20064,"music/ex5/BGM_EX5_Field_Safe03.scd",1,False,True,True,30,0
20065,"music/ex5/BGM_EX5_Field_Urq_Battle.scd",1,False,False,True,90,0
20066,"music/ex5/BGM_EX5_Field_Koz_Battle.scd",1,False,False,True,90,0
20067,"music/ex5/BGM_EX5_Field_Yak_Battle.scd",1,False,False,True,90,0
20068,"music/ex5/BGM_EX5_Field_Sha_Battle.scd",1,False,False,True,90,0
20069,"music/ex5/BGM_EX5_Field_Her_Battle.scd",1,False,False,True,90,0
20070,"music/ex5/BGM_EX5_Field_Liv_Battle.scd",1,False,False,True,90,0
20071,"music/ex5/BGM_EX5_Field_Liv_Fate.scd",1,False,False,True,90,0
20072,"music/ex5/BGM_EX5_Ban_01.scd",1,False,False,True,90,0
20073,"music/ex5/BGM_EX5_Ban_02.scd",1,False,False,True,90,0
20074,"music/ex5/BGM_EX5_Ban_03.scd",1,False,False,True,90,0
20075,"music/ex5/BGM_EX5_Ban_04.scd",1,False,False,True,90,0
20076,"music/ex5/BGM_EX5_Dan_D01.scd",1,False,False,True,90,0
20077,"music/ex5/BGM_EX5_Dan_D02.scd",1,False,False,True,90,0
20078,"music/ex5/BGM_EX5_Dan_D03.scd",1,False,False,True,90,0
20079,"music/ex5/BGM_EX5_Dan_D04.scd",1,False,False,True,90,0
20080,"music/ex5/BGM_EX5_Dan_D05.scd",1,False,False,True,90,0
20081,"music/ex5/BGM_EX5_Dan_D06.scd",1,False,False,True,90,0
20082,"music/ex5/BGM_EX5_Dan_D07.scd",1,False,False,True,90,0
20083,"music/ex5/BGM_EX5_Dan_D08.scd",1,False,False,True,90,0
20084,"music/ex5/BGM_EX5_Boss_Battle01.scd",1,False,False,True,90,0
20085,"music/ex5/BGM_EX5_Boss_Battle02.scd",1,False,False,True,90,0
20086,"music/ex5/BGM_EX5_System_Title.scd",1,False,False,True,90,0
20087,"music/ex5/BGM_EX5_EndCredit01.scd",1,False,False,True,90,0
20088,"",0,False,False,False,0,0
20089,"",0,False,False,False,0,0
20090,"",0,False,False,False,0,0
20091,"",0,False,False,False,0,0
20092,"",0,False,False,False,0,0
20093,"",0,False,False,False,0,0
20094,"music/ffxiv/BGM_Event_Dotabata.scd",1,False,False,True,90,0
20095,"music/ffxiv/BGM_Ride_Valigarmanda.scd",1,False,False,True,90,2
20096,"music/ffxiv/BGM_Ride_Zoraalja.scd",1,False,False,True,90,2
20097,"music/ffxiv/BGM_Ride_Ark.scd",1,False,False,True,90,2
20098,"",0,False,False,False,0,0
20099,"",0,False,False,False,0,0
20100,"music/ex5/BGM_EX5_Event_23.scd",1,False,False,True,90,0
20101,"music/ex5/BGM_EX5_Field_Liv_Fate2.scd",1,False,False,True,90,0
20102,"music/ex5/BGM_EX5_Event_24.scd",1,True,True,False,90,0
20103,"music/ex5/BGM_EX5_Event_25.scd",1,False,False,True,90,0
