﻿key,0,1,2,3,4
#,EnableDisableRestart,Resume,EnablePassEnd,ForceAutoReset,IgnoreBattle
int32,bit&01,bit&02,bit&04,bit&08,bit&10
0,False,True,False,False,False
1,False,True,False,False,False
2,False,False,False,False,False
3,False,False,False,False,False
4,False,True,False,True,False
5,False,True,False,True,False
6,False,True,False,True,False
7,False,True,False,True,False
8,False,True,False,True,False
9,True,False,False,True,False
10,True,False,True,True,True
11,True,False,True,True,True
