﻿key,0,1,2,3,4,5,6,7,8,9,10,11,12,13,14,15,16,17,18,19,20,21,22,23,24,25,26,27,28,29,30,31,32,33,34,35,36,37,38,39,40,41,42,43,44,45,46,47,48,49
#,HyurMidlander[Male],HyurMidlander[Female],HyurMidlander[LastName],HyurHighlander[Male],HyurHighlander[Female],HyurHighlander[LastName],Elezen[Male],Elezen[Female],ElezenWildwood[LastName],ElezenDuskwight[LastName],MiqoteSun[Male],MiqoteSun[Female],MiqoteSun[MaleLastName],MiqoteSun[FemaleLastName],MiqoteMoon[Male],MiqoteMoon[Female],MiqoteMoon[Lastname],LalafellPlainsfolk[FirstNameStart],LalafellPlainsfolk[LastNameStart],LalafellPlainsfolk[EndOfNames],LalafellDunesfolk[Male],LalafellDunesfolk[MaleLastName],LalafellDunesfolk[Female],LalafellDunesfolk[FemaleLastName],RoegadynSeaWolf[Male],RoegadynSeaWolf[MaleLastName],RoegadynSeaWolf[Female],RoegadynSeaWolf[FemaleLastName],RoegadynHellsguard[FirstName],RoegadynHellsguard[MaleLastName],RoegadynHellsguard[FemaleLastName],AuRaRaen[Male],AuRaRaen[Female],AuRaRaen[LastName],AuRaXaela[Male],AuRaXaela[Female],AuRaXaela[LastName],HrothgarHellions[FirstName],HrothgarHellions[LastName],HrothgarLost[FirstName],HrothgarLost[LastName],Viera[FirstName],VieraRava[LastName],VieraVeena[LastName],,,,,,
int32,str,str,str,str,str,str,str,str,str,str,str,str,str,str,str,str,str,str,str,str,str,str,str,str,str,str,str,str,str,str,str,str,str,str,str,str,str,str,str,str,str,str,str,str,str,str,str,str,str,str
0,"Anselmet","Hemin","Abbey","Willahelm","Adala","Alvey","Aibertain","Alboise","Alamenain","Alambertel","A'tiqa","A'linhbo","Tia","Taqa","Nheu'a","Nheu","Jawantal","A","An","aka","Bibi","an","Ba","ba","Ahlduwil","Lonwoerdsyn","Ahldswys","Lonwoerdwyn","Dancing","Coeurl","Herring","Akagi","Aoi","Kaneuchi","Abaka","Bagurchi","Adarkim","Ivica","Amira","Davor","Zlatasch","Ziva","Amira","Zlatasch","Bilga","Rehw-Nong","Sjadarwesfv","Krjn","Hyskaris","Roda"
1,"Clerebold","Alicen","Abel","Willamar","Adalberta","Archer","Alderique","Amandine","Arscelin","Alboichamps","L'tiqa","B'nimuili","Tia","Dhen","Miah'to","Miah","Molkot","Aby","Aro","bas","Bubu","beta","Bi","cha","Ahtund","Wastwebbsyn","Arenswys","Wastwebbwyn","Wandering","Buffalo","Salmon","Isse","Azami","Akiudo","Agasiletai","Barghujin","Angura","Matija","Azora","Tikhomir","Liubasch","Vesna","Azora","Brankasch","Idga","Djt-Nong","Jgnewesfv","Ktjn","Eryut","Lesrekta"
2,"Lodewicus","Geva","Ackerman","Willelm","Adalind","Ashdale","Alexois","Ameline","Asturmaux","Archevauliere","Y'rhika","C'ranmaia","Tia","Rhiki","Masha'to","Masha","Mhakaracca","Apa","Ato","cho","Chacha","doa","Bu","da","Firkmann","Wistweinsyn","Beraswys","Wistweinwyn","Spiraling","Chocobo","Trout","Ugan","Ajisai","Oshidari","Agsaldai","Barqujin","Arulaq","Osorio","Avesna","Lirim","Brankasch","Zorya","Avesna","Tirasch","Jusel","Rehw-Marouc","Monnawesfv","Alys","Camoa","Arda"
3,"Talan","Gylda","Addock","Winebaud","Adelena","Ashe","Antoinaut","Amenie","Aubaints","Auberlaint","T'rhika","D'wonjhali","Tia","Rhof","Rubh'a","Rubh","Epocan","Ba","Bu","gin","Cheche","doga","Cha","fu","Aismurl","Wuntwilfsyn","Bleiswys","Wuntwilfwyn","Burrowing","Aurochs","Whale","Ukyo","Atori","Gakuto","Agujam","Baugurchi","Avagnar","Vladithgar","Azorya","Kresimir","Tirasch","Rodica","Azorya","Ratyasch","Kelta","Djt-Marouc","Huorlwesfv","Veis","Muscadet","Ymir"
4,"Aldous","Motte","Allen","Wiscard","Aebbe","Ayers","Arismont","Amianne","Aubierault","Aucheforne","I'raht","E'nibnpha","Tia","Rahz","Rhaq'a","Rhaq","Nelhah","Cha","Buli","guda","Coco","fono","Chu","i","Broenfarr","Untawhasyn","Bhaldswys","Untawhawyn","Rolling","Bull","Dolphin","Ugetsu","Ayame","Ushikai","Yabuqa","Berude","Bairon","Nenad","Astana","Dob","Ratyasch","Lubov","Astana","Slanasch","Loija","Rehw-Bidit","Ornedwesfv","Ruuj","Atoel","Bosco"
5,"Abraham","Cecilia","Allond","Withekind","Aelina","Bailey","Armantel","Astrelle","Aubrenard","Bamponcet","B'raht","F'mallibo","Tia","Hena","Nhagi'li","Nhagi","Amariyo","Du","Buoy","hoy","Dada","issa","Da","ka","Broenfohc","Ubyltusyn","Broenswys","Ubyltuwyn","Rising","Buck","Clam","Usefushi","Awayuki","Kataribe","Ligdan","Boljigchi","Bayaqud","Zlatan","Arodica","Desimir","Slanasch","Mirka","Arodica","Enyasch","Nirli","Djt-Bidit","Qufiswesfv","Shara","Bysnoe","Gucuma"
6,"Mansel","Amice","Arkwright","Wolkan","Aenor","Baines","Arthurioux","Atelloune","Aurifort","Bardelaurain","O'tyada","G'konnala","Tia","Tyata","Kiht'a","Kiht","Gamduhla","E","Dala","ipo","Didi","joni","De","ke","Broenwyrn","Sykursyn","Caerswys","Sykurwyn","Yawning","Antelope","Wave","Udoku","Anzu","Bakuro","Luvsan","Boragchin","Bolir","Toplica","Amilan","Slathac","Enyasch","Lanya","Amilan","Natasch","Teeja","Rehw-Dvre","Foixewesfv","Rena","Dei-Ijla","Kisne"
7,"Werner","Everill","Aubrey","Wracwulf","Ahelissa","Barrett","Artoirel","Aurelle","Beltardois","Barnabontant","P'tyada","H'alabali","Tia","Bamu","Qahs'a","Qahs","Chalahko","Fe","Du","jika","Fafa","lai","Di","ki","Elilwaen","Swarsweigsyn","Dyrfswys","Swarsweigwyn","Laughing","Wolf","Ocean","Unzan","Izayoi","Urabe","Adarkidai","Borogchin","Borlaaq","Zhdan","Amirka","Matej","Natasch","Redna","Amirka","Svenach","Vodjs","Djt-Dvre","Ubmuawesfv","Rael","Fyth","Tehp"
8,"Powle","Edhida","Bagley","Wultgar","Albreda","Battle","Augustiniel","Blaisie","Bertouaint","Beaudefoins","V'apa","I'zimzizi","Tia","Aba","Fihpo'li","Fihpo","Jakkya","Fu","E","jin","Fofo","lan","Fa","ku","Eyrifrusk","Swozstyrmsyn","Ernaswys","Swozstyrmwyn","Towering","Coyote","Abyss","Unryu","Isuka","Shikibu","Achujim","Boroqcin","Buduga","Mistithgar","Asvana","Dobrica","Svenach","Zetina","Asvana","Ditasch","Yaalti","Rehw-Gilda","Copihwesfv","Bjonse","Golmarr","Paharo"
9,"Albin","Lewena","Ballard","Wunnihad","Aldruth","Beake","Aumeric","Blandie","Blodoint","Beaudonet","X'apa","J'talhdi","Tia","Raha","Daca'to","Xau","Nbolo","Ga","Gami","lado","Fufu","lao","Fi","la","Fyrilsunn","Solksthalsyn","Floerswys","Solksthalwyn","Sulking","Jackal","River","Ensetsu","Ibara","Sakimuri","Adkiragh","Botokhui","Dalamiq","Mutimir","Avira","Ostromir","Ditasch","Stolla","Avira","Anatalyasch","Asdjs","Djt-Gilda","Rawbewesfv","Arjm","Iryut","Muruc"
10,"Arthur","Mirabelle","Barker","Wyat","Aleidis","Beck","Baptistaux","Breine","Branchais","Bontensont","E'mhati","K'lyhhia","Tia","Mhasi","Daca'li","Daca","Jinjahl","Gol","Gu","lbi","Gaga","lata","Fu","le","Fyrmurl","Sunnskyfsyn","Fraeswys","Sunnskyfwyn","Bounding","Griffin","Lake","Kaien","Ibuki","Hatasashi","Anarba","Caalun","Iriq","Bogomil","Aredna","Ivan","Anatalyasch","Marya","Aredna","Inivisch","Bjel","Rehw-Setlas","Phiitewesfv","Coeli","Ljanta","Cahuac"
11,"Augustine","Aeditha","Barlow","Wymar","Alesone","Benbow","Barnabaix","Brigie","Cahernaut","Braitognieux","Z'mhati","M'laiboli","Tia","Odh","Rubh'li","Okkh","Polaali","Ha","Ha","lgo","Gigi","mai","Ga","lo","Fyrilskyf","Seiksatzsyn","Fyrilswys","Seiksatzwyn","Skittering","Dragon","Spring","Kagetora","Uto","Tabito","Amasar","Ceceyigen","Jhungid","Ratimir","Azetina","Vsemil","Inivisch","Tolna","Azetina","Jovasch","Coeli","Djt-Setlas","Gahjewesfv","Ysera","Miret-Moor","Isshu"
12,"Bayard","Aldyet","Bell","Wymund","Alvered","Blackburn","Bernon","Ceaulie","Carrilaut","Brucemont","L'olh","L'koliwe","Tia","Tykha","Rinh'a","Rinh","Maimhov","Ho","Hamy","lin","Gogo","maya","Go","lu","Helbhanth","Rhansathsyn","Ghimswys","Rhansathwyn","Running","Rat","Waterfall","Kagero","Ume","Kaujin","Amasandji","Chambui","Kharlu","Radisa","Astolla","Mithgar","Jovasch","Tessa","Astolla","Onasch","Covva","","","Yurhee","Miret-Njer","Cebe"
13,"Belmont","Audrye","Bellveil","Thimm","Alyon","Brood","Bloisirant","Celie","Charlemend","Cedrepierre","Q'olh","N'onggo","Tia","Khuba","Wyra'li","Wyra","Lyehga","Ka","Hon","lito","Gugu","muko","Ha","mo","Holskgeiss","Pfymseiksyn","Haldswys","Pfymseikwyn","Walking","Mouse","Creek","Kasasagi","Enrei","Gyoji","Aragibal","Checheyigen","Khatayin","Cachi","Amarya","Jaromir","Onasch","Yurya","Amarya","Ulgasch","Elja","","","Venase","Otoel","Yapih"
14,"Benedict","Aylufa","Berry","Tyon","Alys","Blacke","Boiselont","Cevilia","Chaunollet","Chamberliaux","N'bhem","O'yaalamo","Tia","Rhid","Wyra'to","Tsimh","Kaatapoh","Kam","Ke","lka","Haha","mun","Hi","mu","Ketenborn","Ostornsyn","Isilswys","Ostornwyn","Weeping","Falcon","Stream","Kazan","Ochimi","Daisho","Arabuccha","Dorgene","Malqir","Zvonimir","Atolna","Volos","Petyasch","Pella","Atolna","Hinkasch","Gieda","","","Ukina","Qoet","Yaxin"
15,"Beneger","Diamanda","Bishop","Ulta","Amelot","Bloode","Briardien","Cliaux","Cimeaurant","Charledore","C'behm","P'wabati","Tia","Bhen","Tefh'a","Tefh","Khamazom","Ke","Kelu","lno","Hihi","nasu","Ja","na","Merlzirn","Rosnsathsyn","Khannthota","Rosnsathwyn","Kicking","Eagle","Bream","Kamui","Kaede","Kanshi","Arik","Dorgono","Mankhad","Nekras","Atessa","Sead","Linasch","Mov","Atessa","Maevsch","Hjek","","","Sonja","Rysto","Huin"
16,"Boyle","Eadburga","Braddock","Umfrey","Arlette","Brand","Brunadier","Dennia","Corentiaux","Chassebel","D'lohi","Q'zalikko","Tia","Qolnh","Tyo'li","Tyo","Panipahr","Ko","Kesu","lto","Jaja","neja","Ji","ne","Moerfian","Niunaglsyn","Klynthota","Niunaglwyn","Raging","Buzzard","Siren","Karaku","Kagetsu","Godo","Argasar","Ebegei","Mierqid","Vsethgar","Ayurya","Vaclav","Ulgasch","Deanna","Ayurya","Ovasch","Jovvi","","","Slejsa","Sjasaris","Oghu"
17,"Bran","Edda","Brasher","Walahfrid","Athala","Bullock","Celestaux","Docette","Coultenet","Chatelfort","F'lohi","R'lloon","Tia","Loha","Mholi'to","Mholi","Moshroca","Lif","Kog","lugi","Jiji","nen","Ke","ni","Nystbyrm","Moeramohtsyn","Kyndthota","Moeramohtwyn","Steaming","Crow","Whirlpool","Kansui","Kasumi","Ishiku","Alghu","Gorbeljin","Noykin","Taman","Amov","Ludevit","Maevsch","Lirya","Apella","Slobasch","Leeja","","","Qestra","Tym","Tswarra"
18,"Bruce","Edekin","Brewer","Walcher","Atheleys","Butcher","Ciceroix","Doelle","Dailemont","Cibleroit","G'azih","S'naidjaa","Tia","Phen","Mholi'ra","Thya","Garanjy","Mo","Loh","lyo","Jojo","nima","Ki","no","Pfrymloef","Moegmhusyn","Lagonthota","Moegmhuwyn","Rampaging","Dragonfly","Current","Gyokusei","Kikyo","Urabito","Arslang","Gurbesu","Olkund","Xeven","Adeanna","Andriya","Lentyasch","Jolla","Amov","Piryasch","Ljot","","","Petra","Viras","Guguerro"
19,"Clifton","Edyva","Broadbent","Waldibert","Auacyn","Byrde","Cillien","Dorys","Dariustel","Colbernoux","J'azih","T'brohka","Tia","Falh","Pelhi'sae","Pelhi","Jawantal","Na","Ma","lza","Koko","nji","Ko","po","Rhitahtyn","Marmannsyn","Lynathota","Marmannwyn","Shining","Peiste","Eddy","Kyokuho","Kikusui","Edakumi","Alchigh","Hogelun","Dazkar","Mladen","Ajolla","Ulfo","Ovasch","Branka","Adeanna","Votyasch","Ney","","","Nojra","Wolt","Gugoza"
20,"Clive","Eldid","Brooks","Waldomar","Auelin","Byrne","Clementain","Dylise","Drillemont","Dechamberre","K'falkh","U'shakkal","Tia","Banhi","Qata'a","Qata","Lihzeh","No","Maba","maga","Kuku","nori","Ku","pu","Skaenryss","Oebmannsyn","Northota","Oebmannwyn","Spinning","Yarzon","Turtle","Gyodo","Kuina","Okeya","Aruktai","Holuikhan","Oronir","Ladimir","","Raclaw","Yorvasch","Liuba","Ajolla","Anovsch","Osk","","","Nljsa","Yascaret","Tormelados"
21,"Colbert","Elfleda","Browne","Walhbert","Auriana","Cordwyk","Clotaire","Edmelle","Drividot","Deresnels","M'bahlo","U'djongo","Tia","Malha","Qata'to","Yhah","Mujuuk","O","Mada","mani","Lala","npa","La","re","Skarnmhar","Ostyrmannsyn","Rammthota","Ostyrmannwyn","Diving","Morbol","Orobon","Keiten","Kumokiri","Onishi","Ambaghai","Hujaghur","Oroq","Ladio","","Ziv","Slobasch","Zlata","","Ellasch","Sjol","","","Ney","Voras",""
22,"Colson","Etfled","Carmine","Warenheri","Aurildis","Cotter","Clotairion","Elde","Duimessand","Derinloire","R'ndae","W'baharra","Tia","Pahlo","Rhaya'li","Rhaya","Jaab","Pe","Magu","micha","Lili","nzo","Le","ro","Stymmwaen","Loezmannsyn","Rymmthota","Loezmannwyn","Climbing","Hornet","Apple","Keiho","Kurenai","Kaisuri","Yerentai","Ibakha","Qerel","Devyatko","","Matko","Piryasch","Ratya","","Stalyasch","Alakja","","","Leeja","",""
23,"Conphas","Ethelinda","Carver","Theodric","Aveis","Crewe","Dacien","Elvide","Duremert","Drancelmans","S'ndae","V'piqoi","Tia","Tyatu","Rhaya'lo","Ngha","Tayuun","Pu","Mena","mono","Lolo","poki","Li","sa","Soemraet","Lubbloefsyn","Satznthota","Lubbloefwyn","Drifting","Wasp","Plum","Keimei","Kogyoku","Kaifu","Iturgen","Jaliqai","Torgud","Frathopan","","Sladkey","Votyasch","Enya","","Zelasch","Daenne","","","Rjsha","",""
24,"Cornell","Fryswyde","Clarke","Theudobald","Avekin","Dalvag","Darceloix","Eminne","Ebrelnaux","Dubeltaire","U'quih","X'ghonako","Tia","Naweh","Rhaya'ra","Urha","Bajhiri","Ra","Mesha","nan","Mama","raji","Lo","sha","Syhrdaeg","Loetrlihtsyn","Skoenthota","Loetrlihtwyn","Sleeping","Goobbue","Swan","Genbu","Kozakura","Gakunin","Ilugei","Khadagan","Tumet","Svatomir","","Domagoi","Anovsch","Nata","","Vetasch","Mjara","","","Yodyl","",""
25,"Coster","Garthrite","Clay","Theodemar","Avila","Denman","Domitien","Ermiance","Estrelaint","Duchesnelt","W'quih","Y'dyalani","Tia","Ndai","Thata'sae","Thata","Zhwan","Ro","Mol","nco","Meme","raka","Lu","shu","Syvinmhas","Klynkestsyn","Sterrthota","Klynkestwyn","Striking","Mole","Gull","Gosetsu","Kotokaze","Kasanui","Uchikin","Khogaghchin","Ugund","Velibor","","Vyachko","Ellasch","Svena","","Stevasch","Rilja","","","Yvet","",""
26,"Cyriac","Gert","Clayworth","Sewell","Avin","Elder","Duvicauroix","Faine","Eurelt","Eudestand","A'vanoh","Z'moldva","Tia","Halha","Khuma'zi","Khuma","Molkoh","Sha","Na","neko","Mimi","rya","Ma","si","Trachtoum","Hyllkestsyn","Sunnthota","Hyllkestwyn","Drowning","Crab","Dodo","Kongo","Kototsuki","Kazarishi","Udutai","Khojin","Uyagir","Grugur","","Boric","Lantasch","Dita","","Utyasch","Shara","","","Heljn","",""
27,"Daimbert","Ginnade","Cooke","Shilgen","Baltelda","Forester","Emmanellain","Finia","Faintillaud","Eugeoiret","C'vanoh","B'arhll","Tia","Quah","Amh'a","Amh","Mewrilah","Sho","Po","neli","Nana","samu","Mi","su","Waebahct","Horskhundsyn","Syznthota","Horskhundwyn","Missing","Goat","Pelican","Saiun","Koharu","Kawanami","Esugen","Khorijin","Dhoro","Deyan","","Zdravko","Stalyasch","Anatalya","","Rolvasch","Yrys","","","Yuma","",""
28,"Dalmas","Godeleva","Corwell","Sibold","Balthildis","Frost","Enguerran","Flavielle","Faucertaux","Evrardoux","H'laqa","A'gnayak","Tia","Vanih","Kehda'li","Kehda","Rabntah","Su","Poto","nga","Nono","shan","Mo","to","Whastrach","Glazhwabsyn","Ubilwyda","Glazhwabwyn","Singing","Drake","Doe","Sagan","Komachi","Kusakari","Emlig","Khugurchin","Orben","Yaromir","","Miodrag","Zelasch","Iniva","","Wenyasch","Bazj","","","Acja","",""
29,"Danyell","Goodife","Covey","Sidimund","Berehta","Garrott","Estinien","Florine","Faucillien","Fauchetemps","T'laqa","A'dhodjbi","Tia","Laqi","Kehda'to","Panha","Wahcondalo","Te","Ra","ngi","Papa","tuni","Na","tsu","Wilfmoen","Glazghotsyn","Usynwyda","Glazghotwyn","Talking","Wyvern","Rabbit","Sakyo","Koruri","Kusushi","Ogodei","Narengawa","Ejinn","Ctibor","","Vlastimil","Vetasch","Jova","","Olanasch","Gadjan","","","Eljn","",""
30,"Deitrich","Gudytha","Dorne","Sifrid","Bergard","Goffe","Eugennoix","Frine","Ferdillaix","Fauconnoix","B'alih","B'raemha","Tia","Amih","Kheda'a","Vhaso","Jomalah","Wa","Rala","ngo","Pepe","ulu","Ni","wa","Winstoura","Guhtgeissyn","Wannwyda","Guhtgeiswyn","Whispering","Toad","Squirrel","Zansei","Zakuro","Kodakumi","Ozbeg","Nomolun","Dotharl","Dmitar","","Dubynya","Lianasch","Petya","","Mildasch","Jerpur","","","Djole","",""
31,"Denston","Hedheue","Dracht","Roric","Bertliana","Grayve","Fabrellet","Gaelle","Forchetaix","Feuillelains","Z'alih","B'abodji","Tia","Chaho","Una'a","Una","Relanah","Ya","Rom","on","Popo","vachi","No","wo","Wistsunn","Haerfrusksyn","Wiltwyda","Haerfruskwyn","Staring","Ghost","Calf","Zansetsu","Sazanami","Sashihai","Khal","Ogelen","Hotgo","Borimir","","Radovan","Stevasch","Lina","","Ridnisch","Liokki","","","Thesa","",""
32,"Derwin","Hida","Eugene","Raginmund","Cilia","Grey","Felixient","Gwenolie","Forsemart","Fierlaine","D'chah","C'lantaa","Tia","Jhamei","Una'to","Khloe","Akhabila","Yu","Tam","pas","Ququ","wai","Nu","ya","Wunthyml","Ghimfolgsyn","Wollwyda","Ghimfolgwyn","Falling","Bear","Sparrow","Shiun","Sayo","Sarugaku","Khalja","Orbei","Sagahl","Loeman","","Iljko","Utyasch","Hinka","","Tilvisch","Rassjan","","","Hjek","",""
33,"Deryk","Hildeyerd","Fairclough","Rand","Clarimond","Hammil","Ferreol","Hermance","Fraideoux","Fortanceste","J'chah","D'maladyu","Tia","Khah","Una'li","Sahja","Awandah","Ja","Taya","ppo","Rara","wazu","Pa","yo","Wysslorh","Geimfoetsyn","Wysswyda","Geimfoetwyn","Leaping","Galago","Crow","Shiden","Shion","Shibunuri","Khaishan","Sokhatai","Kahkol","Luchezar","","Drasko","Rolvasch","Maev","","Slendisch","Telzzel","","","Kjat","",""
34,"Eleazar","Lefchild","Fields","Odibrand","Demuth","Hart","Firmien","Hersande","Frilaix","Fourchenault","E'kayah","E'jusana","Tia","Yarhu","Una'sae","Tyago","Anbolho","Va","Tha","ral","Rere","yadi","Pe","za","Wyznguld","Fhilfhisyn","Zirnwyda","Fhilfhiwyn","Jeweled","Gnat","Heron","Shiranami","Sui","Tanshi","Khaidai","Sorkhaghtani","Kha","Dobry","","Darko","Wenyasch","Lentya","","Erayasch","Uvlo","","","Bjel","",""
35,"Emanuel","Lefleda","Fisher","Odinel","Dodda","Hawke","Firminnant","Iliette","Fromelaut","Fousquenet","I'kayah","O'juramm","Tia","Gayha","Sizha'li","Oghii","Betwanhe","Za","Tun","rimu","Riri","yako","Po","ze","Zaesoeya","Farredzasyn","Zoerwyda","Farredzawyn","Ivory","Boar","Stork","Shirojishi","Suzume","Chosai","Kishiligh","Sorocan","Mol","Putimir","","Vencel","Nintasch","Ova","","Veitasch","Vulle","","","Eljth","",""
36,"Erasmus","Milburh","Fletcher","Ortolf","Eberhild","Hext","Florentel","Iolaine","Georjeaux","Frageorloix","F'iaho","C'tadhara","Tia","Iahe","Sami'to","Pyha","Binbotaj","Zo","Vu","rok","Roro","yon","Pu","","Zehkrepf","Eifaentsyn","Aiswyda","Eifaentwyn","Graceful","Beetle","Crane","Shinto","Sumire","Dejiki","Kuzhuk","Surkukteni","Gesi","Lovro","","Wenceslas","Olanasch","Yorva","","Wirasch","Ziero","","","Mjara","",""
37,"Erik","Mildthryth","Fulke","Ortwin","Edila","Hicke","Florimond","Ireine","Gibrillont","Franchemontiaux","L'iaho","E'paghlo","Tia","Rhuwa","Sizha'to","Sizha","Burwani","","Yara","tan","Ruru","zan","Qu","","Zehrymm","Doerdyrfsyn","Alyrwyda","Doerdyrfwyn","Jagged","Ant","Duck","Zuiko","Seika","Torioi","Khuchar","Tacchotan","Kagon","Juraj","","Kriv","Mildasch","Sloba","","Svanasch","Auvo","","","Sjol","",""
38,"Esmond","Mydrede","Gardner","Otelin","Elia","Horne","Francquet","Janchette","Grillairmais","Francmontois","M'welhi","O'bokhn","Tia","Belhi","Sami'a","Sami","Dolabnha","","Yu","toni","Sasa","zigo","Ru","","Zwelfaren","Fiandoensyn","Barawyda","Fiandoenwyn","Colied","Raptor","Fawn","Sentei","Sekka","Naeuri","Kuyuk","Tarqun","Goro","Voron","","Waldemar","Ridnisch","Pirya","","Irryasch","Betnulf","","","Yrys","",""
39,"Esmour","Osgyth","Gelson","Otho","Ellice","Hunt","Gabineaux","Jannie","Grinnaux","Gerraldieux","N'welhi","F'manafa","Tia","Celah","Sami'tan","Qhota","Dakwhil","","Za","topa","Hehe","","Sa","","Gybetund","Bryndoensyn","Bloewyda","Bryndoenwyn","Crooked","Mite","Bee","Senryo","Chigusa","Hakuuchi","Guyug","Tegusken","Gharl","Svetithgar","","Goran","Tilvisch","Votya","","","Cuivj","","","Arna","",""
40,"Esperaunce","Ositha","Glover","Radulf","Elyenora","Keene","Gaethan","Joellie","Guerrique","Godriquelain","T'jenma","J'dasshym","Tia","Denma","Kiht'li","Hnaba","Entialpoh","","Zo","wazi","Sese","","Se","","Ostsygg","Blaetibaensyn","Bornwyda","Blaetibaenwyn","Painted","Ale","Bat","Tansui","Chidori","Banjo","Qoribucha","Togene","Dataq","Jarrick","","Zorya","Slendisch","Anov","","","Dagttor","","","Asdjs","",""
41,"Etgar","Ostrythe","Goode","Rafold","Elysande","Kemp","Gaspard","Jolaine","Hanrieaux","Goudernoux","P'jenma","O'ndanya","Tia","Fhey","Khona'li","Khona","Elakha","","Zu","zai","Tata","","Sho","","Lonwoerd","Floerasksyn","Brotwyda","Floeraskwyn","Knotted","Wine","Lamb","Tsukikage","Chihaya","Fukiku","Jebke","Toragana","Haragin","Svante","","Belun","Erayasch","Ella","","","Ejlart","","","Fjola","",""
42,"Frederyk","Seburga","Goode","Raganald","Emayn","Knight","Guillaunaux","Laille","Hobriaut","Grandeterre","U'holha","J'lamahni","Tia","Genhu","Khona'to","Masya","Fashonti","","Zuka","zak","Tutu","","So","","Ahldfoet","Guolfyrsyn","Bylgwyda","Guolfyrwyn","Bloodied","Fox","Ladybug","Tougen","Tsugumi","Furukane","Jebei","Ucugen","Ura","Velithgar","","Mecek","Yanavsch","Lanta","","","Geuke","","","Lilja","",""
43,"Geoffrey","Sungyve","Goodfellow","Raganfrid","Emelin","Lak","Guillefresne","Liaime","Hortimont","Guillestet","W'holha","I'nanghal","Tia","Heleh","Gota'li","Gota","Ganajai","","","zon","Wawa","","Ta","","Ahtmhas","Hezzfyrsyn","Dennwyda","Hezzfyrwyn","Tanned","Fire","Frog","Tosetsu","Tsubaki","Bunja","Jelme","Yesuntei","Moks","Milorad","","Bernardin","Veitasch","Stalya","","","Hognil","","","Ljot","",""
44,"Gerald","Synnove","Greave","Meinfrid","Emmet","Langdale","Gustavain","Lisie","Hourlinet","Handeloup","A'vett","X'pahtalo","Tia","Jesal","Poki'a","Poki","Lanbatal","","","zyl","Yaya","","Te","","Bhaldwyrn","Fyrlihtsyn","Deongeim","Fyrlihtwyn","Kind","Flame","Condor","Doware","Natsume","Maibito","Jenkshi","Alagh","Geneq","Berimir ","","Milovan","Lunyasch","Zela","","","Kiet","","","Osk","",""
45,"Gerbold","Theldry","Greene","Munifrid","Enna","Lodall","Guydelot","Loanne","Hubairtin","Haurtefert","X'vett","W'llayan","Tia","Kett","Khuja'a","Khuja","Moshantu","","","zyn","Yoyo","","To","","Caersyng","Merlskyfsyn","Drysgeim","Merlskyfwyn","Terrible","Smoke","Marmot","Nawashiro","Narumi","Benitoki","Sidurgu","Alan","Horo","Vtorak","","Brathgar","Wirasch","Veta","","","Mivlo","","","Theja","",""
46,"Guston","Urith","Happer","Lewenhart","Ermina","Lowe","Hadrefort","Lucinne","Iseterre","Haustefort","B'nhea","K'yalwann","Tia","Lhea","Khuja'to","Kheni","Chelewae","","","","Yuyu","","Tu","","Denkyrtrach","Swyroegansyn","Eyngeim","Swyroeganwyn","Loud","Spear","Firefly","Baien","Hazakura","Mizuhiki","Jagadai","Alt","Himaa","Yaropol","","Mirko","Liorasch","Rolva","","","Reede","","","Una","",""
47,"Gwayne","Wulfiue","Hill","Ligart","Erpsuid","Marshall","Heribert","Lunnie","Janlenoux","Hortefense","V'nhea","K'biwali","Tia","Menh","Tahla'to","Tahla","Wolndara","","","","Zaza","","Va","","Eyrisunn","Maetironnsyn","Fyrgeim","Maetironnwyn","Silent","Herd","Hare","Hayabusa","Haname","Yumitori","Jamugha","Altani","Malaguld","Daren","","Haris","Svanasch","Wenya","","","Savvel","","","Vjkta","",""
48,"Gylbart","Biddy","Hodder","Jofrid","Eschina","Moore","Hermenost","Lycelle","Jantellot","Ignemortel","I'phel","Y'nbulea","Tia","Neneh","Yehn'ir","Lhei","Wilzuun","","","","Zeze","","Wa","","Faezmoen","Eynfoetsyn","Ganzgeim","Eynfoetwyn","Shadowy","Brother","Dove","Hansaku","Hibari","Yumishi","Shiramun","Altun","Urumet","Bazhen","","Milenko","Irryasch","Ninta","","","Udjus","","","Mydia","",""
49,"Halstein","Braya","Holmes","Lambard","Fordola","Outlawe","Honoraint","Maenne","Jehantel","Imbertain","K'phel","I'dhakya","Tia","Petih","Yehn'wo","Oah","Quowaital","","","","Zuzu","","Wo","","Junghbhar","Eynmoensyn","Guhtgeim","Eynmoenwyn","Slippery","Cyclone","Orchid","Hiun","Furan","Doshin","Shilugei","Alun","Qalli","Budimir","","Ajdin","","Milda","","","Valljan","","","Aluette","",""
50,"Hewrey","Eluned","Holt","Hrodric","Geila","Payne","Hubairtien","Marcette","Josseloux","Jandelaine","O'tenpe","Z'attano","Tia","Rhel","Yehn'a","Yehn","Jawantal","","","","","","Ya","","Keltraeng","Zwynwyrstsyn","Haelgeim","Zwynwyrstwyn","Patient","Tower","Moss","Hien","Botan","Jizutsu","Sukegei","Anggir","Qestir","Svetozar","","Voynomir","","Ridni","","","Afrid","","","Valentyne","",""
51,"Hoddyn","Emoni","Hunt","Hrodrich","Gele","Pytte","Huguemont","Margelyne","Lanquairt","Jeulerand","G'tenpe","U'bhowaqi","Tia","Sheqa","Rhel'ir","Rhel","Molkot","","","","","","Yo","","Loetsfeik","Zeinkletsyn","Hartgeim","Zeinkletwyn","Slow","Snake","Elm","Byakubu","Makoto","Musa","Daidukul","Beki","","Drzithghar","","Yov","","Tilvi","","","Erenville","","","Verre","",""
52,"Humphrey","Essylt","Jeanne","Hrodulf","Gelen","Quick","Isarmoix","Mariaute","Lanverlais","Juliembert","Y'weta","Q'nhalki","Tia","Tenbe","Rhel'ra","Senah","Mhakaracca","","","","","","Yu","","Loezkirz","Hyllingilsyn","Hyrtgeim","Hyllingilwyn","Nimble","Adder","Oak","Fugetsu","Mana","Buhen","Tamachag","Bodo","","Hrvoye","","Damir","","Slendi","","","Galvin","","","Piane","",""
53,"Johannes","Fhlae","Kirk","Hrotmar","Gerhild","Rakes","Isaudorel","Marielle","Larsonient","Lamberteint","Z'weta","X'dhovaka","Tia","Vheo","Rhel'wo","Xheh","Epocan","","","","","","Ze","","Ostyrgrein","Helbmannsyn","Loetrgeim","Helbmannwyn","Wise","Cedar","Mahogany","Fukudo","Manazuru","Tsuwamono","Chigu","Borte","","Jareck","","Gostimil ","","Eraya","","","Seigroix","","","Sophie","",""
54,"Jonathas","Fuandrec","Lannis","Hrudolf","Gisela","Rayne","Ivaurault","Maunie","Liautroix","Langloisiert","N'zhet","Q'hahtoa","Tia","Wetae","Mikh'a","Okhi","Nelhah","","","","","","Zo","","Rhitskylt","Guldgarasyn","Merlgeim","Guldgarawyn","Dull","Knife","Tree","Hojo","Mahiwa","Nagae","Chidukhul","Caur","","Veselin","","Vuk","","Yanav","","","Cedrik","","","Ellen","",""
55,"Joseph","Gloiucen","Leach","Hruodiger","Gisla","Redd","Jacquemin","Melisie","Lionnellais","Lantonceins","H'zhet","S'lakshai","Tia","Yelho","Mikh'to","Mikh","Amariyo","","","","","","Zu","","Rhylharr","Drysfalksyn","Ofangeim","Drysfalkwyn","Tall","Hand","Sentinel","Masatsuchi","Misago","Ritsuso","Chaghadai","Chabi","","Vadim","","Gradimir","","Veita","","","Charmont","","","Spina","",""
56,"Kennard","Gloiumed","Leatherby","Hruodland","Grede","Reeve","Janremi","Meurise","Lothaire","Larsefauceais","A'bhin","T'mhalawi","Tia","Zhed","Mikh'li","Cemi","Gamduhla","","","","","","","","Roehanth","Borgbyldasyn","Snoegeim","Borgbyldawyn","Angry","Scythe","Meadow","Murakumo","Mizuki","Tosho","Chaghagan","Chagur","","Duscha","","Slobodan","","Irrya","","","Dillan","","","Syrenead","",""
57,"Kerrich","Granae","Lee","Hremfing","Grishild","Rowntree","Lancefer","Mianne","Matigniant","Logedanrel","D'bhin","S'kalkaya","Tia","Zolwe","Rhesh'a","Rhesh","Chalahko","","","","","","","","Skoenliht","Bleibornsyn","Styrgeim","Bleibornwyn","Happy","Castle","Willow","Motogoe","Mitsuba","Obinata","Chanar","Chakha","","Ratmir","","Stanik","","","","","Tauney","","","Blenna","",""
58,"Kinnison","Guencen","Little","Hroch","Gyel","Royce","Landrenel","Nellaure","Mayeulons","Marcechamp","P'inwa","T'pondhao","Tia","Bihl","Zana'sae","Zana","Jakkya","","","","","","","","Staelhundr","Flekkbornsyn","Sundyrwyb","Flekkbornwyn","Tiny","Frost","Rose","Yabusame","Mine","Tachikake","Charakha","Cherbin","","Sudimir","","Rostik","","","","","Masenuel","","","Cedira","",""
59,"Ladislas","Guenguiu","Mason","Hewelin","Hadwis","Royle","Leodaire","Nimie","Merthelin","Marinterre","J'inwa","M'korolon","Tia","Cirha","Zana'tan","Tseh","Nbolo","","","","","","","","Sterrbroda","Geissbornsyn","Swaenwyb","Geissbornwyn","Modest","Needle","Lily","Yusui","Mozu","Tsurugi","Caragai","Chotan","","Tihomir","","Zdethgar","","","","","Laurenssen","","","Cordia","",""
60,"Lambert","Ilcum","Meath","Hewerald","Hegelina","Rush","Leonceault","Ninne","Mestonnaux","Monranguin","S'nijah","N'rhabye","Tia","Dinhe","Lho'a","Lho","Jinjahl","","","","","","","","Sundyrund","Guldhaemrsyn","Swerdwyb","Guldhaemrwyn","Lazy","Thunder","Daisy","Yomei","Yachiyo","Miyumi","Chuacenur","Cirina","","Dragomir","","Dusan","","","","","","","","Creanise","",""
61,"Laurence","Imania","Mercer","Haribehrt","Helinda","Ryder","Lidoiret","Nivie","Miraudont","Montenbelt","E'nijah","U'zangho","Tia","Fijah","Lho'ir","Giah","Polaali","","","","","","","","Swozwaent","Hollkoensyn","Thorwyb","Hollkoenwyn","Poison","Rain","Tulip","Raiden","Yayoi","Yuzuka","Chulgetei","Cota","","Pavao","","Vladan","","","","","","","","Debroye","",""
62,"Laurentius","Jocea","Miller","Hariwald","Helisent","Savage","Lionnet","Noalle","Muraudel","Montorgains","X'linh","Y'khonebb","Tia","Ginwa","Nhago'li","Nhago","Maimhov","","","","","","","","Syznskoef","Hollmyrgansyn","Toegwyb","Hollmyrganwyn","White","Snow","Flower","Rakuyo","Yuki","Yumite","Chormagan","Cotan","","Kazek","","Koschey","","","","","","","","Donne","",""
63,"Lodwicke","Lina","Moore","Heidolf","Herleve","Skinner","Louistiaux","Noline","Narmandais","Nillefrant","Q'linh","P'dhilogo","Tia","Hiqoh","Nhago'ra","Nashu","Lyehga","","","","","","","","Thosinwurth","Pfarskratsyn","Toffwyb","Pfarskratwyn","Red","Hammer","Acorn","Rasho","Yozakura","Rokuyari","Chilagun","Cotota","","Tomithgar","","Ladithgar","","","","","","","","Eremia","",""
64,"Madison","Linyeve","Morning","Heimart","Hermesent","Souther","Ludovraint","Norlaise","Nellemond","Noirterel","U'mitu","P'dhamya","Tia","Jinh","Nhago'ya","Yhom","Kaatapoh","","","","","","","","Tragghyr","Sundwilfsyn","Trachwyb","Sundwilfwyn","Blue","Helm","Plain","Ransetsu","Yomi","Daitou","Chiluku","Dagasi","","Radimir","","Zlatomir","","","","","","","","Fidona","",""
65,"Mainfroi","Meduil","Newton","Helfric","Hildelana","Speare","Luquelot","Odeve","Nogeloix","Norbertillon","S'mitu","H'molosi","Tia","Khilo","Pimoh'a","Pimoh","Khamazom","","","","","","","","Trahgwilf","Ostyrwilfsyn","Untawyb","Ostyrwilfwyn","Yellow","Shield","Rafflesia","Ryosen","Waka","Tatewaki","Chilger","Doquz","","Razumnik","","Vladimir","","","","","","","","Glinta","",""
66,"Mathye","Merewina","Nolan","Helmhart","Ideswif","Stark","Marcelloix","Odilie","Norbettaux","Notrelchamps","W'rinha","I'dhinek","Tia","Lizha","Pimoh'to","Ziuz","Panipahr","","","","","","","","Waemterbin","Loetwilfsyn","Waemwyb","Loetwilfwyn","Still","Axe","Ivy","Rino","Tobana","Hagane","Chiledu","Doyi","","Mylon","","Novak","","","","","","","","Hatia","",""
67,"Mordyn","Airell","North","Hemmet","Imanie","Starr","Marcquelort","Ombeline","Noudenet","Orchambaut","E'rinha","R'adebh","Tia","Mitnu","Naoh'a","Naoh","Moshroca","","","","","","","","Wannmaga","Kindlaentsyn","Wardnwyb","Kindlaentwyn","Eager","Mythril","Blossom","Izuna","Azena","Bugai","Tsagaday","Eji","","Branimir","","Velimir","","","","","","","","Juritta","",""
68,"Morgant","Aislinn","Oswell","Hernais","Irmele","Steele","Mariustel","Ondine","Oirellain","Ormesang","I'rihnn","R'nabyano","Tia","Nitsah","Naoh'li","Qhon","Garanjy","","","","","","","","Wastlleid","Hirskhwabsyn","Wolkwyb","Hirskhwabwyn","Deep","Copper","Thorn","","","Gunji","Delbeg","Eke","","Visethgar","","Stanimir","","","","","","","","Kinara","",""
69,"Morys","Allene","Piper","Guntmar","Lavena","Sternn","Maroile","Ophelie","Orselfaux","Ortefauchel","H'rihnn","F'whalon","Tia","Oimeh","Naoh'ra","Rhoe","Jawantal","","","","","","","","Wheibrot","Syvinsnoesyn","Wurtwyb","Syvinsnoewyn","Bitter","Iron","Daughter","","","Abumi","Teleboge","Emegen","","Brondy","","Czethgar","","","","","","","","Kukra","",""
70,"Navarre","Ceana","Poole","Gundobald","Leuekin","Stone","Martiallais","Ophianne","Ouraux","Ostoiraint","C'shtah","G'intana","Tia","Pinha","Rhela'a","Rhela","Lihzeh","","","","","","","","Wiltwaek","Wastmyndsyn","Zantwyb","Wastmyndwyn","Joyous","Mountain","Bride","","","Kabuto","Tordung","Gergei","","Bojan","","Stas","","","","","","","","Lachelle","",""
71,"Noes","Chaele","Potter","Gervesin","Liefhun","Thorne","Maurelin","Oriane","Padilloux","Outreguerlain","K'shtah","K'pandolu","Tia","Rihll","Rhela'to","Doyoh","Mujuuk","","","","","","","","Wistyrnahct","Wastgreinsyn","Aermwyb","Wastgreinwyn","Jealous","Stone","Veil","","","Oshiga","Dorbei","Ghoa","","Miladin","","Svyatogor","","","","","","","","Ladonia","",""
72,"Olyver","Deidra","Reed","Gevehard","Lyse","Walder","Maximiloix","Percelle","Pamisolaux","Parsemontret","N'binba","O'datnan","Tia","Sthah","Rhela'li","Qhom","Jaab","","","","","","","","Wunthyll","Wastbyrtsyn","Aergwyb","Wastbyrtwyn","Ardent","Boulder","Bridle","","","Ittetsu","Baavgai","Guua","","Semir","","Bozek","","","","","","","","Thracie","",""
73,"Orisic","Eara","Rich","Giselberdus","Mathild","Vance","Nantain","Perinne","Paulecrain","Pasdevillet","M'binba","M'sumbla","Tia","Thish","Dhebi'li","Dhebi","Tayuun","","","","","","","","Drysnagl","Bloedornnsyn","Berkwyb","Bloedornnwyn","Auburn","Spire","Feather","","","Iteya","Baatu","Hoelun","","Bogdan","","Vsevolod","","","","","","","","Lorilae","",""
74,"Orrick","Eavan","Rose","Gelfradus","Mehenilda","Vann","Nolanel","Perne","Pelderain","Pierriquet","U'viloh","P'tchakha","Tia","Shikhu","Dhebi'ya","Nemoh","Bajhiri","","","","","","","","Eyntroeg","Bloelaksyn","Bhratwyb","Bloelakwyn","Awful","Hill","Moon","","","Kiba","Baidar","Hujaur","","Petar","","Blaz","","","","","","","","Motey","",""
75,"Orwen","Edalene","Sadler","Gelther","Mylla","Weard","Octavel","Pienne","Prairillot","Portelaine","G'viloh","V'arimbeh","Tia","Vimba","Qina'a","Qina","Zhwan","","","","","","","","Foerzagyl","Bloegaezsyn","Brynwyb","Bloegaezwyn","Sad","Mesa","Star","","","Mihata","Baidur","Khatun","","Krsto","","Tilo","","","","","","","","Mua","",""
76,"Osric","Eilis","Sawyer","Gairovald","Odburga","Warren","Oldaric","Reinette","Primerain","Quemperlain","O'zinba","W'yandih","Tia","Wiloh","Qina'to","Tsubh","Molkoh","","","","","","","","Greintoum","Guoljarrsyn","Doeswyb","Guoljarrwyn","Stalwart","Ravine","Heaven","","","Meiken","Bagaridai","Khorchi","","Vojin","","Dalek","","","","","","","","Rachine","",""
77,"Raffe","Fennella","Shepard","Fridebert","Odila","Wayne","Oscarlet","Rivienne","Priorfaix","Quimperin","B'zinba","M'trimmna","Tia","Yhisa","Qina'ra","Yohah","Mewrilah","","","","","","","","Grynewaht","Loezkhansyn","Fhetnwyb","Loezkhanwyn","Zealous","Gorge","Dawn","","","Yatsurugi","Batacaciqan","Khulan","","Izet","","Zelimir","","","","","","","","Taranis","",""
78,"Rauffe","Fiachre","Slater","Faramund","Orella","Weekes","Parcemel","Roelle","Quemilien","Robairlaint","A'nuloh","D'ondolo","Tia","Zinbhe","Detoh'li","Detoh","Rabntah","","","","","","","","Guldweitz","Lyngmholsyn","Fedarlona","Lyngmholwyn","Solid","Glacier","Dusk","","","Kensaki","Batachikhan","Koko","","Mirothgar","","Drazan","","","","","","","","Vilma","",""
79,"Raulin","Finnea","Smith","Ermenold","Orieldis","West","Pascaleret","Saulette","Quiloud","Rochedalaix","D'nuloh","P'fhiroh","Tia","Jhida","Seda'a","Seda","Wahcondalo","","","","","","","","Helbstyrn","Lyngroegansyn","Frusklona","Lyngroeganwyn","Strident","Forest","Eve","","","Kogane","Bayar","Maral","","Bozidar ","","Mikac","","","","","","","","Yenzelle","",""
80,"Ribald","Glynnis","Southway","Ernold","Otgiva","Wynter","Paulemont","Selaine","Rainteau","Roiteloint","Y'thub","O'bolaff","Tia","Nulah","Seda'li","Pawah","Jomalah","","","","","","","","Iyrnwoerd","Lyngwintsyn","Frutlona","Lyngwintwyn","Keen","Desert","Comet","","","Kurogane","Bayan","Mergen","","Stjepan","","Radigost","","","","","","","","Zelfie","",""
81,"Ricard","Ianna","Spence","Ernolf","Oydela","Woode","Percevains","Sofine","Raitmeaux","Rontremont","Z'thub","U'qawhau","Tia","Bhudi","Osha'li","Osha","Relanah","","","","","","","","Ketenramm","Wintwyrnsyn","Gybalona","Wintwyrnwyn","Bright","Volcano","Jewel","","","Shirogane","Bardam","Mide","","Yarothgar","","Milutin","","","","","","","","","",""
82,"Rickeman","Keaira","Stark","Edelstein","Radlia","Wyght","Raimondaux","Solelle","Rillemont","Roustebant","I'quon","W'kepaga","Tia","Vhuh","Osha'to","Pahja","Akhabila","","","","","","","","Krystrymm","Wintbrotsyn","Kestlona","Wintbrotwyn","Lost","Geyser","Gem","","","Aogane","Mauci","Nigen","","Preben","","Kocelj","","","","","","","","","",""
83,"Roarich","Keelty","Tanner","Berwelf","Regana","Wyman","Romarique","Sophiane","Roulemet","Saintrelmaux","N'quon","V'doyagha","Tia","Lhuil","Osha'zi","Muijh","Awandah","","","","","","","","Mytemyrgan","Wintfohcsyn","Kletlona","Wintfohcwyn","Lugubrious","Island","Cloud","","","Akagane","Maqali","Oghul","","Borna","","Kulin","","","","","","","","","",""
84,"Robyn","Keitha","Walker","Betyn","Reingart","Wynne","Silvaire","Tanine","Saistenioux","Sarmantoix","T'khot","Z'jhimei","Tia","Quohn","Osha'tan","Tajih","Anbolho","","","","","","","","Nyunkrepf","Ernafolgsyn","Krysslona","Ernafolgwyn","Dour","Jungle","Light","","","","Masgud","Ogul","","Sinisa","","Bronithgar","","","","","","","","","",""
85,"Roger","Maeve","Ward","Berinhard","Rinilda","Reed","Sombrequain","Thaisie","Silmontaix","Sellecerre","U'khot","K'djawana","Tia","Tohka","Lalah'to","Lalah","Betwanhe","","","","","","","","Pfymborg","Ernahaemrsyn","Mhaslona","Ernahaemrwyn","Northern","Grotto","Dream","","","","Munglig","Oki","","Zoran","","Lubomir","","","","","","","","","",""
86,"Rothe","Meara","Weild","Bernier","Roheisa","Hayle","Stephannot","Tiphane","Solainteau","Soilanteaux","H'zula","W'zamqo","Tia","Rhowa","Koh'a","Koh","Binbotaj","","","","","","","","Rysstyl","Grymgaezsyn","Moegrael","Grymgaezwyn","Southern","Steel","Glass","","","","Hooshal","Orghana","","Lutomis","","Adis","","","","","","","","","",""
87,"Roundelph","Meriel","West","Beroald","Rosalinde","Speake","Sylveret","Trinne","Surlaint","Teaurelin","F'zula","U'rhoyod","Tia","Cott","Koh'li","Mhih","Burwani","","","","","","","","Saesbroda","Grymkoelsyn","Nahctrael","Grymkoelwyn","Western","Oak","Goddess","","","","Buqatai","Qatun","","Gorynya","","Ivanis","","","","","","","","","",""
88,"Rowland","Nuala","White","Berold","Roysa","Crofte","Theobalin","Trisselle","Terremiaux","Terrechant","J'yhuh","X'telihgo","Tia","Muhih","Koh'sae","Hahs","Dolabnha","","","","","","","","Sthalrhet","Gyrmoensyn","Ryssrael","Gyrmoenwyn","Eastern","Elm","Sky","","","","Bukidai","Qoyar","","Ninothgar","","Tanix","","","","","","","","","",""
89,"Rycharde","Sileas","Winsome","Berthar","Sely","Lance","Theophilain","Uloine","Thievenaix","Thierremont","S'yhuh","X'toldha","Tia","Xhula","Bathu'a","Bathu","Dakwhil","","","","","","","","Sylbweitz","Saesraensyn","Skaenrael","Saesraenwyn","Early","Walnut","Heaven","","","","Bugunutei","Samga","","Asmir","","Bolek","","","","","","","","","",""
90,"Samson","Tieve","Witte","Audouin","Sigberta","Redwyne","Therouanne","Ursielle","Tirauland","Torsefers","A'ghol","A'khebica","Tia","Runja","Qih'to","Qih","Entialpoh","","","","","","","","Syvinborn","Kroemkhezlsyn","Swygrael","Kroemkhezlwyn","Late","Stump","Ghost","","","","Bujir","Sechen","","Cededa","","Cvetko","","","","","","","","","",""
91,"Sandre","Agnys","Yaeger","Autgar","Syele","Blackthorne","Thiegaud","Vianne","Tourcenet","Tristechambel","B'ghol","M'dennmo","Tia","Ghuh","Qih'sae","Bukah","Elakha","","","","","","","","Whasbyrm","Hyrtfyrsyn","Syznrael","Hyrtfyrwyn","Valliant","Sentinel","Laurel","","","","Bujeg","Shar","","Ratibor","","Borsch","","","","","","","","","",""
92,"Sigurdh","Alainne","Yar","Averitt","Tilla","Blackstone","Ursulin","Vielle","Travanchet","Uchemantoin","X'chai","I'zazanh","Tia","Dhol","Qih'wo","Monh","Fashonti","","","","","","","","Zirnberk","Hyrtberasyn","Webbrael","Hyrtberawyn","Noble","Pine","Diamond","","","","Bucharan","Suvd","","Mihalo","","Pribina","","","","","","","","","",""
93,"Simond","Amelia","Yarborough","Anshelm","Uda","Greywolfe","Valentinoix","Yaelle","Urleaux","Urselmert","I'chai","L'mihgazoo","Tia","Fhuz","Hawu'li","Hawu","Ganajai","","","","","","","","Aisibhir","Floeransasyn","Wilfbryda","Floeransawyn","Proud","Fir","Emerald","","","","Budjek","Temulun","","","","Emerik","","","","","","","","","",""
94,"Templeton","Amphelice","Weaver","Ansobert","Uireda","Greywoode","Vallerin","Ydaine","Usurlois","Vaincannet","R'atoh","O'kholbeh","Tia","Jutah","Leih'to","Naih","Lanbatal","","","","","","","","Aisbraena","Ansamhasyn","Zirnbryda","Ansamhawyn","Glorious","Cactus","Sapphire","","","","Buyantu","Toregene","","","","Casimir","","","","","","","","","",""
95,"Vannes","Angelet","Webb","Arcavius","Ulgarda","Greyashe","Valtemont","Yloise","Valeriant","Vainchelon","J'atoh","T'perjha","Tia","Aboh","Leih'a","Leih","Moshantu","","","","","","","","Floernmann","Nyunmerlsyn","Ahlbryda","Nyunmerlwyn","Honorable","Tree","Ruby","","","","Bulqadar","Tsenxer","","","","Trpimir","","","","","","","","","",""
96,"Voyce","Anna","Wells","Archembald","Veleda","Westmoore","Vantelme","Yoenne","Valtin","Vairemont","I'datih","S'hozqha","Tia","Batih","Leih'li","Mauh","Chelewae","","","","","","","","Iyrnbroda","Rhutirammsyn","Ankabryda","Rhutirammwyn","Broken","Sword","Amber","","","","Bulugan","Turakina","","","","Boras","","","","","","","","","",""
97,"Vyncent","Averil","Wheeler","Archimbalt","Wilberga","Westknight","Willibert","Yolaine","Voilinaut","Valeroyant","E'datih","P'lahmui","Nunh","Qhulu","Raih'a","Raih","Wolndara","","","","","","","","Greinborg","Rhotsatzasyn","Bhaldbryda","Rhotsatzawyn","Drunken","Tomb","Pearl","","","","Bultechu","Ujin","","","","","","","","","","","","","",""
98,"Willielmus","Ayleth","Wright","Arenvald","Wilmetta","Frostwyght","Yannistand","Ystride","Vremaix","Vilauclaire","Z'mona","P'tajha","Nunh","Monhi","Raih'li","Nozih","Wilzuun","","","","","","","","Swozramm","Ghutsaldsyn","Geimbryda","Ghutsaldwyn","Brazen","Shadow","Smile","","","","Bultger","Ulan","","","","","","","","","","","","","",""
99,"Wineburg","Carmen","Young","Ancelot","Miluda","Redsteele","Yvelont","Zabinie","Xavalien","Vortefaurt","C'mona","J'majha","Nunh","Tyanu","Jihli'a","Jihli","Quowaital","","","","","","","","","","","","Able","Bone","Wool","","","","Begugtei","","","","","","","","","","","","","","",""
