﻿key,0,1,2,3,4,5,6
#,FeatureID,Icon,Data,IsPurchasable,Hint,HintItem,
int32,byte,Image,uint16,bit&01,Lobby,Item,byte
0,0,,0,False,"","",0
1,1,"ui/icon/131000/131001.tex",0,False,"","",0
2,2,"ui/icon/131000/131002.tex",0,False,"","",0
3,3,"ui/icon/131000/131003.tex",0,False,"","",0
4,4,"ui/icon/131000/131004.tex",0,False,"","",0
5,5,"ui/icon/131000/131005.tex",0,False,"","",0
6,6,"ui/icon/131000/131006.tex",0,False,"","",0
7,7,"ui/icon/131000/131007.tex",0,False,"","",0
8,8,"ui/icon/131000/131008.tex",0,False,"","",0
9,9,"ui/icon/131000/131009.tex",0,False,"","",0
10,10,"ui/icon/131000/131010.tex",0,False,"","",0
11,11,"ui/icon/131000/131011.tex",0,False,"","",0
12,12,"ui/icon/131000/131012.tex",0,False,"","",0
13,13,"ui/icon/131000/131013.tex",0,False,"","",0
14,14,"ui/icon/131000/131014.tex",0,False,"","",0
15,51,"ui/icon/131000/131015.tex",0,False,"","",0
16,52,"ui/icon/131000/131016.tex",0,False,"","",0
17,53,"ui/icon/131000/131017.tex",0,False,"","",0
18,54,"ui/icon/131000/131018.tex",0,False,"","",0
19,101,"ui/icon/131000/131020.tex",303,True,"Requires <SheetEn(Item,1,IntegerParameter(1),1,1)/> or completion of the seasonal quest “For the Winsome” to unlock this hairstyle at the aesthetician.","Modern Aesthetics - Pulse",0
20,104,"ui/icon/131000/131022.tex",0,False,"","",0
21,102,"ui/icon/131000/131021.tex",0,False,"","",0
22,105,"ui/icon/131000/131023.tex",0,False,"","",0
23,61,"ui/icon/131000/131019.tex",228,True,"Hairstyle available in preparation for the Ceremony of Eternal Bonding.","",0
24,106,"ui/icon/131000/131024.tex",0,False,"","",0
25,107,"ui/icon/131000/131025.tex",0,False,"","",0
26,108,"ui/icon/131000/131026.tex",0,False,"","",0
27,111,"ui/icon/131000/131028.tex",0,False,"","",0
28,112,"ui/icon/131000/131029.tex",243,True,"Requires <SheetEn(Item,1,IntegerParameter(1),1,1)/> to unlock this hairstyle at the aesthetician.","Modern Aesthetics - Ponytails",0
29,109,"ui/icon/131000/131027.tex",0,False,"","",0
30,114,"ui/icon/131000/131030.tex",0,False,"","",0
31,116,"ui/icon/131000/131031.tex",0,False,"","",0
32,117,"ui/icon/131000/131032.tex",0,False,"","",0
33,120,"ui/icon/131000/131033.tex",0,False,"","",0
34,121,"ui/icon/131000/131034.tex",0,False,"","",0
35,125,"ui/icon/131000/131035.tex",287,True,"Requires <SheetEn(Item,1,IntegerParameter(1),1,1)/> to unlock this hairstyle at the aesthetician.","Modern Aesthetics - Curls",0
36,129,"ui/icon/131000/131036.tex",286,True,"Requires <SheetEn(Item,1,IntegerParameter(1),1,1)/> to unlock this hairstyle at the aesthetician.","Modern Aesthetics - Adventure",0
37,122,"ui/icon/131000/131037.tex",0,False,"","",0
38,126,"ui/icon/131000/131038.tex",0,False,"","",0
39,127,"ui/icon/131000/131039.tex",0,False,"","",0
40,131,"ui/icon/131000/131040.tex",0,False,"","",0
41,132,"ui/icon/131000/131041.tex",0,False,"","",0
42,124,"ui/icon/131000/131042.tex",0,False,"","",0
43,135,"ui/icon/131000/131043.tex",0,False,"","",0
44,136,"ui/icon/131000/131044.tex",0,False,"","",0
45,137,"ui/icon/131000/131045.tex",0,False,"","",0
46,143,"ui/icon/131000/131046.tex",321,True,"Requires <SheetEn(Item,1,IntegerParameter(1),1,1)/> to unlock this hairstyle at the aesthetician.","Modern Aesthetics - Scion Special Issue II",0
47,123,"ui/icon/131000/131047.tex",0,False,"","",0
48,141,"ui/icon/131000/131048.tex",0,False,"","",0
49,142,"ui/icon/131000/131049.tex",0,False,"","",0
50,145,"ui/icon/131000/131050.tex",302,True,"Requires <SheetEn(Item,1,IntegerParameter(1),1,1)/> to unlock this hairstyle at the aesthetician.","Modern Aesthetics - Samsonian Locks",0
51,146,"ui/icon/131000/131051.tex",0,False,"","",0
52,148,"ui/icon/131000/131052.tex",0,False,"","",0
53,147,"ui/icon/131000/131053.tex",337,True,"Requires <SheetEn(Item,1,IntegerParameter(1),1,1)/> to unlock this hairstyle at the aesthetician.","Modern Aesthetics - Rainmaker",0
54,150,"ui/icon/131000/131054.tex",338,True,"Requires <SheetEn(Item,1,IntegerParameter(1),1,1)/> to unlock this hairstyle at the aesthetician.","Modern Aesthetics - Master & Commander",0
55,140,"ui/icon/131000/131055.tex",0,False,"","",0
56,149,"ui/icon/131000/131056.tex",0,False,"","",0
57,138,"ui/icon/131000/131057.tex",0,False,"","",0
58,151,"ui/icon/131000/131058.tex",0,False,"","",0
59,152,"ui/icon/131000/131059.tex",0,False,"","",0
60,153,"ui/icon/131000/131060.tex",0,False,"","",0
61,154,"ui/icon/131000/131061.tex",267,True,"Requires <SheetEn(Item,1,IntegerParameter(1),1,1)/> to unlock this hairstyle at the aesthetician.","Modern Aesthetics - Gyr Abanian Plait",0
62,155,"ui/icon/131000/131062.tex",268,True,"Requires <SheetEn(Item,1,IntegerParameter(1),1,1)/> to unlock this hairstyle at the aesthetician.","Modern Aesthetics - Fashionably Feathered",0
63,113,"ui/icon/131000/131063.tex",399,True,"Requires <SheetEn(Item,1,IntegerParameter(1),1,1)/> to unlock this hairstyle at the aesthetician.","Modern Aesthetics - Strife",0
64,156,"ui/icon/131000/131064.tex",397,True,"Requires <SheetEn(Item,1,IntegerParameter(1),1,1)/> to unlock this hairstyle at the aesthetician.","Modern Aesthetics - Form and Function",0
65,157,"ui/icon/131000/131065.tex",398,True,"Requires <SheetEn(Item,1,IntegerParameter(1),1,1)/> to unlock this hairstyle at the aesthetician.","Modern Aesthetics - Styled for Hire",0
66,158,"ui/icon/131000/131066.tex",230,True,"Requires <SheetEn(Item,1,IntegerParameter(1),1,1)/> to unlock this hairstyle at the aesthetician.","Modern Aesthetics - Lexen-tails",0
67,160,"ui/icon/131000/131067.tex",231,True,"Requires <SheetEn(Item,1,IntegerParameter(1),1,1)/> to unlock this hairstyle at the aesthetician.","Modern Aesthetics - Lucian Locks",0
68,161,"ui/icon/131000/131068.tex",0,False,"","",0
69,162,"ui/icon/131000/131069.tex",413,True,"Requires <SheetEn(Item,1,IntegerParameter(1),1,1)/> to unlock this hairstyle at the aesthetician.","Modern Aesthetics - Great Lengths",0
70,164,"ui/icon/131000/131070.tex",79,True,"Requires <SheetEn(Item,1,IntegerParameter(1),1,1)/> to unlock this hairstyle at the aesthetician.","Modern Aesthetics - Modern Legend",0
71,165,"ui/icon/131000/131071.tex",72,True,"Requires <SheetEn(Item,1,IntegerParameter(1),1,1)/> to unlock this hairstyle at the aesthetician.","Modern Aesthetics - Controlled Chaos",0
72,166,"ui/icon/131000/131072.tex",280,True,"Requires <SheetEn(Item,1,IntegerParameter(1),1,1)/> to unlock this hairstyle at the aesthetician.","Modern Aesthetics - Saintly Style",0
73,167,"ui/icon/131000/131073.tex",281,True,"Requires <SheetEn(Item,1,IntegerParameter(1),1,1)/> to unlock this hairstyle at the aesthetician.","Modern Aesthetics - Wind Caller",0
74,168,"ui/icon/131000/131074.tex",66,True,"Requires <SheetEn(Item,1,IntegerParameter(1),1,1)/> to unlock this hairstyle at the aesthetician.","Modern Aesthetics - Early to Rise",0
75,169,"ui/icon/131000/131075.tex",67,True,"Requires <SheetEn(Item,1,IntegerParameter(1),1,1)/> to unlock this hairstyle at the aesthetician.","Modern Aesthetics - Sharlayan Studies",0
76,170,"ui/icon/131000/131076.tex",419,True,"Requires <SheetEn(Item,1,IntegerParameter(1),1,1)/> to unlock this hairstyle at the aesthetician.","Modern Aesthetics - Both Ways",0
77,163,"ui/icon/131000/131077.tex",420,True,"Requires <SheetEn(Item,1,IntegerParameter(1),1,1)/> to unlock this hairstyle at the aesthetician.","Modern Aesthetics - Battle-ready Bobs",0
78,171,"ui/icon/131000/131078.tex",421,True,"Requires <SheetEn(Item,1,IntegerParameter(1),1,1)/> to unlock this hairstyle at the aesthetician.","Modern Aesthetics - Scanning for Style",0
79,128,"ui/icon/131000/131079.tex",441,True,"Requires <SheetEn(Item,1,IntegerParameter(1),1,1)/> to unlock this hairstyle at the aesthetician.","Modern Aesthetics - Tall Tails",0
80,173,"ui/icon/131000/131080.tex",442,True,"Requires <SheetEn(Item,1,IntegerParameter(1),1,1)/> to unlock this hairstyle at the aesthetician.","Modern Aesthetics - Practical Ponytails",0
81,174,"ui/icon/131000/131081.tex",447,True,"Requires <SheetEn(Item,1,IntegerParameter(1),1,1)/> to unlock this hairstyle at the aesthetician.","Modern Aesthetics - Sharlayan Rebellion",0
82,175,"ui/icon/131000/131082.tex",448,True,"Requires <SheetEn(Item,1,IntegerParameter(1),1,1)/> to unlock this hairstyle at the aesthetician.","Modern Aesthetics - A Close Shave",0
83,177,"ui/icon/131000/131083.tex",460,True,"Requires <SheetEn(Item,1,IntegerParameter(1),1,1)/> to unlock this hairstyle at the aesthetician.","Modern Aesthetics - Ambitious Ends",0
84,176