﻿key,0,1,2,3,4
#,Location,Fare,TimeRequired,,
int32,ChocoboTaxiStand,byte,uint16,uint16,bit&01
0,,0,80,0,False
1,"Reginald Eventman II",0,80,0,False
2,"Bentbranch Meadows",1,5,0,False
3,"Gridania",1,5,0,False
4,"The Hawthorne Hut",2,15,0,False
5,,0,80,0,False
6,"Gridania",2,15,0,False
7,,0,80,0,False
8,"Quarrymill",3,50,0,False
9,,0,80,0,False
10,"Gridania",3,50,0,False
11,,0,80,0,False
12,"Camp Tranquil",3,50,0,False
13,,0,80,0,False
14,"Gridania",3,50,0,False
15,,0,80,0,False
16,"Hyrstmill",1,15,0,False
17,"Gridania",1,15,0,False
18,"Fallgourd Float",1,30,0,False
19,"Gridania",1,30,0,False
20,"Buscarron's Druthers",1,15,0,False
21,"Camp Tranquil",1,15,0,False
22,"Quarrymill",1,15,0,False
23,"Camp Tranquil",1,15,0,False
24,"Quarrymill",1,15,0,False
25,"Buscarron's Druthers",1,15,0,False
26,"Hyrstmill",1,15,0,False
27,"Fallgourd Float",1,15,0,False
28,"The Silver Bazaar",1,15,0,False
29,"Ul'dah",1,15,0,False
30,"Vesper Bay",2,30,0,False
31,"Ul'dah",2,30,0,False
32,"Horizon",1,5,0,False
33,"Ul'dah",1,5,0,False
34,"The Silver Bazaar",2,15,0,False
35,"Horizon",2,15,0,False
36,"Vesper Bay",1,15,0,False
37,"Horizon",1,15,0,False
38,"Camp Bluefog",2,50,0,False
39,,0,80,0,False
40,"Ul'dah",2,50,0,False
41,,0,80,0,False
42,"Black Brush Station",1,15,0,False
43,"Ul'dah",1,15,0,False
44,"Camp Drybone",3,30,0,False
45,,0,80,0,False
46,"Ul'dah",3,30,0,False
47,,0,80,0,False
48,"Little Ala Mhigo",2,30,0,False
49,,0,80,0,False
50,"Ul'dah",2,30,0,False
51,,0,80,0,False
52,"Forgotten Springs",3,50,0,False
53,,0,80,0,False
54,"Ul'dah",3,50,0,False
55,,0,80,0,False
56,"The Golden Bazaar",1,15,0,False
57,"Camp Drybone",1,15,0,False
58,"Forgotten Springs",3,30,0,False
59,"Little Ala Mhigo",3,30,0,False
60,"Ceruleum Processing Plant",1,50,0,False
61,"Camp Bluefog",1,50,0,False
62,"Summerford Farms",1,15,0,False
63,"Limsa Lominsa",1,15,0,False
64,"Swiftperch",2,15,0,False
65,,0,80,0,False
66,"Limsa Lominsa",2,15,0,False
67,,0,80,0,False
68,"Aleport",3,30,0,False
69,,0,80,0,False
70,"Limsa Lominsa",3,30,0,False
71,,0,80,0,False
72,"Wineport",3,50,0,False
73,,0,80,0,False
74,"Limsa Lominsa",3,50,0,False
75,,0,80,0,False
76,"Camp Bronze Lake",4,60,0,False
77,,0,80,0,False
78,,0,80,0,False
79,"Limsa Lominsa",4,60,0,False
80,,0,80,0,False
81,,0,80,0,False
82,"Costa del Sol",2,30,0,False
83,,0,80,0,False
84,"Limsa Lominsa",2,30,0,False
85,,0,80,0,False
86,"Moraby Drydocks",2,5,0,False
87,"Limsa Lominsa",2,5,0,False
88,"Red Rooster Stead",2,15,0,False
89,"Limsa Lominsa",2,15,0,False
90,"Red Rooster Stead",2,15,0,False
91,"Moraby Drydocks",2,15,0,False
92,"Swiftperch",1,15,0,False
93,"Aleport",1,15,0,False
94,"Camp Dragonhead",2,80,0,False
95,,0,80,0,False
96,"Fallgourd Float",2,80,0,False
97,,0,80,0,False
98,"Camp Dragonhead",1,60,0,False
99,"The Observatorium",1,60,0,False
100,"Camp Dragonhead",2,80,0,False
101,"Whitebrim",2,80,0,False
102,"Revenant's Toll",3,100,0,False
103,,0,80,0,False
104,"Camp Dragonhead",3,100,0,False
105,,0,80,0,False
106,"Saint Coinach's Find",1,80,0,False
107,"Revenant's Toll",1,80,0,False
108,"Camp Drybone",3,60,0,False
109,,0,80,0,False
110,"Camp Tranquil",3,60,0,False
111,,0,80,0,False
112,"The Convictory",1,105,0,False
113,"Falcon's Nest",1,105,0,False
114,"Tailfeather",2,130,0,False
115,,0,80,0,False
116,"Falcon's Nest",2,130,0,False
117,,0,80,0,False
118,"Tailfeather",1,115,0,False
119,,0,80,0,False
120,"The Convictory",1,115,0,False
121,,0,80,0,False
122,"Anyx Trine",1,120,0,False
123,"Tailfeather",1,120,0,False
124,"Bigwest Shortstop",2,150,0,False
125,,0,80,0,False
126,"Tailfeather",2,150,0,False
127,,0,80,0,False
128,"Bigwest Shortstop",2,140,0,False
129,,0,80,0,False
130,"Anyx Trine",2,140,0,False
131,,0,80,0,False
132,"Zenith",1,135,0,False
133,"Asah",1,120,0,False
134,"Asah",1,125,0,False
135,"Moghome",1,125,0,False
136,"Zenith",1,120,0,False
137,"Moghome",1,135,0,False
138,"Camp Cloudtop",1,145,0,False
139,"Ok' Zundu",1,145,0,False
140,"Falcon's Nest",1,5,0,False
141,"Foundation",1,5,0,False
142,,1,80,0,False
143,"Rhalgr's Reach",1,105,0,False
144,,0,80,0,False
145,"Castrum Oriens",2,120,0,False
146,"Rhalgr's Reach",2,120,0,False
147,,0,80,0,False
148,"The Peering Stones",1,60,0,False
149,"Rhalgr's Reach",1,60,0,False
150,,0,80,0,False
151,"Ala Gannha",1,105,0,False
152,"Ala Ghiri",2,105,0,False
153,"Rhalgr's Reach",2,105,0,False
154,,0,80,0,False
155,"The Peering Stones",2,60,0,False
156,"Castrum Oriens",2,60,0,False
157,"Ala Ghiri",2,130,0,False
158,,0,0,0,False
159,"The Peering Stones",2,130,0,False
160,,0,0,0,False
161,"Ala Ghiri",1,60,0,False
162,"Ala Gannha",1,60,0,False
163,"Porta Praetoria",1,105,0,False
164,,0,80,0,False
165,"Ala Gannha",1,105,0,False
166,"Porta Praetoria",2,105,0,False
167,,0,80,0,False
168,"Ala Ghiri",2,105,0,False
169,"The Ala Mhigan Mercantile District",1,60,0,False
170,"Porta Praetoria",1,60,0,False
171,"Onokoro",2,205,0,False
172,"Kugane",2,205,0,False
173,,0,80,0,False
174,"Tamamizu",2,200,0,False
175,"Kugane",2,200,0,False
176,,0,80,0,False
177,"Tamamizu",2,60,0,False
178,"Onokoro",2,60,0,False
179,"Namai",2,135,0,False
180,,0,80,0,False
181,"Onokoro",2,135,0,False
182,,0,80,0,False
183,"Namai",3,145,0,False
184,,0,80,0,False
185,"Tamamizu",3,145,0,False
186,,0,80,0,False
187,"The House of the Fierce",1,60,0,False
188,"Namai",1,60,0,False
189,"Reunion",2,135,0,False
190,,0,80,0,False
191,"The House of the Fierce",2,135,0,False
192,,0,80,0,False
193,"Onokoro",2,110,0,False
194,,0,80,0,False
195,"Reunion",2,110,0,False
196,,0,80,0,False
197,"Mol Iloh",1,95,0,False
198,"Reunion",1,95,0,False
199,"The House of the Fierce",2,135,0,False
200,,0,80,0,False
201,"The Dawn Throne",2,135,0,False
202,,0,80,0,False
203,"The Dawn Throne",1,90,0,False
204,"Mol Iloh",1,90,0,False
205,"Reunion",1,60,0,False
206,"The Dawn Throne",1,60,0,False
207,"Wright",1,60,0,False
208,"Tomra",1,60,0,False
209,"Stilltide",1,60,0,False
210,"Wright",1,60,0,False
211,"Tomra",2,80,0,False
212,"Stilltide",2,80,0,False
213,"Eulmore",2,110,0,False
214,,0,80,0,False
215,"Tomra",2,110,0,False
216,"Eulmore",1,70,0,False
217,,0,80,0,False
218,"Wright",1,70,0,False
219,"Eulmore",1,70,0,False
220,,0,80,0,False
221,"Stilltide",1,70,0,False
222,"Wolekdorf",1,30,0,False
223,"Pla Enni",1,30,0,False
224,"Lydha Lran",2,60,0,False
225,"Pla Enni",2,60,0,False
226,"Wolekdorf",2,60,0,False
227,"Lydha Lran",2,60,0,False
228,"Fanow",1,60,0,False
229,"Slitherbough",1,60,0,False
230,"Mord Souq",1,60,0,False
231,"Twine",1,60,0,False
232,"The Ostall Imperative",1,60,0,False
233,"Fort Jobb",1,60,0,False
234,"Lydha Lran",2,125,0,False
235,,0,80,0,False
236,"Fort Jobb",2,125,0,False
237,,0,80,0,False
238,"Slitherbough",2,145,0,False
239,,0,80,0,False
240,"Fort Jobb",2,145,0,False
241,,0,80,0,False
242,"The Crystarium",1,90,0,False
243,,0,80,0,False
244,"Fort Jobb",1,90,0,False
245,"Twine",2,140,0,False
246,,0,80,0,False
247,"Fort Jobb",2,140,0,False
248,,0,80,0,False
249,"Lydha Lran",1,125,0,False
250,,0,80,0,False
251,"The Ostall Imperative",1,125,0,False
252,,0,80,0,False
253,"Slitherbough",2,145,0,False
254,,0,80,0,False
255,"The Ostall Imperative",2,145,0,False
256,,0,80,0,False
257,"The Crystarium",2,90,0,False
258,,0,80,0,False
259,"The Ostall Imperative",2,90,0,False
260,"Twine",2,140,0,False
261,,0,80,0,False
262,"The Ostall Imperative",2,140,0,False
263,,0,80,0,False
264,"Mord Souq",1,60,0,False
265,"The Inn at Journey's Head",1,60,0,False
266,"Twine",1,75,0,False
267,"The Inn at Journey's Head",1,75,0,False
268,"Reginald Eventman II",0,80,400,True
269,"Reginald Eventman II",0,80,400,True
270,"Reginald Eventman II",0,80,400,True
271,"Reginald Eventman II",0,80,400,True
272,"Reginald Eventman II",0,80,0,True
273,"Reginald Eventman II",0,80,0,True
274,"Reginald Eventman II",0,80,0,True
275,"Reginald Eventman II",0,80,0,True
276,"Reginald Eventman II",0,80,0,True
277,"Reginald Eventman II",0,80,0,True
278,"Reginald Eventman II",0,80,0,True
279,"Reginald Eventman II",0,80,0,True
280,"The Great Work",1,60,0,False
281,"Yedlihmad",1,60,0,False
282,"Yedlihmad",1,60,0,False
283,"Palaka's Stand",1,60,0,False
284,"The Great Work",1,60,0,False
285,"Palaka's Stand",1,60,0,False
286,"Radz-at-Han",2,120,0,False
287,,0,80,0,False
288,"Yedlihmad",2,120,0,False
289,"Radz-at-Han",2,120,0,False
290,,0,80,0,False
291,"The Great Work",2,120,0,False
292,"Radz-at-Han",1,30,0,False
293,,0,80,0,False
294,"Palaka's Stand",1,30,0,False
295,"Tertium",2,120,0,False
296,"Camp Broken Glass",2,120,0,False
297,"Sharlayan Hamlet",1,60,0,False
298,"The Archeion",1,60,0,False
299,"Aporia",1,60,0,False
300,"Sharlayan Hamlet",1,60,0,False
301,"Aporia",2,130,0,False
302,"The Archeion",2,130,0,False
303,"The Hall of Artifice",1,30,0,False
304,,0,80,0,False
305,"The Archeion",1,30,0,False
306,"The Hall of Artifice",1,60,0,False
307,,0,80,0,False
308,"Sharlayan Hamlet",1,60,0,False
309,"The Hall of Artifice",2,120,0,False
310,,0,80,0,False
311,"Aporia",2,120,0,False
312,"Wachunpelo",1,60,0,False
313,"Tuliyollal",1,60,0,False
314,,0,80,0,False
315,"Ok'hanu",1,60,0,False
316,"Tuliyollal",1,60,0,False
317,,0,80,0,False
318,"Worlar's Echo",2,120,0,False
319,"Wachunpelo",2,120,0,False
320,"Many Fires",1,60,0,False
321,"Ok'hanu",1,60,0,False
322,"Earthenshire",1,60,0,False
323,"Ok'hanu",1,60,0,False
324,"Earthenshire",1,60,0,False
325,"Many Fires",1,60,0,False
