﻿key,0,1,2,3,4,5,6,7,8,9,10,11,12,13,14,15,16,17,18,19,20,21,22,23,24,25,26,27,28,29,30,31,32,33,34,35,36,37,38,39,40,41,42,43
#,Name,ADV,GLA,PGL,MRD,LNC,ARC,CNJ,THM,CRP,BSM,ARM,GSM,LTW,WVR,ALC,CUL,MIN,BTN,FSH,PLD,MNK,WAR,DRG,BRD,WHM,BLM,ACN,SMN,SCH,ROG,NIN,MCH,DRK,AST,SAM,RDM,BLU,GNB,DNC,,,,
int32,str,bool,bool,bool,bool,bool,bool,bool,bool,bool,bool,bool,bool,bool,bool,bool,bool,bool,bool,bool,bool,bool,bool,bool,bool,bool,bool,bool,bool,bool,bool,bool,bool,bool,bool,bool,bool,bool,bool,bool,bool,bool,bool,bool
0,"",False,False,False,False,False,False,False,False,False,False,False,False,False,False,False,False,False,False,False,False,False,False,False,False,False,False,False,False,False,False,False,False,False,False,False,False,False,False,False,False,False,False,False
1,"All Classes",True,True,True,True,True,True,True,True,True,True,True,True,True,True,True,True,True,True,True,True,True,True,True,True,True,True,True,True,True,True,True,True,True,True,True,True,True,True,True,True,True,True,True
2,"GLA",False,True,False,False,False,False,False,False,False,False,False,False,False,False,False,False,False,False,False,False,False,False,False,False,False,False,False,False,False,False,False,False,False,False,False,False,False,False,False,False,False,False,False
3,"PGL",False,False,True,False,False,False,False,False,False,False,False,False,False,False,False,False,False,False,False,False,False,False,False,False,False,False,False,False,False,False,False,False,False,False,False,False,False,False,False,False,False,False,False
4,"MRD",False,False,False,True,False,False,False,False,False,False,False,False,False,False,False,False,False,False,False,False,False,False,False,False,False,False,False,False,False,False,False,False,False,False,False,False,False,False,False,False,False,False,False
5,"LNC",False,False,False,False,True,False,False,False,False,False,False,False,False,False,False,False,False,False,False,False,False,False,False,False,False,False,False,False,False,False,False,False,False,False,False,False,False,False,False,False,False,False,False
6,"ARC",False,False,False,False,False,True,False,False,False,False,False,False,False,False,False,False,False,False,False,False,False,False,False,False,False,False,False,False,False,False,False,False,False,False,False,False,False,False,False,False,False,False,False
7,"CNJ",False,False,False,False,False,False,True,False,False,False,False,False,False,False,False,False,False,False,False,False,False,False,False,False,False,False,False,False,False,False,False,False,False,False,False,False,False,False,False,False,False,False,False
8,"THM",False,False,False,False,False,False,False,True,False,False,False,False,False,False,False,False,False,False,False,False,False,False,False,False,False,False,False,False,False,False,False,False,False,False,False,False,False,False,False,False,False,False,False
9,"CRP",False,False,False,False,False,False,False,False,True,False,False,False,False,False,False,False,False,False,False,False,False,False,False,False,False,False,False,False,False,False,False,False,False,False,False,False,False,False,False,False,False,False,False
10,"BSM",False,False,False,False,False,False,False,False,False,True,False,False,False,False,False,False,False,False,False,False,False,False,False,False,False,False,False,False,False,False,False,False,False,False,False,False,False,False,False,False,False,False,False
11,"ARM",False,False,False,False,False,False,False,False,False,False,True,False,False,False,False,False,False,False,False,False,False,False,False,False,False,False,False,False,False,False,False,False,False,False,False,False,False,False,False,False,False,False,False
12,"GSM",False,False,False,False,False,False,False,False,False,False,False,True,False,False,False,False,False,False,False,False,False,False,False,False,False,False,False,False,False,False,False,False,False,False,False,False,False,False,False,False,False,False,False
13,"LTW",False,False,False,False,False,False,False,False,False,False,False,False,True,False,False,False,False,False,False,False,False,False,False,False,False,False,False,False,False,False,False,False,False,False,False,False,False,False,False,False,False,False,False
14,"WVR",False,False,False,False,False,False,False,False,False,False,False,False,False,True,False,False,False,False,False,False,False,False,False,False,False,False,False,False,False,False,False,False,False,False,False,False,False,False,False,False,False,False,False
15,"ALC",False,False,False,False,False,False,False,False,False,False,False,False,False,False,True,False,False,False,False,False,False,False,False,False,False,False,False,False,False,False,False,False,False,False,False,False,False,False,False,False,False,False,False
16,"CUL",False,False,False,False,False,False,False,False,False,False,False,False,False,False,False,True,False,False,False,False,False,False,False,False,False,False,False,False,False,False,False,False,False,False,False,False,False,False,False,False,False,False,False
17,"MIN",False,False,False,False,False,False,False,False,False,False,False,False,False,False,False,False,True,False,False,False,False,False,False,False,False,False,False,False,False,False,False,False,False,False,False,False,False,False,False,False,False,False,False
18,"BTN",False,False,False,False,False,False,False,False,False,False,False,False,False,False,False,False,False,True,False,False,False,False,False,False,False,False,False,False,False,False,False,False,False,False,False,False,False,False,False,False,False,False,False
19,"FSH",False,False,False,False,False,False,False,False,False,False,False,False,False,False,False,False,False,False,True,False,False,False,False,False,False,False,False,False,False,False,False,False,False,False,False,False,False,False,False,False,False,False,False
20,"PLD",False,False,False,False,False,False,False,False,False,False,False,False,False,False,False,False,False,False,False,True,False,False,False,False,False,False,False,False,False,False,False,False,False,False,False,False,False,False,False,False,False,False,False
21,"MNK",False,False,False,False,False,False,False,False,False,False,False,False,False,False,False,False,False,False,False,False,True,False,False,False,False,False,False,False,False,False,False,False,False,False,False,False,False,False,False,False,False,False,False
22,"WAR",False,False,False,False,False,False,False,False,False,False,False,False,False,False,False,False,False,False,False,False,False,True,False,False,False,False,False,False,False,False,False,False,False,False,False,False,False,False,False,False,False,False,False
23,"DRG",False,False,False,False,False,False,False,False,False,False,False,False,False,False,False,False,False,False,False,False,False,False,True,False,False,False,False,False,False,False,False,False,False,False,False,False,False,False,False,False,False,False,False
24,"BRD",False,False,False,False,False,False,False,False,False,False,False,False,False,False,False,False,False,False,False,False,False,False,False,True,False,False,False,False,False,False,False,False,False,False,False,False,False,False,False,False,False,False,False
25,"WHM",False,False,False,False,False,False,False,False,False,False,False,False,False,False,False,False,False,False,False,False,False,False,False,False,True,False,False,False,False,False,False,False,False,False,False,False,False,False,False,False,False,False,False
26,"BLM",False,False,False,False,False,False,False,False,False,False,False,False,False,False,False,False,False,False,False,False,False,False,False,False,False,True,False,False,False,False,False,False,False,False,False,False,False,False,False,False,False,False,False
27,"ACN",False,False,False,False,False,False,False,False,False,False,False,False,False,False,False,False,False,False,False,False,False,False,False,False,False,False,True,False,False,False,False,False,False,False,False,False,False,False,False,False,False,False,False
28,"SMN",False,False,False,False,False,False,False,False,False,False,False,False,False,False,False,False,False,False,False,False,False,False,False,False,False,False,False,True,False,False,False,False,False,False,False,False,False,False,False,False,False,False,False
29,"SCH",False,False,False,False,False,False,False,False,False,False,False,False,False,False,False,False,False,False,False,False,False,False,False,False,False,False,False,False,True,False,False,False,False,False,False,False,False,False,False,False,False,False,False
30,"Disciple of War",False,True,True,True,True,True,False,False,False,False,False,False,False,False,False,False,False,False,False,True,True,True,True,True,False,False,False,False,False,True,True,True,True,False,True,False,False,True,True,True,False,True,False
31,"Disciple of Magic",False,False,False,False,False,False,True,True,False,False,False,False,False,False,False,False,False,False,False,False,False,False,False,False,True,True,True,True,True,False,False,False,False,True,False,True,True,False,False,False,True,False,True
32,"Disciple of the Land",False,False,False,False,False,False,False,False,False,False,False,False,False,False,False,False,True,True,True,False,False,False,False,False,False,False,False,False,False,False,False,False,False,False,False,False,False,False,False,False,False,False,False
33,"Disciple of the Hand",False,False,False,False,False,False,False,False,True,True,True,True,True,True,True,True,False,False,False,False,False,False,False,False,False,False,False,False,False,False,False,False,False,False,False,False,False,False,False,False,False,False,False
34,"Disciples of War or Magic",False,True,True,True,True,True,True,True,False,False,False,False,False,False,False,False,False,False,False,True,True,True,True,True,True,True,True,True,True,True,True,True,True,True,True,True,True,True,True,True,True,True,True
35,"Disciples of the Land or Hand",False,False,False,False,False,False,False,False,True,True,True,True,True,True,True,True,True,True,True,False,False,False,False,False,False,False,False,False,False,False,False,False,False,False,False,False,False,False,False,False,False,False,False
36,"Any Disciple of War (excluding gladiators)",False,False,True,True,True,True,False,False,False,False,False,False,False,False,False,False,False,False,False,True,True,True,True,True,False,False,False,False,False,True,True,True,True,False,False,False,False,False,False,True,False,True,False
37,"GLA PGL MRD LNC ARC ROG CNJ THM ACN PLD WAR DRK",False,True,True,True,True,True,True,True,False,False,False,False,False,False,False,False,False,False,False,True,False,True,False,False,False,False,True,False,False,True,False,False,True,False,False,False,False,False,False,False,False,False,False
38,"GLA PLD",False,True,False,False,False,False,False,False,False,False,False,False,False,False,False,False,False,False,False,True,False,False,False,False,False,False,False,False,False,False,False,False,False,False,False,False,False,False,False,False,False,False,False
39,"GLA PGL MRD LNC ARC ROG PLD WAR DRK",False,True,True,True,True,True,False,False,False,False,False,False,False,False,False,False,False,False,False,True,False,True,False,False,False,False,False,False,False,True,False,False,True,False,False,False,False,False,False,False,False,False,False
40,"GLA PGL MRD LNC ARC ROG CNJ THM ACN MNK WAR DRG BRD NIN",False,True,True,True,True,True,True,True,False,False,False,False,False,False,False,False,False,False,False,False,True,True,True,True,False,False,True,False,False,True,True,False,False,False,False,False,False,False,False,False,False,False,False
41,"PGL MNK",False,False,True,False,False,False,False,False,False,False,False,False,False,False,False,False,False,False,False,False,True,False,False,False,False,False,False,False,False,False,False,False,False,False,False,False,False,False,False,False,False,False,False
42,"GLA PGL MRD LNC ARC ROG MNK WAR DRG BRD NIN",False,True,True,True,True,True,False,False,False,False,False,False,False,False,False,False,False,False,False,False,True,True,True,True,False,False,False,False,False,True,True,False,False,False,False,False,False,False,False,False,False,False,False
43,"GLA PGL MRD LNC ARC ROG CNJ THM ACN PLD MNK WAR DRG DRK",False,True,True,True,True,True,True,True,False,False,False,False,False,False,False,False,False,False,False,True,True,True,True,False,False,False,True,False,False,True,False,False,True,False,False,False,False,False,False,False,False,False,False
44,"MRD WAR",False,False,False,True,False,False,False,False,False,False,False,False,False,False,False,False,False,False,False,False,False,True,False,False,False,False,False,False,False,False,False,False,False,False,False,False,False,False,False,False,False,False,False
45,"GLA PGL MRD LNC ARC ROG PLD MNK WAR DRG DRK",False,True,True,True,True,True,False,False,False,False,False,False,False,False,False,False,False,False,False,True,True,True,True,False,False,False,False,False,False,True,False,False,True,False,False,False,False,False,False,False,False,False,False
46,"GLA PGL MRD LNC ARC ROG CNJ THM ACN MNK DRG BRD NIN MCH",False,True,True,True,True,True,True,True,False,False,False,False,False,False,False,False,False,False,False,False,True,False,True,True,False,False,True,False,False,True,True,True,False,False,False,False,False,False,False,False,False,False,False
47,"LNC DRG",False,False,False,False,True,False,False,False,False,False,False,False,False,False,False,False,False,False,False,False,False,False,True,False,False,False,False,False,False,False,False,False,False,False,False,False,False,False,False,False,False,False,False
48,"GLA PGL MRD LNC ARC ROG MNK DRG BRD NIN MCH",False,True,True,True,True,True,False,False,False,False,False,False,False,False,False,False,False,False,False,False,True,False,True,True,False,False,False,False,False,True,True,True,False,False,False,False,False,False,False,False,False,False,False
49,"GLA PGL MRD LNC ARC ROG CNJ THM ACN BRD BLM SMN MCH",False,True,True,True,True,True,True,True,False,False,False,False,False,False,False,False,False,False,False,False,False,False,False,True,False,True,True,True,False,True,False,True,False,False,False,False,False,False,False,False,False,False,False
50,"ARC BRD",False,False,False,False,False,True,False,False,False,False,False,False,False,False,False,False,False,False,False,False,False,False,False,True,False,False,False,False,False,False,False,False,False,False,False,False,False,False,False,False,False,False,False
51,"GLA PGL MRD LNC ARC ROG BRD MCH",False,True,True,True,True,True,False,False,False,False,False,False,False,False,False,False,False,False,False,False,False,False,False,True,False,False,False,False,False,True,False,True,False,False,False,False,False,False,False,False,False,False,False
52,"GLA PGL MRD LNC ARC ROG CNJ THM ACN PLD WHM SCH AST",False,True,True,True,True,True,True,True,False,False,False,False,False,False,False,False,False,False,False,True,False,False,False,False,True,False,True,False,True,True,False,False,False,True,False,False,False,False,False,False,False,False,False
53,"CNJ WHM",False,False,False,False,False,False,True,False,False,False,False,False,False,False,False,False,False,False,False,False,False,False,False,False,True,False,False,False,False,False,False,False,False,False,False,False,False,False,False,False,False,False,False
54,"GLA PGL MRD LNC ARC ROG CNJ THM ACN WHM BLM SMN SCH AST",False,True,True,True,True,True,True,True,False,False,False,False,False,False,False,False,False,False,False,False,False,False,False,False,True,True,True,True,True,True,False,False,False,True,False,False,False,False,False,False,False,False,False
55,"THM BLM",False,False,False,False,False,False,False,True,False,False,False,False,False,False,False,False,False,False,False,False,False,False,False,False,False,True,False,False,False,False,False,False,False,False,False,False,False,False,False,False,False,False,False
56,"GLA CNJ THM PLD WHM BLM",False,True,False,False,False,False,True,True,False,False,False,False,False,False,False,False,False,False,False,True,False,False,False,False,True,True,False,False,False,False,False,False,False,False,False,False,False,False,False,False,False,False,False
57,"GLA THM PLD BLM",False,True,False,False,False,False,False,True,False,False,False,False,False,False,False,False,False,False,False,True,False,False,False,False,False,True,False,False,False,False,False,False,False,False,False,False,False,False,False,False,False,False,False
58,"GLA CNJ PLD WHM",False,True,False,False,False,False,True,False,False,False,False,False,False,False,False,False,False,False,False,True,False,False,False,False,True,False,False,False,False,False,False,False,False,False,False,False,False,False,False,False,False,False,False
59,"GLA MRD PLD WAR DRK GNB",False,True,False,True,False,False,False,False,False,False,False,False,False,False,False,False,False,False,False,True,False,True,False,False,False,False,False,False,False,False,False,False,True,False,False,False,False,True,False,False,False,False,False
60,"GLA MRD LNC PLD WAR DRG DRK GNB RPR",False,True,False,True,True,False,False,False,False,False,False,False,False,False,False,False,False,False,False,True,False,True,True,False,False,False,False,False,False,False,False,False,True,False,False,False,False,True,False,True,False,False,False
61,"CNJ THM ACN WHM SCH AST",False,False,False,False,False,False,True,True,False,False,False,False,False,False,False,False,False,False,False,False,False,False,False,False,True,False,True,False,True,False,False,False,False,True,False,False,False,False,False,False,False,False,False
62,"CNJ THM ACN WHM BLM SMN SCH AST",False,False,False,False,False,False,True,True,False,False,False,False,False,False,False,False,False,False,False,False,False,False,False,False,True,True,True,True,True,False,False,False,False,True,False,False,False,False,False,False,False,False,False
63,"THM ACN BLM SMN RDM BLU PCT",False,False,False,False,False,False,False,True,False,False,False,False,False,False,False,False,False,False,False,False,False,False,False,False,False,True,True,True,False,False,False,False,False,False,False,True,True,False,False,False,False,False,True
64,"CNJ WHM SCH AST SGE",False,False,False,False,False,False,True,False,False,False,False,False,False,False,False,False,False,False,False,False,False,False,False,False,True,False,False,False,True,False,False,False,False,True,False,False,False,False,False,False,True,False,False
65,"PGL MNK SAM",False,False,True,False,False,False,False,False,False,False,False,False,False,False,False,False,False,False,False,False,True,False,False,False,False,False,False,False,False,False,False,False,False,False,True,False,False,False,False,False,False,False,False
66,"ARC BRD MCH DNC",False,False,False,False,False,True,False,False,False,False,False,False,False,False,False,False,False,False,False,False,False,False,False,True,False,False,False,False,False,False,False,True,False,False,False,False,False,False,True,False,False,False,False
67,"GLA PGL MRD LNC ROG MNK DRG NIN",False,True,True,True,True,False,False,False,False,False,False,False,False,False,False,False,False,False,False,False,True,False,True,False,False,False,False,False,False,True,True,False,False,False,False,False,False,False,False,False,False,False,False
68,"ACN SMN SCH",False,False,False,False,False,False,False,False,False,False,False,False,False,False,False,False,False,False,False,False,False,False,False,False,False,False,True,True,True,False,False,False,False,False,False,False,False,False,False,False,False,False,False
69,"ACN SMN",False,False,False,False,False,False,False,False,False,False,False,False,False,False,False,False,False,False,False,False,False,False,False,False,False,False,True,True,False,False,False,False,False,False,False,False,False,False,False,False,False,False,False
70,"Any Disciple of the Hand (excluding culinarians)",False,False,False,False,False,False,False,False,True,True,True,True,True,True,True,False,False,False,False,False,False,False,False,False,False,False,False,False,False,False,False,False,False,False,False,False,False,False,False,False,False,False,False
71,"GLA PGL MRD LNC ARC ROG CNJ THM ACN WHM BLM SMN SCH",False,True,True,True,True,True,True,True,False,False,False,False,False,False,False,False,False,False,False,False,False,False,False,False,True,True,True,True,True,True,False,False,False,False,False,False,False,False,False,False,False,False,False
72,"CNJ THM ACN WHM BLM SMN SCH",False,False,False,False,False,False,True,True,False,False,False,False,False,False,False,False,False,False,False,False,False,False,False,False,True,True,True,True,True,False,False,False,False,False,False,False,False,False,False,False,False,False,False
73,"CNJ WHM SCH AST SGE",False,False,False,False,False,False,True,False,False,False,False,False,False,False,False,False,False,False,False,False,False,False,False,False,True,False,False,False,True,False,False,False,False,True,False,False,False,False,False,False,True,False,False
74,"",True,True,True,True,True,True,True,True,True,True,True,True,True,True,True,True,True,True,True,True,True,True,True,True,True,True,True,True,True,True,True,True,True,True,True,True,True,True,True,True,True,True,True
75,"",False,True,False,True,False,False,False,False,False,False,False,False,False,False,False,False,False,False,False,True,False,True,False,False,False,False,False,False,False,False,False,False,True,False,False,False,False,True,False,False,False,False,False
76,"LNC DRG RPR",False,False,False,False,True,False,False,False,False,False,False,False,False,False,False,False,False,False,False,False,False,False,True,False,False,False,False,False,False,False,False,False,False,False,False,False,False,False,False,True,False,False,False
77,"",False,False,True,False,False,False,False,False,False,False,False,False,False,False,False,False,False,False,False,False,True,False,False,False,False,False,False,False,False,False,False,False,False,False,True,False,False,False,False,False,False,False,False
78,"",False,False,False,False,False,True,False,False,False,False,False,False,False,False,False,False,False,False,False,False,False,False,False,True,False,False,False,False,False,False,False,True,False,False,False,False,False,False,True,False,False,False,False
79,"",False,False,False,False,False,False,False,True,False,False,False,False,False,False,False,False,False,False,False,False,False,False,False,False,False,True,True,True,False,False,False,False,False,False,False,True,True,False,False,False,False,False,True
80,"",False,False,False,False,False,False,True,False,False,False,False,False,False,False,False,False,False,False,False,False,False,False,False,False,True,False,False,False,True,False,False,False,False,True,False,False,False,False,False,False,True,False,False
81,"",False,False,True,False,True,True,False,False,False,False,False,False,False,False,False,False,False,False,False,False,True,False,True,True,False,False,False,False,False,True,True,True,False,False,True,False,False,False,True,True,False,True,False
82,"",False,False,False,False,False,False,True,True,False,False,False,False,False,False,False,False,False,False,False,False,False,False,False,False,True,True,True,True,True,False,False,False,False,True,False,True,True,False,False,False,True,False,True
83,"",False,False,False,False,False,False,False,False,True,True,True,True,True,True,True,True,True,True,True,False,False,False,False,False,False,False,False,False,False,False,False,False,False,False,False,False,False,False,False,False,False,False,False
84,"PGL LNC MNK DRG SAM RPR",False,False,True,False,True,False,False,False,False,False,False,False,False,False,False,False,False,False,False,False,True,False,True,False,False,False,False,False,False,False,False,False,False,False,True,False,False,False,False,True,False,False,False
85,"Jobs of the Disciples of War or Magic",False,False,False,False,False,False,False,False,False,False,False,False,False,False,False,False,False,False,False,True,True,True,True,True,True,True,False,True,True,False,True,True,True,True,True,True,False,True,True,True,True,True,True
86,"PLD WAR DRK GNB MNK DRG NIN SAM",False,False,False,False,False,False,False,False,False,False,False,False,False,False,False,False,False,False,False,True,True,True,True,False,False,False,False,False,False,False,True,False,True,False,True,False,False,True,False,False,False,False,False
87,"BRD MCH DNC BLM SMN RDM WHM SCH AST",False,False,False,False,False,False,False,False,False,False,False,False,False,False,False,False,False,False,False,False,False,False,False,True,True,True,False,True,True,False,False,True,False,True,False,True,False,False,True,False,False,False,False
88,"GLA MRD PGL LNC ARC ROG PLD MNK WAR DRG BRD NIN MCH",False,True,True,True,True,True,False,False,False,False,False,False,False,False,False,False,False,False,False,True,True,True,True,True,False,False,False,False,False,True,True,True,True,False,False,False,False,False,False,False,False,False,False
89,"BLM SMN RDM",False,False,False,False,False,False,False,False,False,False,False,False,False,False,False,False,False,False,False,False,False,False,False,False,False,True,False,True,False,False,False,False,False,False,False,True,False,False,False,False,False,False,False
90,"ARC CNJ THM ACN WHM BRD BLM SMN SCH MCH AST",False,False,False,False,False,True,True,True,False,False,False,False,False,False,False,False,False,False,False,False,False,False,False,True,True,True,True,True,True,False,False,True,False,True,False,False,False,False,False,False,False,False,False
91,"ROG",False,False,False,False,False,False,False,False,False,False,False,False,False,False,False,False,False,False,False,False,False,False,False,False,False,False,False,False,False,True,False,False,False,False,False,False,False,False,False,False,False,False,False
92,"NIN",False,False,False,False,False,False,False,False,False,False,False,False,False,False,False,False,False,False,False,False,False,False,False,False,False,False,False,False,False,False,True,False,False,False,False,False,False,False,False,False,False,False,False
93,"ROG NIN",False,False,False,False,False,False,False,False,False,False,False,False,False,False,False,False,False,False,False,False,False,False,False,False,False,False,False,False,False,True,True,False,False,False,False,False,False,False,False,False,False,False,False
94,"GLA PGL MRD LNC ARC ROG NIN",False,True,True,True,True,True,False,False,False,False,False,False,False,False,False,False,False,False,False,False,False,False,False,False,False,False,False,False,False,True,True,False,False,False,False,False,False,False,False,False,False,False,False
95,"GLA PGL MRD LNC ROG NIN",False,True,True,True,True,False,False,False,False,False,False,False,False,False,False,False,False,False,False,False,False,False,False,False,False,False,False,False,False,True,True,False,False,False,False,False,False,False,False,False,False,False,False
96,"MCH",False,False,False,False,False,False,False,False,False,False,False,False,False,False,False,False,False,False,False,False,False,False,False,False,False,False,False,False,False,False,False,True,False,False,False,False,False,False,False,False,False,False,False
97,"PGL LNC ARC ROG MNK DRG BRD NIN MCH",False,False,True,False,True,True,False,False,False,False,False,False,False,False,False,False,False,False,False,False,True,False,True,True,False,False,False,False,False,True,True,True,False,False,False,False,False,False,False,False,False,False,False
98,"DRK",False,False,False,False,False,False,False,False,False,False,False,False,False,False,False,False,False,False,False,False,False,False,False,False,False,False,False,False,False,False,False,False,True,False,False,False,False,False,False,False,False,False,False
99,"AST",False,False,False,False,False,False,False,False,False,False,False,False,False,False,False,False,False,False,False,False,False,False,False,False,False,False,False,False,False,False,False,False,False,True,False,False,False,False,False,False,False,False,False
100,"ARC ROG BRD NIN MCH",False,False,False,False,False,True,False,False,False,False,False,False,False,False,False,False,False,False,False,False,False,False,False,True,False,False,False,False,False,True,True,True,False,False,False,False,False,False,False,False,False,False,False
101,"PGL LNC ROG MNK DRG NIN",False,False,True,False,True,False,False,False,False,False,False,False,False,False,False,False,False,False,False,False,True,False,True,False,False,False,False,False,False,True,True,False,False,False,False,False,False,False,False,False,False,False,False
102,"PGL ROG MNK NIN SAM",False,False,True,False,False,False,False,False,False,False,False,False,False,False,False,False,False,False,False,False,True,False,False,False,False,False,False,False,False,True,True,False,False,False,True,False,False,False,False,False,False,False,False
103,"ROG NIN VPR",False,False,False,False,False,False,False,False,False,False,False,False,False,False,False,False,False,False,False,False,False,False,False,False,False,False,False,False,False,True,True,False,False,False,False,False,False,False,False,False,False,True,False
104,"",False,False,False,False,False,False,False,False,False,False,False,False,False,False,False,False,False,False,False,False,False,False,False,False,False,False,False,False,False,True,True,False,False,False,False,False,False,False,False,False,False,True,False
105,"ARC ROG BRD NIN MCH DNC VPR",False,False,False,False,False,True,False,False,False,False,False,False,False,False,False,False,False,False,False,False,False,False,False,True,False,False,False,False,False,True,True,True,False,False,False,False,False,False,True,False,False,True,False
106,"GLA MRD PGL LNC ARC ROG BRD",False,True,True,True,True,True,False,False,False,False,False,False,False,False,False,False,False,False,False,False,False,False,False,True,False,False,False,False,False,True,False,False,False,False,False,False,False,False,False,False,False,False,False
107,"PLD MNK WAR DRG BRD WHM BLM SMN SCH NIN MCH DRK AST",False,False,False,False,False,False,False,False,False,False,False,False,False,False,False,False,False,False,False,True,True,True,True,True,True,True,False,True,True,False,True,True,True,True,False,False,False,False,False,False,False,False,False
108,"Disciples of War or Magic",False,True,True,True,True,True,True,True,False,False,False,False,False,False,False,False,False,False,False,True,True,True,True,True,True,True,True,True,True,True,True,True,True,True,True,True,True,True,True,True,True,True,True
109,"",False,True,True,True,True,True,True,True,True,True,True,True,True,True,True,True,True,True,True,True,True,True,True,True,True,True,True,True,True,True,True,True,True,True,True,True,True,True,True,True,True,True,True
110,"Jobs of the Disciples of War or Magic",False,False,False,False,False,False,False,False,False,False,False,False,False,False,False,False,False,False,False,True,True,True,True,True,True,True,False,True,True,False,True,True,True,True,True,True,True,True,True,True,True,True,True
111,"SAM",False,False,False,False,False,False,False,False,False,False,False,False,False,False,False,False,False,False,False,False,False,False,False,False,False,False,False,False,False,False,False,False,False,False,True,False,False,False,False,False,False,False,False
112,"RDM",False,False,False,False,False,False,False,False,False,False,False,False,False,False,False,False,False,False,False,False,False,False,False,False,False,False,False,False,False,False,False,False,False,False,False,True,False,False,False,False,False,False,False
113,"GLA MRD PLD WAR DRK GNB",False,True,False,True,False,False,False,False,False,False,False,False,False,False,False,False,False,False,False,True,False,True,False,False,False,False,False,False,False,False,False,False,True,False,False,False,False,True,False,False,False,False,False
114,"PGL LNC ROG MNK DRG NIN SAM RPR VPR",False,False,True,False,True,False,False,False,False,False,False,False,False,False,False,False,False,False,False,False,True,False,True,False,False,False,False,False,False,True,True,False,False,False,True,False,False,False,False,True,False,True,False
115,"ARC BRD MCH DNC",False,False,False,False,False,True,False,False,False,False,False,False,False,False,False,False,False,False,False,False,False,False,False,True,False,False,False,False,False,False,False,True,False,False,False,False,False,False,True,False,False,False,False
116,"THM ACN BLM SMN RDM BLU PCT",False,False,False,False,False,False,False,True,False,False,False,False,False,False,False,False,False,False,False,False,False,False,False,False,False,True,True,True,False,False,False,False,False,False,False,True,True,False,False,False,False,False,True
117,"CNJ WHM SCH AST SGE",False,False,False,False,False,False,True,False,False,False,False,False,False,False,False,False,False,False,False,False,False,False,False,False,True,False,False,False,True,False,False,False,False,True,False,False,False,False,False,False,True,False,False
118,"PGL LNC ARC ROG MNK DRG BRD NIN MCH SAM DNC RPR VPR",False,False,True,False,True,True,False,False,False,False,False,False,False,False,False,False,False,False,False,False,True,False,True,True,False,False,False,False,False,True,True,True,False,False,True,False,False,False,True,True,False,True,False
119,"PGL LNC THM ACN ROG MNK DRG BLM SMN NIN SAM RDM BLU RPR VPR PCT",False,False,True,False,True,False,False,True,False,False,False,False,False,False,False,False,False,False,False,False,True,False,True,False,False,True,True,True,False,True,True,False,False,False,True,True,True,False,False,True,False,True,True
120,"CNJ THM ACN WHM BLM SMN SCH AST RDM BLU SGE PCT",False,False,False,False,False,False,True,True,False,False,False,False,False,False,False,False,False,False,False,False,False,False,False,False,True,True,True,True,True,False,False,False,False,True,False,True,True,False,False,False,True,False,True
121,"PLD WAR DRK GNB",False,False,False,False,False,False,False,False,False,False,False,False,False,False,False,False,False,False,False,True,False,True,False,False,False,False,False,False,False,False,False,False,True,False,False,False,False,True,False,False,False,False,False
122,"MNK DRG NIN SAM RPR VPR",False,False,False,False,False,False,False,False,False,False,False,False,False,False,False,False,False,False,False,False,True,False,True,False,False,False,False,False,False,False,True,False,False,False,True,False,False,False,False,True,False,True,False
123,"BRD MCH DNC",False,False,False,False,False,False,False,False,False,False,False,False,False,False,False,False,False,False,False,False,False,False,False,True,False,False,False,False,False,False,False,True,False,False,False,False,False,False,True,False,False,False,False
124,"BLM SMN RDM BLU PCT",False,False,False,False,False,False,False,False,False,False,False,False,False,False,False,False,False,False,False,False,False,False,False,False,False,True,False,True,False,False,False,False,False,False,False,True,True,False,False,False,False,False,True
125,"WHM SCH AST SGE",False,False,False,False,False,False,False,False,False,False,False,False,False,False,False,False,False,False,False,False,False,False,False,False,True,False,False,False,True,False,False,False,False,True,False,False,False,False,False,False,True,False,False
126,"MNK DRG BRD NIN MCH SAM DNC RPR VPR",False,False,False,False,False,False,False,False,False,False,False,False,False,False,False,False,False,False,False,False,True,False,True,True,False,False,False,False,False,False,True,True,False,False,True,False,False,False,True,True,False,True,False
127,"MNK DRG BLM SMN NIN SAM RDM BLU RPR VPR PCT",False,False,False,False,False,False,False,False,False,False,False,False,False,False,False,False,False,False,False,False,True,False,True,False,False,True,False,True,False,False,True,False,False,False,True,True,True,False,False,True,False,True,True
128,"WHM BLM SMN SCH AST RDM BLU SGE PCT",False,False,False,False,False,False,False,False,False,False,False,False,False,False,False,False,False,False,False,False,False,False,False,False,True,True,False,True,True,False,False,False,False,True,False,True,True,False,False,False,True,False,True
129,"BLU",False,False,False,False,False,False,False,False,False,False,False,False,False,False,False,False,False,False,False,False,False,False,False,False,False,False,False,False,False,False,False,False,False,False,False,False,True,False,False,False,False,False,False
130,"All classes and jobs (excluding limited jobs)",True,True,True,True,True,True,True,True,True,True,True,True,True,True,True,True,True,True,True,True,True,True,True,True,True,True,True,True,True,True,True,True,True,True,True,True,False,True,True,True,True,True,True
131,"MNK DRG BRD BLM SMN NIN MCH SAM RDM DNC RPR VPR PCT",False,False,False,False,False,False,False,False,False,False,False,False,False,False,False,False,False,False,False,False,True,False,True,True,False,True,False,True,False,False,True,True,False,False,True,True,False,False,True,True,False,True,True
132,"MNK DRG BRD WHM BLM SMN SCH NIN MCH AST SAM RDM DNC RPR SGE VPR PCT",False,False,False,False,False,False,False,False,False,False,False,False,False,False,False,False,False,False,False,False,True,False,True,True,True,True,False,True,True,False,True,True,False,True,True,True,False,False,True,True,True,True,True
133,"WHM SCH AST SGE",False,False,False,False,False,False,False,False,False,False,False,False,False,False,False,False,False,False,False,False,False,False,False,False,True,False,False,False,True,False,False,False,False,True,False,False,False,False,False,False,True,False,False
134,"PLD WAR DRK GNB",False,False,False,False,False,False,False,False,False,False,False,False,False,False,False,False,False,False,False,True,False,True,False,False,False,False,False,False,False,False,False,False,True,False,False,False,False,True,False,False,False,False,False
135,"PLD MNK WAR DRG BRD BLM SMN NIN MCH DRK SAM RDM GNB DNC RPR VPR PCT",False,False,False,False,False,False,False,False,False,False,False,False,False,False,False,False,False,False,False,True,True,True,True,True,False,True,False,True,False,False,True,True,True,False,True,True,False,True,True,True,False,True,True
136,"PLD WAR WHM SCH DRK AST GNB SGE",False,False,False,False,False,False,False,False,False,False,False,False,False,False,False,False,False,False,False,True,False,True,False,False,True,False,False,False,True,False,False,False,True,True,False,False,False,True,False,False,True,False,False
137,"PLD MNK WAR DRG BRD WHM BLM SMN SCH NIN MCH DRK AST SAM RDM GNB DNC RPR SGE VPR PCT",False,False,False,False,False,False,False,False,False,False,False,False,False,False,False,False,False,False,False,True,True,True,True,True,True,True,False,True,True,False,True,True,True,True,True,True,False,True,True,True,True,True,True
138,"PLD MNK WAR DRG NIN DRK SAM GNB RPR VPR",False,False,False,False,False,False,False,False,False,False,False,False,False,False,False,False,False,False,False,True,True,True,True,False,False,False,False,False,False,False,True,False,True,False,True,False,False,True,False,True,False,True,False
139,"BRD MCH DNC",False,False,False,False,False,False,False,False,False,False,False,False,False,False,False,False,False,False,False,False,False,False,False,True,False,False,False,False,False,False,False,True,False,False,False,False,False,False,True,False,False,False,False
140,"WHM BLM SMN SCH AST RDM SGE PCT",False,False,False,False,False,False,False,False,False,False,False,False,False,False,False,False,False,False,False,False,False,False,False,False,True,True,False,True,True,False,False,False,False,True,False,True,False,False,False,False,True,False,True
141,"PLD MNK WAR DRG BRD WHM BLM SMN SCH MCH DRK AST SAM RDM GNB DNC RPR SGE VPR PCT",False,False,False,False,False,False,False,False,False,False,False,False,False,False,False,False,False,False,False,True,True,True,True,True,True,True,False,True,True,False,False,True,True,True,True,True,False,True,True,True,True,True,True
142,"Any Disciple of War or Magic (excluding limited jobs)",False,True,True,True,True,True,True,True,False,False,False,False,False,False,False,False,False,False,False,True,True,True,True,True,True,True,True,True,True,True,True,True,True,True,True,True,False,True,True,True,True,True,True
143,"Disciples of War (excluding limited jobs)",False,True,True,True,True,True,False,False,False,False,False,False,False,False,False,False,False,False,False,True,True,True,True,True,False,False,False,False,False,True,True,True,True,False,True,False,False,True,True,True,False,True,False
144,"Any Disciple of Magic (excluding limited jobs)",False,False,False,False,False,False,True,True,False,False,False,False,False,False,False,False,False,False,False,False,False,False,False,False,True,True,True,True,True,False,False,False,False,True,False,True,False,False,False,False,True,False,True
145,"PLD MNK WAR DRG BRD NIN MCH DRK SAM GNB DNC RPR VPR",False,False,False,False,False,False,False,False,False,False,False,False,False,False,False,False,False,False,False,True,True,True,True,True,False,False,False,False,False,False,True,True,True,False,True,False,False,True,True,True,False,True,False
146,"Any job of the Disciples of War or Magic (excluding limited jobs)",False,False,False,False,False,False,False,False,False,False,False,False,False,False,False,False,False,False,False,True,True,True,True,True,True,True,False,True,True,False,True,True,True,True,True,True,False,True,True,True,True,True,True
147,"BLM SMN RDM PCT",False,False,False,False,False,False,False,False,False,False,False,False,False,False,False,False,False,False,False,False,False,False,False,False,False,True,False,True,False,False,False,False,False,False,False,True,False,False,False,False,False,False,True
148,"MNK DRG NIN SAM RPR VPR",False,False,False,False,False,False,False,False,False,False,False,False,False,False,False,False,False,False,False,False,True,False,True,False,False,False,False,False,False,False,True,False,False,False,True,False,False,False,False,True,False,True,False
149,"GNB",False,False,False,False,False,False,False,False,False,False,False,False,False,False,False,False,False,False,False,False,False,False,False,False,False,False,False,False,False,False,False,False,False,False,False,False,False,True,False,False,False,False,False
150,"DNC",False,False,False,False,False,False,False,False,False,False,False,False,False,False,False,False,False,False,False,False,False,False,False,False,False,False,False,False,False,False,False,False,False,False,False,False,False,False,True,False,False,False,False
151,"BSM, ARM, GSM",False,False,False,False,False,False,False,False,False,True,True,True,False,False,False,False,False,False,False,False,False,False,False,False,False,False,False,False,False,False,False,False,False,False,False,False,False,False,False,False,False,False,False
152,"CRP, LTW, WVR",False,False,False,False,False,False,False,False,True,False,False,False,True,True,False,False,False,False,False,False,False,False,False,False,False,False,False,False,False,False,False,False,False,False,False,False,False,False,False,False,False,False,False
153,"ALC, CUL",False,False,False,False,False,False,False,False,False,False,False,False,False,False,True,True,False,False,False,False,False,False,False,False,False,False,False,False,False,False,False,False,False,False,False,False,False,False,False,False,False,False,False
154,"MIN, BTN",False,False,False,False,False,False,False,False,False,False,False,False,False,False,False,False,True,True,False,False,False,False,False,False,False,False,False,False,False,False,False,False,False,False,False,False,False,False,False,False,False,False,False
155,"FSH",False,False,False,False,False,False,False,False,False,False,False,False,False,False,False,False,False,False,True,False,False,False,False,False,False,False,False,False,False,False,False,False,False,False,False,False,False,False,False,False,False,False,False
156,"Tank (excluding limited jobs)",False,False,False,False,False,False,False,False,False,False,False,False,False,False,False,False,False,False,False,True,False,True,False,False,False,False,False,False,False,False,False,False,True,False,False,False,False,True,False,False,False,False,False
157,"Healer (excluding limited jobs)",False,False,False,False,False,False,False,False,False,False,False,False,False,False,False,False,False,False,False,False,False,False,False,False,True,False,False,False,True,False,False,False,False,True,False,False,False,False,False,False,True,False,False
158,"Physical DPS (excluding limited jobs)",False,False,False,False,False,False,False,False,False,False,False,False,False,False,False,False,False,False,False,False,True,False,True,True,False,False,False,False,False,False,True,True,False,False,True,False,False,False,True,True,False,True,False
159,"Magical Ranged DPS (excluding limited jobs)",False,False,False,False,False,False,False,False,False,False,False,False,False,False,False,False,False,False,False,False,False,False,False,False,False,True,False,True,False,False,False,False,False,False,False,True,False,False,False,False,False,False,True
160,"ACN SCH",False,False,False,False,False,False,False,False,False,False,False,False,False,False,False,False,False,False,False,False,False,False,False,False,False,False,True,False,True,False,False,False,False,False,False,False,False,False,False,False,False,False,False
161,"GLA PGL MRD LNC ARC PLD MNK WAR DRG BRD ROG NIN MCH DRK SAM GNB DNC RPR VPR",False,True,True,True,True,True,False,False,False,False,False,False,False,False,False,False,False,False,False,True,True,True,True,True,False,False,False,False,False,True,True,True,True,False,True,False,False,True,True,True,False,True,False
162,"PLD MNK WAR DRG BRD WHM BLM SMN SCH NIN MCH DRK AST SAM RDM GNB DNC",False,False,False,False,False,False,False,False,False,False,False,False,False,False,False,False,False,False,False,True,True,True,True,True,True,True,False,True,True,False,True,True,True,True,True,True,False,True,True,False,False,False,False
163,"MNK DRG BRD BLM SMN NIN MCH SAM RDM DNC RPR VPR PCT",False,False,False,False,False,False,False,False,False,False,False,False,False,False,False,False,False,False,False,False,True,False,True,True,False,True,False,True,False,False,True,True,False,False,True,True,False,False,True,True,False,True,True
164,"MNK DRG BRD WHM BLM SMN SCH NIN MCH AST SAM RDM DNC RPR SGE VPR PCT",False,False,False,False,False,False,False,False,False,False,False,False,False,False,False,False,False,False,False,False,True,False,True,True,True,True,False,True,True,False,True,True,False,True,True,True,False,False,True,True,True,True,True
165,"WHM SCH AST SGE",False,False,False,False,False,False,False,False,False,False,False,False,False,False,False,False,False,False,False,False,False,False,False,False,True,False,False,False,True,False,False,False,False,True,False,False,False,False,False,False,True,False,False
166,"PLD WAR DRK GNB",False,False,False,False,False,False,False,False,False,False,False,False,False,False,False,False,False,False,False,True,False,True,False,False,False,False,False,False,False,False,False,False,True,False,False,False,False,True,False,False,False,False,False
167,"PLD MNK WAR DRG BRD BLM SMN NIN MCH DRK SAM RDM GNB DNC RPR VPR PCT",False,False,False,False,False,False,False,False,False,False,False,False,False,False,False,False,False,False,False,True,True,True,True,True,False,True,False,True,False,False,True,True,True,False,True,True,False,True,True,True,False,True,True
168,"PLD WAR WHM SCH DRK AST GNB SGE",False,False,False,False,False,False,False,False,False,False,False,False,False,False,False,False,False,False,False,True,False,True,False,False,True,False,False,False,True,False,False,False,True,True,False,False,False,True,False,False,True,False,False
169,"PLD MNK WAR DRG BRD WHM BLM SMN SCH NIN MCH DRK AST SAM RDM GNB DNC RPR SGE VPR PCT",False,False,False,False,False,False,False,False,False,False,False,False,False,False,False,False,False,False,False,True,True,True,True,True,True,True,False,True,True,False,True,True,True,True,True,True,False,True,True,True,True,True,True
170,"PLD MNK WAR DRG NIN DRK SAM GNB RPR VPR",False,False,False,False,False,False,False,False,False,False,False,False,False,False,False,False,False,False,False,True,True,True,True,False,False,False,False,False,False,False,True,False,True,False,True,False,False,True,False,True,False,True,False
171,"BRD MCH DNC",False,False,False,False,False,False,False,False,False,False,False,False,False,False,False,False,False,False,False,False,False,False,False,True,False,False,False,False,False,False,False,True,False,False,False,False,False,False,True,False,False,False,False
172,"WHM BLM SMN SCH AST RDM SGE PCT",False,False,False,False,False,False,False,False,False,False,False,False,False,False,False,False,False,False,False,False,False,False,False,False,True,True,False,True,True,False,False,False,False,True,False,True,False,False,False,False,True,False,True
173,"PLD MNK WAR DRG BRD WHM BLM SMN SCH MCH DRK AST SAM RDM GNB DNC RPR SGE VPR PCT",False,False,False,False,False,False,False,False,False,False,False,False,False,False,False,False,False,False,False,True,True,True,True,True,True,True,False,True,True,False,False,True,True,True,True,True,False,True,True,True,True,True,True
174,"PLD MNK WAR DRG BRD NIN MCH DRK SAM GNB DNC RPR VPR",False,False,False,False,False,False,False,False,False,False,False,False,False,False,False,False,False,False,False,True,True,True,True,True,False,False,False,False,False,False,True,True,True,False,True,False,False,True,True,True,False,True,False
175,"BLM SMN RDM PCT",False,False,False,False,False,False,False,False,False,False,False,False,False,False,False,False,False,False,False,False,False,False,False,False,False,True,False,True,False,False,False,False,False,False,False,True,False,False,False,False,False,False,True
176,"MNK DRG NIN SAM RPR VPR",False,False,False,False,False,False,False,False,False,False,False,False,False,False,False,False,False,False,False,False,True,False,True,False,False,False,False,False,False,False,True,False,False,False,True,False,False,False,False,True,False,True,False
177,"MNK DRG BRD NIN MCH SAM DNC RPR VPR",False,False,False,False,False,False,False,False,False,False,False,False,False,False,False,False,False,False,False,False,True,False,True,True,False,False,False,False,False,False,True,True,False,False,True,False,False,False,True,True,False,True,False
178,"PLD WAR BLM SMN DRK RDM GNB PCT",False,False,False,False,False,False,False,False,False,False,False,False,False,False,False,False,False,False,False,True,False,True,False,False,False,True,False,True,False,False,False,False,True,False,False,True,False,True,False,False,False,False,True
179,"WHM SMN SCH AST RDM SGE PCT",False,False,False,False,False,False,False,False,False,False,False,False,False,False,False,False,False,False,False,False,False,False,False,False,True,False,False,True,True,False,False,False,False,True,False,True,False,False,False,False,True,False,True
180,"RPR",False,False,False,False,False,False,False,False,False,False,False,False,False,False,False,False,False,False,False,False,False,False,False,False,False,False,False,False,False,False,False,False,False,False,False,False,False,False,False,True,False,False,False
181,"SGE",False,False,False,False,False,False,False,False,False,False,False,False,False,False,False,False,False,False,False,False,False,False,False,False,False,False,False,False,False,False,False,False,False,False,False,False,False,False,False,False,True,False,False
182,"",False,True,False,True,False,False,False,False,False,False,False,False,False,False,False,False,False,False,False,True,False,True,False,False,False,False,False,False,False,False,False,False,True,False,False,False,False,True,False,False,False,False,False
183,"",False,False,False,False,False,False,True,False,False,False,False,False,False,False,False,False,False,False,False,False,False,False,False,False,True,False,False,False,True,False,False,False,False,True,False,False,False,False,False,False,True,False,False
184,"",False,False,True,False,True,True,False,False,False,False,False,False,False,False,False,False,False,False,False,False,True,False,True,True,False,False,False,False,False,True,True,True,False,False,True,False,False,False,True,True,False,True,False
185,"",False,False,False,False,False,False,False,True,False,False,False,False,False,False,False,False,False,False,False,False,False,False,False,False,False,True,True,True,False,False,False,False,False,False,False,True,False,False,False,False,False,False,True
186,"Tank (excluding limited jobs)",False,False,False,False,False,False,False,False,False,False,False,False,False,False,False,False,False,False,False,True,False,True,False,False,False,False,False,False,False,False,False,False,True,False,False,False,False,True,False,False,False,False,False
187,"Healer (excluding limited jobs)",False,False,False,False,False,False,False,False,False,False,False,False,False,False,False,False,False,False,False,False,False,False,False,False,True,False,False,False,True,False,False,False,False,True,False,False,False,False,False,False,True,False,False
188,"Melee DPS (excluding limited jobs)",False,False,False,False,False,False,False,False,False,False,False,False,False,False,False,False,False,False,False,False,True,False,True,False,False,False,False,False,False,False,True,False,False,False,True,False,False,False,False,True,False,True,False
189,"Physical Ranged DPS (excluding limited jobs)",False,False,False,False,False,False,False,False,False,False,False,False,False,False,False,False,False,False,False,False,False,False,False,True,False,False,False,False,False,False,False,True,False,False,False,False,False,False,True,False,False,False,False
190,"Magical Ranged DPS (excluding limited jobs)",False,False,False,False,False,False,False,False,False,False,False,False,False,False,False,False,False,False,False,False,False,False,False,False,False,True,False,True,False,False,False,False,False,False,False,True,False,False,False,False,False,False,True
191,"PLD MNK WAR DRG BRD WHM BLM SMN SCH NIN MCH DRK AST SAM RDM GNB DNC RPR SGE",False,False,False,False,False,False,False,False,False,False,False,False,False,False,False,False,False,False,False,True,True,True,True,True,True,True,False,True,True,False,True,True,True,True,True,True,False,True,True,True,True,False,False
192,"Any Disciple of War or Magic (excluding limited jobs)",False,True,True,True,True,True,True,True,False,False,False,False,False,False,False,False,False,False,False,True,True,True,True,True,True,True,True,True,True,True,True,True,True,True,True,True,False,True,True,True,True,True,True
193,"PGL LNC ARC ROG CNJ THM ACN MNK DRG BRD WHM BLM SMN SCH NIN MCH AST SAM RDM DNC RPR SGE VPR PCT",False,False,True,False,True,True,True,True,False,False,False,False,False,False,False,False,False,False,False,False,True,False,True,True,True,True,True,True,True,True,True,True,False,True,True,True,False,False,True,True,True,True,True
194,"GLA MRD CNJ PLD WAR WHM SCH DRK AST GNB SGE",False,True,False,True,False,False,True,False,False,False,False,False,False,False,False,False,False,False,False,True,False,True,False,False,True,False,False,False,True,False,False,False,True,True,False,False,False,True,False,False,True,False,False
195,"GLA MRD PGL LNC ARC ROG THM ACN PLD MNK WAR DRG BRD BLM SMN NIN MCH DRK SAM RDM GNB DNC RPR VPR PCT",False,True,True,True,True,True,False,True,False,False,False,False,False,False,False,False,False,False,False,True,True,True,True,True,False,True,True,True,False,True,True,True,True,False,True,True,False,True,True,True,False,True,True
196,"VPR",False,False,False,False,False,False,False,False,False,False,False,False,False,False,False,False,False,False,False,False,False,False,False,False,False,False,False,False,False,False,False,False,False,False,False,False,False,False,False,False,False,True,False
197,"PCT",False,False,False,False,False,False,False,False,False,False,False,False,False,False,False,False,False,False,False,False,False,False,False,False,False,False,False,False,False,False,False,False,False,False,False,False,False,False,False,False,False,False,True
198,"THM BLM ACN SMN RDM PCT",False,False,False,False,False,False,False,True,False,False,False,False,False,False,False,False,False,False,False,False,False,False,False,False,False,True,True,True,False,False,False,False,False,False,False,True,False,False,False,False,False,False,True
199,"CNJ THM WHM BLM ACN SMN SCH AST RDM SGE PCT",False,False,False,False,False,False,True,True,False,False,False,False,False,False,False,False,False,False,False,False,False,False,False,False,True,True,True,True,True,False,False,False,False,True,False,True,False,False,False,False,True,False,True
