﻿key,0,1,2,3,4,5,6,7,8,9
#,Item,,RewardLow,RewardMid,RewardHigh,,,,,
int32,Item,bit&01,byte,byte,byte,uint32,bit&02,byte,byte,byte
0,"",False,0,0,0,0,False,0,0,0
1,"Carpenter's Gobbiegoo",False,2,3,5,0,False,0,0,0
2,"Highly Viscous Carpenter's Gobbiegoo",False,2,3,5,0,False,0,0,0
3,"Blacksmith's Gobbiegoo",False,2,3,5,0,False,0,0,0
4,"Highly Viscous Blacksmith's Gobbiegoo",False,2,3,5,0,False,0,0,0
5,"Armorer's Gobbiegoo",False,2,3,5,0,False,0,0,0
6,"Highly Viscous Armorer's Gobbiegoo",False,2,3,5,0,False,0,0,0
7,"Goldsmith's Gobbiegoo",False,2,3,5,0,False,0,0,0
8,"Highly Viscous Goldsmith's Gobbiegoo",False,2,3,5,0,False,0,0,0
9,"Leatherworker's Gobbiegoo",False,2,3,5,0,False,0,0,0
10,"Highly Viscous Leatherworker's Gobbiegoo",False,2,3,5,0,False,0,0,0
11,"Weaver's Gobbiegoo",False,2,3,5,0,False,0,0,0
12,"Highly Viscous Weaver's Gobbiegoo",False,2,3,5,0,False,0,0,0
13,"Alchemist's Gobbiegoo",False,2,3,5,0,False,0,0,0
14,"Highly Viscous Alchemist's Gobbiegoo",False,2,3,5,0,False,0,0,0
15,"Culinarian's Gobbiegoo",False,2,3,5,0,False,0,0,0
16,"Highly Viscous Culinarian's Gobbiegoo",False,2,3,5,0,False,0,0,0
17,"Oddly Delicate Saw Part",False,1,2,3,0,False,0,0,0
18,"Oddly Delicate Cross-pein Hammer Part",False,1,2,3,0,False,0,0,0
19,"Oddly Delicate Raising Hammer Part",False,1,2,3,0,False,0,0,0
20,"Oddly Delicate Lapidary Hammer Part",False,1,2,3,0,False,0,0,0
21,"Oddly Delicate Round Knife Part",False,1,2,3,0,False,0,0,0
22,"Oddly Delicate Needle Part",False,1,2,3,0,False,0,0,0
23,"Oddly Delicate Alembic Part",False,1,2,3,0,False,0,0,0
24,"Oddly Delicate Frypan Part",False,1,2,3,0,False,0,0,0
25,"Oddly Delicate Pickaxe Part",False,1,3,7,0,False,0,0,0
26,"Oddly Delicate Hatchet Part",False,1,3,7,0,False,0,0,0
27,"Oddly Delicate Fishing Rod Part",False,1,2,4,0,False,0,0,0
28,"Oddly Delicate Fishing Reel Part",False,1,2,4,0,False,0,0,0
29,"Resplendent Carpenter's Material B",False,1,2,0,0,False,0,0,0
30,"Resplendent Carpenter's Material C",False,1,2,0,0,False,0,0,0
31,"Resplendent Carpenter's Final Material",False,1,2,0,0,False,0,0,0
32,"Resplendent Blacksmith's Material B",False,1,2,0,0,False,0,0,0
33,"Resplendent Blacksmith's Material C",False,1,2,0,0,False,0,0,0
34,"Resplendent Blacksmith's Final Material",False,1,2,0,0,False,0,0,0
35,"Resplendent Armorer's Material B",False,1,2,0,0,False,0,0,0
36,"Resplendent Armorer's Material C",False,1,2,0,0,False,0,0,0
37,"Resplendent Armorer's Final Material",False,1,2,0,0,False,0,0,0
38,"Resplendent Goldsmith's Material B",False,1,2,0,0,False,0,0,0
39,"Resplendent Goldsmith's Material C",False,1,2,0,0,False,0,0,0
40,"Resplendent Goldsmith's Final Material",False,1,2,0,0,False,0,0,0
41,"Resplendent Leatherworker's Material B",False,1,2,0,0,False,0,0,0
42,"Resplendent Leatherworker's Material C",False,1,2,0,0,False,0,0,0
43,"Resplendent Leatherworker's Final Material",False,1,2,0,0,False,0,0,0
44,"Resplendent Weaver's Material B",False,1,2,0,0,False,0,0,0
45,"Resplendent Weaver's Material C",False,1,2,0,0,False,0,0,0
46,"Resplendent Weaver's Final Material",False,1,2,0,0,False,0,0,0
47,"Resplendent Alchemist's Material B",False,1,2,0,0,False,0,0,0
48,"Resplendent Alchemist's Material C",False,1,2,0,0,False,0,0,0
49,"Resplendent Alchemist's Final Material",False,1,2,0,0,False,0,0,0
50,"Resplendent Culinarian's Material B",False,1,2,0,0,False,0,0,0
51,"Resplendent Culinarian's Material C",False,1,2,0,0,False,0,0,0
52,"Resplendent Culinarian's Final Material",False,1,2,0,0,False,0,0,0
53,"Splendorous Carpenter's Component",False,1,3,0,0,False,0,0,0
54,"Splendorous Blacksmith's Component",False,1,3,0,0,False,0,0,0
55,"Splendorous Armorer's Component",False,1,3,0,0,False,0,0,0
56,"Splendorous Goldsmith's Component",False,1,3,0,0,False,0,0,0
57,"Splendorous Leatherworker's Component",False,1,3,0,0,False,0,0,0
58,"Splendorous Weaver's Component",False,1,3,0,0,False,0,0,0
59,"Splendorous Alchemist's Component",False,1,3,0,0,False,0,0,0
60,"Splendorous Culinarian's Component",False,1,3,0,0,False,0,0,0
61,"Adaptive Carpenter's Component",False,1,3,0,0,False,0,0,0
62,"Adaptive Blacksmith's Component",False,1,3,0,0,False,0,0,0
63,"Adaptive Armorer's Component",False,1,3,0,0,False,0,0,0
64,"Adaptive Goldsmith's Component",False,1,3,0,0,False,0,0,0
65,"Adaptive Leatherworker's Component",False,1,3,0,0,False,0,0,0
66,"Adaptive Weaver's Component",False,1,3,0,0,False,0,0,0
67,"Adaptive Alchemist's Component",False,1,3,0,0,False,0,0,0
68,"Adaptive Culinarian's Component",False,1,3,0,0,False,0,0,0
69,"Splendorous Miner's Component",False,1,3,0,0,False,0,0,0
70,"Splendorous Botanist's Component",False,1,3,0,0,False,0,0,0
71,"Splendorous Fishing Rod Component",False,1,2,3,0,False,0,0,0
72,"Splendorous Fishing Reel Component",False,1,2,3,0,False,0,0,0
73,"Adaptive Miner's Component",False,1,3,0,0,False,0,0,0
74,"Adaptive Botanist's Component",False,1,3,0,0,False,0,0,0
75,"Adaptive Fishing Rod Component",False,1,2,3,0,False,0,0,0
76,"Adaptive Fishing Reel Component",False,1,2,3,0,False,0,0,0
77,"Customized Carpenter's Component",False,1,3,0,0,False,0,0,0
78,"Customized Blacksmith's Component",False,1,3,0,0,False,0,0,0
79,"Customized Armorer's Component",False,1,3,0,0,False,0,0,0
80,"Customized Goldsmith's Component",False,1,3,0,0,False,0,0,0
81,"Customized Leatherworker's Component",False,1,3,0,0,False,0,0,0
82,"Customized Weaver's Component",False,1,3,0,0,False,0,0,0
83,"Customized Alchemist's Component",False,1,3,0,0,False,0,0,0
84,"Customized Culinarian's Component",False,1,3,0,0,False,0,0,0
85,"Brilliant Carpenter's Component",False,1,3,0,0,False,0,0,0
86,"Brilliant Blacksmith's Component",False,1,3,0,0,False,0,0,0
87,"Brilliant Armorer's Component",False,1,3,0,0,False,0,0,0
88,"Brilliant Goldsmith's Component",False,1,3,0,0,False,0,0,0
89,"Brilliant Leatherworker's Component",False,1,3,0,0,False,0,0,0
90,"Brilliant Weaver's Component",False,1,3,0,0,False,0,0,0
91,"Brilliant Alchemist's Component",False,1,3,0,0,False,0,0,0
92,"Brilliant Culinarian's Component",False,1,3,0,0,False,0,0,0
93,"Customized Miner's Component",False,1,3,0,0,False,0,0,0
94,"Customized Botanist's Component",False,1,3,0,0,False,0,0,0
95,"Customized Fishing Rod Component",False,1,2,0,0,False,0,0,0
96,"Customized Fishing Reel Component",False,1,2,0,0,False,0,0,0
97,"Brilliant Miner's Component",False,1,3,0,0,False,0,0,0
98,"Brilliant Botanist's Component",False,1,3,0,0,False,0,0,0
99,"Brilliant Fishing Rod Component",False,1,2,0,0,False,0,0,0
100,"Brilliant Fishing Reel Component",False,1,2,0,0,False,0,0,0
101,"Inspirational Carpenter's Component",False,1,2,3,0,False,0,0,0
102,"Inspirational Blacksmith's Component",False,1,2,3,0,False,0,0,0
103,"Inspirational Armorer's Component",False,1,2,3,0,False,0,0,0
104,"Inspirational Goldsmith's Component",False,1,2,3,0,False,0,0,0
105,"Inspirational Leatherworker's Component",False,1,2,3,0,False,0,0,0
106,"Inspirational Weaver's Component",False,1,2,3,0,False,0,0,0
107,"Inspirational Alchemist's Component",False,1,2,3,0,False,0,0,0
108,"Inspirational Culinarian's Component",False,1,2,3,0,False,0,0,0
109,"Nightforged Carpenter's Component",False,1,2,3,0,False,0,0,0
110,"Nightforged Blacksmith's Component",False,1,2,3,0,False,0,0,0
111,"Nightforged Armorer's Component",False,1,2,3,0,False,0,0,0
112,"Nightforged Goldsmith's Component",False,1,2,3,0,False,0,0,0
113,"Nightforged Leatherworker's Component",False,1,2,3,0,False,0,0,0
114,"Nightforged Weaver's Component",False,1,2,3,0,False,0,0,0
115,"Nightforged Alchemist's Component",False,1,2,3,0,False,0,0,0
116,"Nightforged Culinarian's Component",False,1,2,3,0,False,0,0,0
117,"Inspirational Miner's Component",False,1,2,0,0,False,0,0,0
118,"Inspirational Botanist's Component",False,1,2,0,0,False,0,0,0
119,"Inspirational Fisher's Component",False,1,2,0,0,False,0,0,0
120,"Inspirational Fisher's Component",False,3,4,0,0,False,0,0,0
121,"Nightforged Miner's Component",False,1,2,0,0,False,0,0,0
122,"Nightforged Botanist's Component",False,1,2,0,0,False,0,0,0
123,"Nightforged Fisher's Component",False,1,2,0,0,False,0,0,0
124,"Nightforged Fisher's Component",False,3,4,0,0,False,0,0,0
125,"",False,0,0,0,0,False,0,0,0
126,"",False,0,0,0,0,False,0,0,0
127,"",False,0,0,0,0,False,0,0,0
128,"",False,0,0,0,0,False,0,0,0
129,"",False,0,0,0,0,False,0,0,0
130,"",False,0,0,0,0,False,0,0,0
131,"",False,0,0,0,0,False,0,0,0
132,"",False,0,0,0,0,False,0,0,0
133,"",False,0,0,0,0,False,0,0,0
134,"",False,0,0,0,0,False,0,0,0
135,"",False,0,0,0,0,False,0,0,0
136,"",False,0,0,0,0,False,0,0,0
137,"",False,0,0,0,0,False,0,0,0
138,"",False,0,0,0,0,False,0,0,0
139,"",False,0,0,0,0,False,0,0,0
