﻿key,0
#,Name
int32,str
0,""
1,""
2,"Lv. 50-60"
3,"Lv. 61-70"
4,"Lv. 71-80"
5,"Lv. 50-60"
6,"Lv. 61-70"
7,"Lv. 71-80"
8,"Lv. 50-60"
9,"Lv. 61-70"
10,"Lv. 71-80"
11,"Lv. 50-60"
12,"Lv. 61-70"
13,"Lv. 71-80"
14,"Lv. 50-60"
15,"Lv. 61-70"
16,"Lv. 71-80"
17,"Lv. 50-60"
18,"Lv. 61-70"
19,"Lv. 71-80"
20,"Lv. 50-60"
21,"Lv. 61-70"
22,"Lv. 71-80"
23,"Lv. 50-60"
24,"Lv. 61-70"
25,"Lv. 71-80"
26,"Lv. 50-60"
27,"Lv. 61-70"
28,"Lv. 71-80"
29,"Lv. 50-60"
30,"Lv. 61-70"
31,"Lv. 71-80"
32,"Lv. 50-60"
33,"Lv. 61-70"
34,"Lv. 71-80"
35,"Oddly Specific Materials Exchange (Carpentry)"
36,"Oddly Specific Materials Exchange (Blacksmithing)"
37,"Oddly Specific Materials Exchange (Armoring)"
38,"Oddly Specific Materials Exchange (Goldsmithing)"
39,"Oddly Specific Materials Exchange (Leatherworking)"
40,"Oddly Specific Materials Exchange (Clothcrafting)"
41,"Oddly Specific Materials Exchange (Alchemy)"
42,"Oddly Specific Materials Exchange (Cooking)"
43,"Oddly Delicate Materials Exchange (Carpentry)"
44,"Oddly Delicate Materials Exchange (Blacksmithing)"
45,"Oddly Delicate Materials Exchange (Armoring)"
46,"Oddly Delicate Materials Exchange (Goldsmithing)"
47,"Oddly Delicate Materials Exchange (Leatherworking)"
48,"Oddly Delicate Materials Exchange (Clothcrafting)"
49,"Oddly Delicate Materials Exchange (Alchemy)"
50,"Oddly Delicate Materials Exchange (Cooking)"
51,"Oddly Delicate Materials Exchange (Mining)"
52,"Oddly Delicate Materials Exchange (Botany)"
53,"Oddly Delicate Materials Exchange (Fishing)"
54,"Resplendent Materials Exchange (Carpentry)"
55,"Resplendent Materials Exchange (Blacksmithing)"
56,"Resplendent Materials Exchange (Armoring)"
57,"Resplendent Materials Exchange (Goldsmithing)"
58,"Resplendent Materials Exchange (Leatherworking)"
59,"Resplendent Materials Exchange (Clothcrafting)"
60,"Resplendent Materials Exchange (Alchemy)"
61,"Resplendent Materials Exchange (Cooking)"
62,"Lv. 81-90"
63,"Trade Goods Exchange (Carpentry)"
64,"Trade Goods Exchange (Blacksmithing)"
65,"Trade Goods Exchange (Armoring)"
66,"Trade Goods Exchange (Goldsmithing)"
67,"Trade Goods Exchange (Leatherworking)"
68,"Trade Goods Exchange (Clothcrafting)"
69,"Trade Goods Exchange (Alchemy)"
70,"Trade Goods Exchange (Cooking)"
71,"Trade Goods Exchange (Mining)"
72,"Trade Goods Exchange (Botany)"
73,"Trade Goods Exchange (Fishing)"
74,"Lv. 91-100"
75,""
76,""
77,""
78,""
79,""
80,""
81,""
82,""
83,""
84,""
85,""
86,""
87,""
88,""
89,""
90,""
91,""
92,""
93,""
94,""
95,""
96,""
97,""
98,""
99,""
100,""
