﻿key,0,1,2,3,4,5,6,7,8,9,10,11,12,13,14,15,16,17,18,19,20,21,22,23,24,25,26,27,28,29,30,31,32,33,34,35
#,SupplyItem[0],SetQuantity[0],SetsRequired[0],SupplyItem[1],SetQuantity[1],SetsRequired[1],SupplyItem[2],SetQuantity[2],SetsRequired[2],SupplyItem[3],SetQuantity[3],SetsRequired[3],SupplyItem[4],SetQuantity[4],SetsRequired[4],SupplyItem[5],SetQuantity[5],SetsRequired[5],SupplyItem[6],SetQuantity[6],SetsRequired[6],SupplyItem[7],SetQuantity[7],SetsRequired[7],SupplyItem[8],SetQuantity[8],SetsRequired[8],SupplyItem[9],SetQuantity[9],SetsRequired[9],SupplyItem[10],SetQuantity[10],SetsRequired[10],SupplyItem[11],SetQuantity[11],SetsRequired[11]
int32,CompanyCraftSupplyItem,uint16,uint16,CompanyCraftSupplyItem,uint16,uint16,CompanyCraftSupplyItem,uint16,uint16,CompanyCraftSupplyItem,uint16,uint16,CompanyCraftSupplyItem,uint16,uint16,CompanyCraftSupplyItem,uint16,uint16,CompanyCraftSupplyItem,uint16,uint16,CompanyCraftSupplyItem,uint16,uint16,CompanyCraftSupplyItem,uint16,uint16,CompanyCraftSupplyItem,uint16,uint16,CompanyCraftSupplyItem,uint16,uint16,CompanyCraftSupplyItem,uint16,uint16
0,"",0,0,"",0,0,"",0,0,"",0,0,"",0,0,"",0,0,"",0,0,"",0,0,"",0,0,"",0,0,"",0,0,"",0,0
1,"Cobalt Rivets",3,3,"Cobalt Nails",3,3,"Darksteel Ingot",3,3,"Electrum Ingot",3,3,"",0,0,"",0,0,"",0,0,"",0,0,"",0,0,"",0,0,"",0,0,"",0,0
2,"Rosewood Lumber",3,3,"Mythril Ingot",3,3,"Electrum Ingot",3,3,"Enchanted Gold Ink",3,3,"",0,0,"",0,0,"",0,0,"",0,0,"",0,0,"",0,0,"",0,0,"",0,0
3,"Ancient Lumber",2,3,"Turquoise",3,3,"Rose Gold Ingot",3,3,"Hard Hippogryph Leather",2,3,"Varnish",3,3,"",0,0,"",0,0,"",0,0,"",0,0,"",0,0,"",0,0,"",0,0
4,"Electrum Ingot",1,3,"Deep-red Enchanted Ink",1,3,"Mythrite Sand",1,3,"Unaspected Crystal",1,3,"",0,0,"",0,0,"",0,0,"",0,0,"",0,0,"",0,0,"",0,0,"",0,0
5,"Electrum Ingot",1,3,"Deep-green Enchanted Ink",1,3,"Mythrite Sand",1,3,"Unaspected Crystal",1,3,"",0,0,"",0,0,"",0,0,"",0,0,"",0,0,"",0,0,"",0,0,"",0,0
6,"Electrum Ingot",1,3,"Deep-blue Enchanted Ink",1,3,"Mythrite Sand",1,3,"Unaspected Crystal",1,3,"",0,0,"",0,0,"",0,0,"",0,0,"",0,0,"",0,0,"",0,0,"",0,0
50,"Cobalt Rivets",3,3,"Cobalt Nails",3,3,"Darksteel Ingot",3,3,"Electrum Ingot",3,3,"",0,0,"",0,0,"",0,0,"",0,0,"",0,0,"",0,0,"",0,0,"",0,0
51,"Hallowed Chestnut Lumber",3,3,"Cobalt Ingot",3,3,"Rose Gold Ingot",6,3,"Enchanted Hardsilver Ink",3,3,"",0,0,"",0,0,"",0,0,"",0,0,"",0,0,"",0,0,"",0,0,"",0,0
52,"Dark Chestnut Lumber",4,3,"Turquoise",3,3,"Platinum Ingot",3,3,"Dragon Leather",4,3,"Varnish",3,3,"",0,0,"",0,0,"",0,0,"",0,0,"",0,0,"",0,0,"",0,0
53,"Electrum Ingot",1,3,"Superior Deep-red Enchanted Ink",1,3,"Mythrite Sand",1,3,"Unaspected Crystal",1,3,"",0,0,"",0,0,"",0,0,"",0,0,"",0,0,"",0,0,"",0,0,"",0,0
54,"Electrum Ingot",1,3,"Superior Deep-green Enchanted Ink",1,3,"Mythrite Sand",1,3,"Unaspected Crystal",1,3,"",0,0,"",0,0,"",0,0,"",0,0,"",0,0,"",0,0,"",0,0,"",0,0
55,"Electrum Ingot",1,3,"Superior Deep-blue Enchanted Ink",1,3,"Mythrite Sand",1,3,"Unaspected Crystal",1,3,"",0,0,"",0,0,"",0,0,"",0,0,"",0,0,"",0,0,"",0,0,"",0,0
100,"Darksteel Rivets",3,3,"Mythrite Ingot",3,3,"Rose Gold Ingot",3,3,"",0,0,"",0,0,"",0,0,"",0,0,"",0,0,"",0,0,"",0,0,"",0,0,"",0,0
101,"Birch Lumber",3,3,"Titanium Ingot",3,3,"Enchanted Aurum Regis Ink",3,3,"",0,0,"",0,0,"",0,0,"",0,0,"",0,0,"",0,0,"",0,0,"",0,0,"",0,0
102,"Cassia Block",2,3,"Larimar",2,3,"Hardsilver Ingot",2,3,"Amphiptere Leather",2,3,"",0,0,"",0,0,"",0,0,"",0,0,"",0,0,"",0,0,"",0,0,"",0,0
105,"Darksteel Rivets",3,3,"Titanium Ingot",3,3,"Hardsilver Ingot",3,3,"",0,0,"",0,0,"",0,0,"",0,0,"",0,0,"",0,0,"",0,0,"",0,0,"",0,0
106,"Birch Lumber",3,3,"Galvanized Garlond Steel",1,3,"Enchanted Aurum Regis Ink",3,3,"",0,0,"",0,0,"",0,0,"",0,0,"",0,0,"",0,0,"",0,0,"",0,0,"",0,0
107,"Cassia Block",1,3,"Gold Ingot",5,3,"Larimar",2,3,"Amphiptere Leather",2,3,"",0,0,"",0,0,"",0,0,"",0,0,"",0,0,"",0,0,"",0,0,"",0,0
110,"Adamantite Rivets",1,3,"High Mythrite Ingot",1,2,"Hardsilver Ingot",3,3,"",0,0,"",0,0,"",0,0,"",0,0,"",0,0,"",0,0,"",0,0,"",0,0,"",0,0
111,"Camphorwood Lumber",1,3,"Galvanized Garlond Steel",1,2,"Enchanted Aurum Regis Ink",3,3,"",0,0,"",0,0,"",0,0,"",0,0,"",0,0,"",0,0,"",0,0,"",0,0,"",0,0
112,"Cassia Block",1,3,"Eikon Iron Ingot",1,2,"Chrysolite",1,2,"Amphiptere Leather",2,3,"",0,0,"",0,0,"",0,0,"",0,0,"",0,0,"",0,0,"",0,0,"",0,0
500,"Yew Lumber",6,3,"Mahogany Lumber",6,3,"Iron Nails",6,3,"Cobalt Ingot",6,3,"",0,0,"",0,0,"",0,0,"",0,0,"",0,0,"",0,0,"",0,0,"",0,0
501,"Spruce Lumber",6,3,"Bronze Rivets",6,3,"Mythril Plate",6,3,"Electrum Ingot",6,3,"",0,0,"",0,0,"",0,0,"",0,0,"",0,0,"",0,0,"",0,0,"",0,0
502,"Cobalt Rivets",6,3,"Darksteel Plate",6,3,"Boar Leather",6,3,"Linen Canvas",6,3,"Varnish",6,3,"Horn Glue",6,3,"",0,0,"",0,0,"",0,0,"",0,0,"",0,0,"",0,0
503,"Walnut Lumber",6,3,"Spruce Lumber",6,3,"Iron Nails",6,3,"Garlond Steel",3,3,"",0,0,"",0,0,"",0,0,"",0,0,"",0,0,"",0,0,"",0,0,"",0,0
504,"Cedar Lumber",3,3,"Iron Rivets",6,3,"Mythril Plate",6,3,"Electrum Ingot",6,3,"Horn Glue",6,3,"",0,0,"",0,0,"",0,0,"",0,0,"",0,0,"",0,0,"",0,0
505,"Mythril Rivets",6,3,"Cobalt Ingot",6,3,"Rose Gold Ingot",7,3,"Varnish",6,3,"",0,0,"",0,0,"",0,0,"",0,0,"",0,0,"",0,0,"",0,0,"",0,0
506,"Oak Lumber",8,3,"Spruce Lumber",8,3,"Steel Nails",8,3,"Garlond Steel",3,3,"",0,0,"",0,0,"",0,0,"",0,0,"",0,0,"",0,0,"",0,0,"",0,0
507,"Ancient Lumber",8,3,"Iron Rivets",8,3,"Steel Plate",8,3,"Electrum Ingot",8,3,"",0,0,"",0,0,"",0,0,"",0,0,"",0,0,"",0,0,"",0,0,"",0,0
508,"Cobalt Rivets",8,3,"Cobalt Ingot",8,3,"Uraeus Leather",8,3,"Farreach Canvas",3,3,"Varnish",6,3,"Void Glue",3,3,"",0,0,"",0,0,"",0,0,"",0,0,"",0,0,"",0,0
509,"Walnut Lumber",8,3,"Spruce Lumber",8,3,"Iron Nails",8,3,"Garlond Steel",3,3,"",0,0,"",0,0,"",0,0,"",0,0,"",0,0,"",0,0,"",0,0,"",0,0
510,"Holy Cedar Lumber",4,3,"Cobalt Rivets",8,3,"Cobalt Plate",8,3,"Rose Gold Ingot",8,3,"Void Glue",4,3,"",0,0,"",0,0,"",0,0,"",0,0,"",0,0,"",0,0,"",0,0
511,"Cobalt Rivets",10,3,"Mythrite Ingot",6,3,"Celestine",3,3,"Varnish",10,3,"",0,0,"",0,0,"",0,0,"",0,0,"",0,0,"",0,0,"",0,0,"",0,0
512,"Rosewood Lumber",8,3,"Ancient Lumber",8,3,"Cobalt Nails",8,3,"Garlond Steel",3,3,"",0,0,"",0,0,"",0,0,"",0,0,"",0,0,"",0,0,"",0,0,"",0,0
513,"Dark Chestnut Lumber",4,3,"Bronze Rivets",8,3,"Darksteel Plate",8,3,"Mythrite Ingot",4,3,"",0,0,"",0,0,"",0,0,"",0,0,"",0,0,"",0,0,"",0,0,"",0,0
514,"Darksteel Rivets",7,3,"Mythrite Ingot",4,3,"High Allagan Chimera Leather",3,3,"Farreach Canvas",3,3,"Varnish",8,3,"Wing Glue",3,3,"",0,0,"",0,0,"",0,0,"",0,0,"",0,0,"",0,0
515,"Birch Lumber",8,3,"Ancient Lumber",4,3,"Cobalt Nails",8,3,"Garlond Steel",3,3,"",0,0,"",0,0,"",0,0,"",0,0,"",0,0,"",0,0,"",0,0,"",0,0
516,"Cassia Lumber",3,3,"Darksteel Rivets",8,3,"Adamantite Nugget",8,3,"Rose Gold Ingot",8,3,"Void Glue",3,3,"",0,0,"",0,0,"",0,0,"",0,0,"",0,0,"",0,0,"",0,0
517,"Cobalt Rivets",8,3,"Titanium Ingot",4,3,"Celestine",3,3,"High Allagan Chimera Leather",3,3,"Varnish",8,3,"",0,0,"",0,0,"",0,0,"",0,0,"",0,0,"",0,0,"",0,0
518,"Dark Chestnut Lumber",4,3,"Birch Lumber",4,3,"Cobalt Nails",4,3,"Galvanized Garlond Steel",2,3,"",0,0,"",0,0,"",0,0,"",0,0,"",0,0,"",0,0,"",0,0,"",0,0
519,"Cassia Block",1,3,"Adamantite Nugget",2,3,"Hardsilver Ingot",4,3,"Wing Glue",4,3,"",0,0,"",0,0,"",0,0,"",0,0,"",0,0,"",0,0,"",0,0,"",0,0
520,"Darksteel Rivets",4,3,"Titanium Ingot",4,3,"High Allagan Chimera Leather",4,3,"Varnish",4,3,"",0,0,"",0,0,"",0,0,"",0,0,"",0,0,"",0,0,"",0,0,"",0,0
550,"Rosewood Lumber",7,3,"Darksteel Nugget",7,3,"Iron Nails",7,3,"Iron Rivets",7,3,"",0,0,"",0,0,"",0,0,"",0,0,"",0,0,"",0,0,"",0,0,"",0,0
551,"Iron Ingot",7,3,"Iron Rivets",7,3,"Steel Ingot",7,3,"Steel Rivets",7,3,"",0,0,"",0,0,"",0,0,"",0,0,"",0,0,"",0,0,"",0,0,"",0,0
552,"Darksteel Ingot",2,3,"Steel Rivets",4,3,"Saurian Leather",2,3,"Hard Hippogryph Leather",2,3,"Linen Canvas",4,3,"Vanya Silk",2,3,"",0,0,"",0,0,"",0,0,"",0,0,"",0,0,"",0,0
553,"Treated Spruce Lumber",4,3,"Darksteel Nugget",7,3,"Iron Nails",7,3,"Iron Rivets",7,3,"",0,0,"",0,0,"",0,0,"",0,0,"",0,0,"",0,0,"",0,0,"",0,0
554,"Steel Ingot",7,3,"Steel Rivets",7,3,"Darksteel Ingot",4,3,"Cobalt Rivets",7,3,"",0,0,"",0,0,"",0,0,"",0,0,"",0,0,"",0,0,"",0,0,"",0,0
555,"Darksteel Ingot",4,3,"Garlond Steel",3,3,"Steel Rivets",7,3,"Electrum Ingot",7,3,"",0,0,"",0,0,"",0,0,"",0,0,"",0,0,"",0,0,"",0,0,"",0,0
556,"Treated Spruce Lumber",4,3,"Garlond Steel",3,3,"Steel Nails",7,3,"Steel Rivets",7,3,"",0,0,"",0,0,"",0,0,"",0,0,"",0,0,"",0,0,"",0,0,"",0,0
557,"Steel Ingot",7,3,"Steel Rivets",7,3,"Cobalt Ingot",7,3,"Darksteel Rivets",7,3,"",0,0,"",0,0,"",0,0,"",0,0,"",0,0,"",0,0,"",0,0,"",0,0
558,"Darksteel Ingot",6,3,"Mythril Rivets",6,3,"Wyvern Leather",6,3,"Farreach Canvas",3,3,"",0,0,"",0,0,"",0,0,"",0,0,"",0,0,"",0,0,"",0,0,"",0,0
559,"Ancient Lumber",4,3,"Steel Nails",10,3,"Darksteel Nugget",10,3,"Mythril Rivets",10,3,"",0,0,"",0,0,"",0,0,"",0,0,"",0,0,"",0,0,"",0,0,"",0,0
560,"Steel Ingot",10,3,"Steel Rivets",10,3,"Cobalt Rivets",10,3,"Darksteel Ingot",10,3,"",0,0,"",0,0,"",0,0,"",0,0,"",0,0,"",0,0,"",0,0,"",0,0
561,"Garlond Steel",3,3,"Mythrite Ingot",4,3,"Darksteel Rivets",4,3,"Celestine",3,3,"",0,0,"",0,0,"",0,0,"",0,0,"",0,0,"",0,0,"",0,0,"",0,0
562,"Ancient Lumber",4,3,"Garlond Steel",3,3,"Cobalt Nails",10,3,"Cobalt Rivets",10,3,"",0,0,"",0,0,"",0,0,"",0,0,"",0,0,"",0,0,"",0,0,"",0,0
563,"Steel Ingot",10,3,"Steel Rivets",10,3,"Cobalt Ingot",10,3,"Darksteel Rivets",10,3,"",0,0,"",0,0,"",0,0,"",0,0,"",0,0,"",0,0,"",0,0,"",0,0
564,"Darksteel Ingot",4,3,"Darksteel Rivets",4,3,"Dhalmel Leather",6,3,"High Allagan Chimera Leather",3,3,"Farreach Canvas",3,3,"",0,0,"",0,0,"",0,0,"",0,0,"",0,0,"",0,0,"",0,0
565,"Cassia Lumber",3,3,"Cobalt Nails",10,3,"Darksteel Nugget",10,3,"Cobalt Rivets",10,3,"",0,0,"",0,0,"",0,0,"",0,0,"",0,0,"",0,0,"",0,0,"",0,0
566,"Adamantite Nugget",10,3,"Cobalt Rivets",10,3,"Darksteel Ingot",6,3,"Darksteel Rivets",10,3,"",0,0,"",0,0,"",0,0,"",0,0,"",0,0,"",0,0,"",0,0,"",0,0
567,"Mythrite Ingot",5,3,"Titanium Ingot",5,3,"Darksteel Rivets",5,3,"Garlond Steel",3,3,"Celestine",3,3,"",0,0,"",0,0,"",0,0,"",0,0,"",0,0,"",0,0,"",0,0
568,"Cassia Block",1,3,"Mythrite Nugget",4,3,"Galvanized Garlond Steel",2,3,"Cobalt Rivets",4,3,"",0,0,"",0,0,"",0,0,"",0,0,"",0,0,"",0,0,"",0,0,"",0,0
569,"Cobalt Rivets",4,3,"Adamantite Nugget",2,3,"Darksteel Rivets",2,3,"Mythrite Ingot",2,3,"",0,0,"",0,0,"",0,0,"",0,0,"",0,0,"",0,0,"",0,0,"",0,0
570,"Titanium Ingot",4,3,"Galvanized Garlond Steel",2,3,"Amphiptere Leather",4,3,"Farreach Canvas",2,3,"",0,0,"",0,0,"",0,0,"",0,0,"",0,0,"",0,0,"",0,0,"",0,0
600,"Steel Ingot",8,3,"Steel Rivets",8,3,"Cobalt Joint Plate",8,3,"Cobalt Ingot",8,3,"",0,0,"",0,0,"",0,0,"",0,0,"",0,0,"",0,0,"",0,0,"",0,0
601,"Iron Rivets",8,3,"Steel Ingot",8,3,"Steel Joint Plate",8,3,"Darksteel Ingot",2,3,"",0,0,"",0,0,"",0,0,"",0,0,"",0,0,"",0,0,"",0,0,"",0,0
602,"Mythril Rivets",10,3,"Darksteel Plate",2,3,"Silver Ingot",10,3,"",0,0,"",0,0,"",0,0,"",0,0,"",0,0,"",0,0,"",0,0,"",0,0,"",0,0
603,"Steel Ingot",10,3,"Steel Rivets",10,3,"Cobalt Joint Plate",10,3,"Garlond Steel",3,3,"",0,0,"",0,0,"",0,0,"",0,0,"",0,0,"",0,0,"",0,0,"",0,0
604,"Steel Rivets",10,3,"Steel Joint Plate",10,3,"Darksteel Ingot",4,3,"",0,0,"",0,0,"",0,0,"",0,0,"",0,0,"",0,0,"",0,0,"",0,0,"",0,0
605,"Ancient Lumber",3,3,"Mythril Rivets",10,3,"Silver Ingot",10,3,"",0,0,"",0,0,"",0,0,"",0,0,"",0,0,"",0,0,"",0,0,"",0,0,"",0,0
606,"Steel Ingot",10,3,"Cobalt Rivets",10,3,"Cobalt Joint Plate",10,3,"Garlond Steel",3,3,"",0,0,"",0,0,"",0,0,"",0,0,"",0,0,"",0,0,"",0,0,"",0,0
607,"Steel Rivets",10,3,"Mythrite Ingot",6,3,"Steel Joint Plate",10,3,"Darksteel Ingot",3,3,"",0,0,"",0,0,"",0,0,"",0,0,"",0,0,"",0,0,"",0,0,"",0,0
608,"Mythril Rivets",10,3,"Darksteel Plate",3,3,"Mythril Ingot",10,3,"Rose Gold Ingot",6,3,"Clear Glass Lens",10,3,"",0,0,"",0,0,"",0,0,"",0,0,"",0,0,"",0,0,"",0,0
609,"Steel Rivets",10,3,"Steel Ingot",10,3,"Cobalt Joint Plate",10,3,"Garlond Steel",3,3,"",0,0,"",0,0,"",0,0,"",0,0,"",0,0,"",0,0,"",0,0,"",0,0
610,"Steel Rivets",10,3,"Mythrite Ingot",6,3,"Cobalt Joint Plate",10,3,"Darksteel Ingot",4,3,"",0,0,"",0,0,"",0,0,"",0,0,"",0,0,"",0,0,"",0,0,"",0,0
611,"Holy Cedar Lumber",4,3,"Darksteel Rivets",10,3,"Celestine",3,3,"Rose Gold Ingot",4,3,"",0,0,"",0,0,"",0,0,"",0,0,"",0,0,"",0,0,"",0,0,"",0,0
612,"Steel Rivets",10,3,"Darksteel Ingot",7,3,"Cobalt Joint Plate",10,3,"Garlond Steel",3,3,"",0,0,"",0,0,"",0,0,"",0,0,"",0,0,"",0,0,"",0,0,"",0,0
613,"Cobalt Rivets",10,3,"Mythrite Ingot",6,3,"Cobalt Joint Plate",10,3,"Darksteel Ingot",6,3,"",0,0,"",0,0,"",0,0,"",0,0,"",0,0,"",0,0,"",0,0,"",0,0
614,"Cobalt Rivets",6,3,"Cobalt Rings",6,3,"Darksteel Plate",6,3,"Celestine",3,3,"Hardsilver Nugget",5,3,"",0,0,"",0,0,"",0,0,"",0,0,"",0,0,"",0,0,"",0,0
615,"Mythril Rivets",10,3,"Adamantite Nugget",10,3,"Cobalt Joint Plate",10,3,"Garlond Steel",3,3,"",0,0,"",0,0,"",0,0,"",0,0,"",0,0,"",0,0,"",0,0,"",0,0
616,"Darksteel Rivets",10,3,"Titanium Ingot",6,3,"Cobalt Joint Plate",10,3,"Darksteel Ingot",4,3,"",0,0,"",0,0,"",0,0,"",0,0,"",0,0,"",0,0,"",0,0,"",0,0
617,"Cassia Lumber",3,3,"Darksteel Rivets",10,3,"Mythrite Ingot",6,3,"Celestine",3,3,"",0,0,"",0,0,"",0,0,"",0,0,"",0,0,"",0,0,"",0,0,"",0,0
618,"Cobalt Rivets",4,3,"Adamantite Nugget",2,3,"Mythrite Ingot",4,3,"Galvanized Garlond Steel",2,3,"",0,0,"",0,0,"",0,0,"",0,0,"",0,0,"",0,0,"",0,0,"",0,0
619,"Darksteel Rivets",4,3,"Titanium Ingot",4,3,"Titanium Nugget",2,3,"Aurum Regis Nugget",4,3,"",0,0,"",0,0,"",0,0,"",0,0,"",0,0,"",0,0,"",0,0,"",0,0
620,"Cassia Block",1,3,"Darksteel Rivets",4,3,"Celestine",2,3,"Hardsilver Ingot",4,3,"",0,0,"",0,0,"",0,0,"",0,0,"",0,0,"",0,0,"",0,0,"",0,0
650,"Steel Rivets",8,3,"Cobalt Ingot",8,3,"Steel Ingot",8,3,"Cobalt Joint Plate",8,3,"",0,0,"",0,0,"",0,0,"",0,0,"",0,0,"",0,0,"",0,0,"",0,0
651,"Steel Ingot",10,3,"Darksteel Ingot",2,3,"Iron Rivets",10,3,"Steel Joint Plate",10,3,"",0,0,"",0,0,"",0,0,"",0,0,"",0,0,"",0,0,"",0,0,"",0,0
652,"Mythril Rivets",10,3,"Darksteel Plate",4,3,"Silver Ingot",10,3,"",0,0,"",0,0,"",0,0,"",0,0,"",0,0,"",0,0,"",0,0,"",0,0,"",0,0
653,"Steel Rivets",8,3,"Garlond Steel",3,3,"Steel Ingot",8,3,"Cobalt Joint Plate",8,3,"",0,0,"",0,0,"",0,0,"",0,0,"",0,0,"",0,0,"",0,0,"",0,0
654,"Steel Ingot",10,3,"Darksteel Ingot",3,3,"Steel Joint Plate",10,3,"Cobalt Ingot",10,3,"",0,0,"",0,0,"",0,0,"",0,0,"",0,0,"",0,0,"",0,0,"",0,0
655,"Ancient Lumber",3,3,"Mythril Rivets",10,3,"Cobalt Ingot",10,3,"Silver Ingot",10,3,"",0,0,"",0,0,"",0,0,"",0,0,"",0,0,"",0,0,"",0,0,"",0,0
656,"Steel Rivets",8,3,"Cobalt Ingot",8,3,"Steel Ingot",8,3,"Garlond Steel",3,3,"",0,0,"",0,0,"",0,0,"",0,0,"",0,0,"",0,0,"",0,0,"",0,0
657,"Mythril Rivets",10,3,"Mythrite Ingot",6,3,"Cobalt Joint Plate",10,3,"Darksteel Ingot",3,3,"",0,0,"",0,0,"",0,0,"",0,0,"",0,0,"",0,0,"",0,0,"",0,0
658,"Mythril Rivets",10,3,"Wolfram Ingot",6,3,"Darksteel Plate",6,3,"Mythril Ingot",10,3,"Clear Glass Lens",10,3,"",0,0,"",0,0,"",0,0,"",0,0,"",0,0,"",0,0,"",0,0
659,"Steel Rivets",10,3,"Steel Ingot",10,3,"Cobalt Joint Plate",10,3,"Garlond Steel",3,3,"",0,0,"",0,0,"",0,0,"",0,0,"",0,0,"",0,0,"",0,0,"",0,0
660,"Steel Rivets",10,3,"Mythrite Ingot",6,3,"Cobalt Joint Plate",10,3,"Darksteel Ingot",4,3,"",0,0,"",0,0,"",0,0,"",0,0,"",0,0,"",0,0,"",0,0,"",0,0
661,"Holy Cedar Lumber",4,3,"Cobalt Rivets",6,3,"Darksteel Ingot",6,3,"Celestine",3,3,"Rose Gold Ingot",4,3,"",0,0,"",0,0,"",0,0,"",0,0,"",0,0,"",0,0,"",0,0
662,"Mythril Rivets",10,3,"Mythril Ingot",10,3,"Cobalt Joint Plate",10,3,"Garlond Steel",3,3,"",0,0,"",0,0,"",0,0,"",0,0,"",0,0,"",0,0,"",0,0,"",0,0
663,"Cobalt Rivets",10,3,"Mythrite Ingot",6,3,"Cobalt Joint Plate",10,3,"Darksteel Ingot",10,3,"",0,0,"",0,0,"",0,0,"",0,0,"",0,0,"",0,0,"",0,0,"",0,0
664,"Cobalt Rivets",10,3,"Wolfram Ingot",3,3,"Darksteel Plate",10,3,"Hardsilver Nugget",6,3,"Celestine",3,3,"",0,0,"",0,0,"",0,0,"",0,0,"",0,0,"",0,0,"",0,0
665,"Cobalt Rivets",10,3,"Adamantite Nugget",10,3,"Cobalt Joint Plate",10,3,"Garlond Steel",3,3,"",0,0,"",0,0,"",0,0,"",0,0,"",0,0,"",0,0,"",0,0,"",0,0
666,"Darksteel Rivets",10,3,"Titanium Ingot",6,3,"Cobalt Joint Plate",10,3,"Darksteel Ingot",4,3,"",0,0,"",0,0,"",0,0,"",0,0,"",0,0,"",0,0,"",0,0,"",0,0
667,"Cassia Lumber",3,3,"Darksteel Rivets",6,3,"Aurum Regis Nugget",6,3,"Celestine",3,3,"High Allagan Chimera Leather",3,3,"",0,0,"",0,0,"",0,0,"",0,0,"",0,0,"",0,0,"",0,0
668,"Cobalt Rivets",4,3,"Adamantite Nugget",2,3,"Titanium Ingot",4,3,"Galvanized Garlond Steel",2,3,"",0,0,"",0,0,"",0,0,"",0,0,"",0,0,"",0,0,"",0,0,"",0,0
669,"Darksteel Rivets",4,3,"Titanium Ingot",4,3,"Cobalt Joint Plate",4,3,"Mythrite Ingot",4,3,"",0,0,"",0,0,"",0,0,"",0,0,"",0,0,"",0,0,"",0,0,"",0,0
670,"Cassia Block",1,3,"Aurum Regis Nugget",4,3,"High Allagan Chimera Leather",3,3,"Farreach Canvas",3,3,"",0,0,"",0,0,"",0,0,"",0,0,"",0,0,"",0,0,"",0,0,"",0,0
700,"Walnut Lumber",6,3,"Spruce Lumber",6,3,"Iron Nails",6,3,"Cobalt Ingot",6,3,"",0,0,"",0,0,"",0,0,"",0,0,"",0,0,"",0,0,"",0,0,"",0,0
701,"Cedar Lumber",3,3,"Iron Rivets",6,3,"Mythril Plate",6,3,"Electrum Ingot",6,3,"Horn Glue",6,3,"",0,0,"",0,0,"",0,0,"",0,0,"",0,0,"",0,0,"",0,0
702,"Mythril Rivets",6,3,"Cobalt Ingot",6,3,"Rose Gold Ingot",7,3,"Varnish",6,3,"",0,0,"",0,0,"",0,0,"",0,0,"",0,0,"",0,0,"",0,0,"",0,0
703,"Oak Lumber",8,3,"Spruce Lumber",8,3,"Steel Nails",8,3,"Garlond Steel",3,3,"",0,0,"",0,0,"",0,0,"",0,0,"",0,0,"",0,0,"",0,0,"",0,0
704,"Ancient Lumber",8,3,"Iron Rivets",8,3,"Steel Plate",8,3,"Electrum Ingot",8,3,"",0,0,"",0,0,"",0,0,"",0,0,"",0,0,"",0,0,"",0,0,"",0,0
705,"Cobalt Rivets",8,3,"Cobalt Ingot",8,3,"Uraeus Leather",8,3,"Farreach Canvas",3,3,"Varnish",6,3,"Void Glue",3,3,"",0,0,"",0,0,"",0,0,"",0,0,"",0,0,"",0,0
706,"Walnut Lumber",8,3,"Spruce Lumber",8,3,"Iron Nails",8,3,"Garlond Steel",3,3,"",0,0,"",0,0,"",0,0,"",0,0,"",0,0,"",0,0,"",0,0,"",0,0
707,"Holy Cedar Lumber",4,3,"Cobalt Rivets",8,3,"Cobalt Plate",8,3,"Rose Gold Ingot",8,3,"Void Glue",4,3,"",0,0,"",0,0,"",0,0,"",0,0,"",0,0,"",0,0,"",0,0
708,"Cobalt Rivets",10,3,"Mythrite Ingot",6,3,"Celestine",3,3,"Varnish",10,3,"",0,0,"",0,0,"",0,0,"",0,0,"",0,0,"",0,0,"",0,0,"",0,0
709,"Cobalt Rivets",10,3,"Cobalt Plate",6,3,"Mythrite Ingot",10,3,"Garlond Steel",3,3,"",0,0,"",0,0,"",0,0,"",0,0,"",0,0,"",0,0,"",0,0,"",0,0
710,"Darksteel Rivets",10,3,"Mythrite Ingot",6,3,"Dark Chestnut Lumber",10,3,"Void Glue",4,3,"",0,0,"",0,0,"",0,0,"",0,0,"",0,0,"",0,0,"",0,0,"",0,0
711,"Titanium Ingot",10,3,"Cobalt Joint Plate",10,3,"Hardsilver Nugget",6,3,"Aurum Regis Nugget",6,3,"",0,0,"",0,0,"",0,0,"",0,0,"",0,0,"",0,0,"",0,0,"",0,0
712,"Adamantite Rivets",5,3,"Darksteel Plate",3,3,"Hardsilver Nugget",6,3,"Galvanized Garlond Steel",2,3,"",0,0,"",0,0,"",0,0,"",0,0,"",0,0,"",0,0,"",0,0,"",0,0
713,"Mythrite Ingot",10,3,"Birch Lumber",7,3,"Dark Chestnut Lumber",10,3,"Void Glue",4,3,"",0,0,"",0,0,"",0,0,"",0,0,"",0,0,"",0,0,"",0,0,"",0,0
714,"Kamacite",3,3,"Darksteel Rivets",5,3,"Cassia Block",2,3,"Aurum Regis Nugget",6,3,"",0,0,"",0,0,"",0,0,"",0,0,"",0,0,"",0,0,"",0,0,"",0,0
715,"Shark-class Pressure Hull Frame",1,1,"Galvanized Garlond Steel",3,3,"",0,0,"",0,0,"",0,0,"",0,0,"",0,0,"",0,0,"",0,0,"",0,0,"",0,0,"",0,0
716,"Cryptomeria Lumber",3,3,"Steel Rivets",8,3,"Mythril Plate",6,3,"Rose Gold Ingot",8,3,"Void Glue",6,3,"",0,0,"",0,0,"",0,0,"",0,0,"",0,0,"",0,0,"",0,0
717,"Pure Titanium Plate",3,3,"Platinum Ingot",8,3,"Varnish",10,3,"Rhodonite",5,3,"Enchanted Hardsilver Ink",6,3,"",0,0,"",0,0,"",0,0,"",0,0,"",0,0,"",0,0,"",0,0
718,"Unkiu-class Pressure Hull Frame",1,1,"Galvanized Garlond Steel",3,3,"",0,0,"",0,0,"",0,0,"",0,0,"",0,0,"",0,0,"",0,0,"",0,0,"",0,0,"",0,0
719,"Cryptomeria Lumber",3,3,"Steel Rivets",8,3,"Cobalt Plate",8,3,"Rose Gold Ingot",8,3,"",0,0,"",0,0,"",0,0,"",0,0,"",0,0,"",0,0,"",0,0,"",0,0
720,"Pure Titanium Plate",3,3,"Darksteel Rivets",8,3,"Gagana Leather",8,3,"Farreach Canvas",3,3,"Wing Glue",4,3,"Rhodonite",5,3,"Enchanted Hardsilver Ink",6,3,"",0,0,"",0,0,"",0,0,"",0,0,"",0,0
721,"Whale-class Pressure Hull Frame",1,1,"Galvanized Garlond Steel",3,3,"",0,0,"",0,0,"",0,0,"",0,0,"",0,0,"",0,0,"",0,0,"",0,0,"",0,0,"",0,0
722,"Cryptomeria Lumber",3,3,"Beech Lumber",4,3,"Darksteel Rivets",8,3,"Platinum Ingot",8,3,"Wing Glue",4,3,"",0,0,"",0,0,"",0,0,"",0,0,"",0,0,"",0,0,"",0,0
723,"Pure Titanium Plate",3,3,"High Mythrite Ingot",6,3,"Varnish",10,3,"Rhodonite",5,3,"Enchanted Hardsilver Ink",6,3,"",0,0,"",0,0,"",0,0,"",0,0,"",0,0,"",0,0,"",0,0
724,"Coelacanth-class Pressure Hull Frame",1,1,"Galvanized Garlond Steel",3,3,"",0,0,"",0,0,"",0,0,"",0,0,"",0,0,"",0,0,"",0,0,"",0,0,"",0,0,"",0,0
725,"Cryptomeria Lumber",3,3,"Mythrite Rivets",10,3,"High Mythrite Ingot",6,3,"Wing Glue",4,3,"",0,0,"",0,0,"",0,0,"",0,0,"",0,0,"",0,0,"",0,0,"",0,0
726,"Pure Titanium Plate",3,3,"Koppranickel Nugget",6,3,"Aurum Regis Nugget",6,3,"Rhodonite",5,3,"Enchanted Hardsilver Ink",6,3,"",0,0,"",0,0,"",0,0,"",0,0,"",0,0,"",0,0,"",0,0
727,"Syldra-class Pressure Hull Frame",1,1,"Galvanized Garlond Steel",3,3,"",0,0,"",0,0,"",0,0,"",0,0,"",0,0,"",0,0,"",0,0,"",0,0,"",0,0,"",0,0
728,"Cryptomeria Lumber",3,3,"High Mythrite Ingot",6,3,"Hallowed Chestnut Lumber",10,3,"Wing Glue",4,3,"",0,0,"",0,0,"",0,0,"",0,0,"",0,0,"",0,0,"",0,0,"",0,0
729,"Pure Titanium Plate",3,3,"Mythrite Rivets",10,3,"Cassia Block",2,3,"Rhodonite",5,3,"Enchanted Hardsilver Ink",6,3,"",0,0,"",0,0,"",0,0,"",0,0,"",0,0,"",0,0,"",0,0
750,"Steel Rivets",8,3,"Cobalt Ingot",6,3,"Steel Ingot",8,3,"Cobalt Joint Plate",8,3,"",0,0,"",0,0,"",0,0,"",0,0,"",0,0,"",0,0,"",0,0,"",0,0
751,"Steel Ingot",10,3,"Darksteel Ingot",3,3,"Steel Joint Plate",10,3,"Cobalt Ingot",10,3,"",0,0,"",0,0,"",0,0,"",0,0,"",0,0,"",0,0,"",0,0,"",0,0
752,"Ancient Lumber",3,3,"Mythril Rivets",10,3,"Cobalt Ingot",10,3,"Silver Ingot",10,3,"",0,0,"",0,0,"",0,0,"",0,0,"",0,0,"",0,0,"",0,0,"",0,0
753,"Steel Rivets",8,3,"Cobalt Ingot",8,3,"Steel Ingot",8,3,"Garlond Steel",3,3,"",0,0,"",0,0,"",0,0,"",0,0,"",0,0,"",0,0,"",0,0,"",0,0
754,"Mythril Rivets",10,3,"Mythrite Ingot",6,3,"Cobalt Joint Plate",10,3,"Darksteel Ingot",3,3,"",0,0,"",0,0,"",0,0,"",0,0,"",0,0,"",0,0,"",0,0,"",0,0
755,"Mythril Rivets",10,3,"Wolfram Ingot",6,3,"Darksteel Plate",6,3,"Mythril Ingot",10,3,"Clear Glass Lens",10,3,"",0,0,"",0,0,"",0,0,"",0,0,"",0,0,"",0,0,"",0,0
756,"Ancient Lumber",4,3,"Steel Nails",10,3,"Darksteel Nugget",10,3,"Mythril Rivets",10,3,"",0,0,"",0,0,"",0,0,"",0,0,"",0,0,"",0,0,"",0,0,"",0,0
757,"Steel Ingot",10,3,"Steel Rivets",10,3,"Cobalt Rivets",10,3,"Darksteel Ingot",10,3,"",0,0,"",0,0,"",0,0,"",0,0,"",0,0,"",0,0,"",0,0,"",0,0
758,"Garlond Steel",3,3,"Mythrite Ingot",4,3,"Darksteel Rivets",4,3,"Celestine",3,3,"",0,0,"",0,0,"",0,0,"",0,0,"",0,0,"",0,0,"",0,0,"",0,0
759,"Cobalt Rivets",10,3,"Mythrite Ingot",6,3,"Cobalt Joint Plate",10,3,"",0,0,"",0,0,"",0,0,"",0,0,"",0,0,"",0,0,"",0,0,"",0,0,"",0,0
760,"Mythrite Ingot",10,3,"Darksteel Rivets",10,3,"Hardsilver Nugget",10,3,"",0,0,"",0,0,"",0,0,"",0,0,"",0,0,"",0,0,"",0,0,"",0,0,"",0,0
761,"Titanium Ingot",10,3,"Darksteel Rivets",10,3,"Aurum Regis Nugget",10,3,"Gold Ingot",5,3,"Celestine",3,3,"",0,0,"",0,0,"",0,0,"",0,0,"",0,0,"",0,0,"",0,0
762,"Titanium Ingot",10,3,"Darksteel Nugget",10,3,"Cobalt Rivets",7,3,"Mythrite Ingot",10,3,"",0,0,"",0,0,"",0,0,"",0,0,"",0,0,"",0,0,"",0,0,"",0,0
763,"Birch Lumber",10,3,"Wolfram Ingot",3,3,"Darksteel Rivets",5,3,"Hardsilver Nugget",6,3,"",0,0,"",0,0,"",0,0,"",0,0,"",0,0,"",0,0,"",0,0,"",0,0
764,"Kamacite",3,3,"Adamantite Nugget",5,3,"Cassia Block",2,3,"Aurum Regis Nugget",5,3,"",0,0,"",0,0,"",0,0,"",0,0,"",0,0,"",0,0,"",0,0,"",0,0
765,"Shark-class Stern Frame",1,1,"Galvanized Garlond Steel",3,3,"",0,0,"",0,0,"",0,0,"",0,0,"",0,0,"",0,0,"",0,0,"",0,0,"",0,0,"",0,0
766,"Cryptomeria Lumber",3,3,"Wolfram Ingot",3,3,"Steel Joint Plate",10,3,"Titanium Ingot",10,3,"",0,0,"",0,0,"",0,0,"",0,0,"",0,0,"",0,0,"",0,0,"",0,0
767,"Pure Titanium Plate",3,3,"Titanium Ingot",10,3,"Hardsilver Ingot",10,3,"Rhodonite",4,3,"Enchanted Hardsilver Ink",6,3,"",0,0,"",0,0,"",0,0,"",0,0,"",0,0,"",0,0,"",0,0
768,"Unkiu-class Stern Frame",1,1,"Galvanized Garlond Steel",3,3,"",0,0,"",0,0,"",0,0,"",0,0,"",0,0,"",0,0,"",0,0,"",0,0,"",0,0,"",0,0
769,"Cryptomeria Lumber",3,3,"High Mythrite Ingot",4,3,"Cobalt Joint Plate",10,3,"Wolfram Ingot",3,3,"",0,0,"",0,0,"",0,0,"",0,0,"",0,0,"",0,0,"",0,0,"",0,0
770,"Pure Titanium Plate",3,3,"Aurum Regis Ingot",6,3,"Gold Ingot",10,3,"Tempered Glass",10,3,"Rhodonite",4,3,"Enchanted Hardsilver Ink",6,3,"",0,0,"",0,0,"",0,0,"",0,0,"",0,0,"",0,0
771,"Whale-class Stern Frame",1,1,"Galvanized Garlond Steel",3,3,"",0,0,"",0,0,"",0,0,"",0,0,"",0,0,"",0,0,"",0,0,"",0,0,"",0,0,"",0,0
772,"Cryptomeria Lumber",3,3,"Cobalt Ingot",10,3,"Mythril Rivets",10,3,"Wolfram Ingot",3,3,"",0,0,"",0,0,"",0,0,"",0,0,"",0,0,"",0,0,"",0,0,"",0,0
773,"Pure Titanium Plate",3,3,"Mythrite Rivets",5,3,"High Mythrite Ingot",4,3,"Rhodonite",4,3,"Enchanted Hardsilver Ink",6,3,"",0,0,"",0,0,"",0,0,"",0,0,"",0,0,"",0,0,"",0,0
774,"Coelacanth-class Stern Frame",1,1,"Galvanized Garlond Steel",3,3,"",0,0,"",0,0,"",0,0,"",0,0,"",0,0,"",0,0,"",0,0,"",0,0,"",0,0,"",0,0
775,"Cryptomeria Lumber",3,3,"High Mythrite Ingot",4,3,"Koppranickel Nugget",6,3,"",0,0,"",0,0,"",0,0,"",0,0,"",0,0,"",0,0,"",0,0,"",0,0,"",0,0
776,"Pure Titanium Plate",3,3,"Molybdenum Ingot",10,3,"Aurum Regis Nugget",10,3,"Eikon Iron Ingot",5,3,"Rhodonite",4,3,"Enchanted Hardsilver Ink",6,3,"",0,0,"",0,0,"",0,0,"",0,0,"",0,0,"",0,0
777,"Syldra-class Stern Frame",1,1,"Galvanized Garlond Steel",3,3,"",0,0,"",0,0,"",0,0,"",0,0,"",0,0,"",0,0,"",0,0,"",0,0,"",0,0,"",0,0
778,"Cryptomeria Lumber",3,3,"Aurum Regis Ingot",6,3,"Mythrite Rivets",5,3,"Koppranickel Nugget",6,3,"",0,0,"",0,0,"",0,0,"",0,0,"",0,0,"",0,0,"",0,0,"",0,0
779,"Pure Titanium Plate",3,3,"Adamantite Nugget",5,3,"Cassia Block",2,3,"Rhodonite",4,3,"Enchanted Hardsilver Ink",6,3,"",0,0,"",0,0,"",0,0,"",0,0,"",0,0,"",0,0,"",0,0
800,"Steel Ingot",10,3,"Steel Rivets",10,3,"Cobalt Joint Plate",10,3,"Cobalt Ingot",6,3,"",0,0,"",0,0,"",0,0,"",0,0,"",0,0,"",0,0,"",0,0,"",0,0
801,"Steel Rivets",10,3,"Steel Joint Plate",10,3,"Darksteel Ingot",4,3,"",0,0,"",0,0,"",0,0,"",0,0,"",0,0,"",0,0,"",0,0,"",0,0,"",0,0
802,"Ancient Lumber",3,3,"Mythril Rivets",10,3,"Silver Ingot",10,3,"",0,0,"",0,0,"",0,0,"",0,0,"",0,0,"",0,0,"",0,0,"",0,0,"",0,0
803,"Steel Ingot",10,3,"Cobalt Rivets",10,3,"Cobalt Joint Plate",10,3,"Garlond Steel",3,3,"",0,0,"",0,0,"",0,0,"",0,0,"",0,0,"",0,0,"",0,0,"",0,0
804,"Steel Rivets",10,3,"Mythrite Ingot",6,3,"Steel Joint Plate",10,3,"Darksteel Ingot",3,3,"",0,0,"",0,0,"",0,0,"",0,0,"",0,0,"",0,0,"",0,0,"",0,0
805,"Mythril Rivets",10,3,"Darksteel Plate",3,3,"Mythril Ingot",10,3,"Rose Gold Ingot",6,3,"Clear Glass Lens",10,3,"",0,0,"",0,0,"",0,0,"",0,0,"",0,0,"",0,0,"",0,0
806,"Steel Rivets",10,3,"Steel Ingot",10,3,"Cobalt Joint Plate",10,3,"Garlond Steel",3,3,"",0,0,"",0,0,"",0,0,"",0,0,"",0,0,"",0,0,"",0,0,"",0,0
807,"Steel Rivets",10,3,"Mythrite Ingot",6,3,"Cobalt Joint Plate",10,3,"Darksteel Ingot",4,3,"",0,0,"",0,0,"",0,0,"",0,0,"",0,0,"",0,0,"",0,0,"",0,0
808,"Holy Cedar Lumber",4,3,"Darksteel Rivets",10,3,"Celestine",3,3,"Rose Gold Ingot",4,3,"",0,0,"",0,0,"",0,0,"",0,0,"",0,0,"",0,0,"",0,0,"",0,0
809,"Cobalt Rivets",10,3,"Mythrite Ingot",6,3,"Cobalt Joint Plate",10,3,"",0,0,"",0,0,"",0,0,"",0,0,"",0,0,"",0,0,"",0,0,"",0,0,"",0,0
810,"Titanium Ingot",10,3,"Darksteel Rivets",10,3,"Cobalt Joint Plate",10,3,"",0,0,"",0,0,"",0,0,"",0,0,"",0,0,"",0,0,"",0,0,"",0,0,"",0,0
811,"Darksteel Ingot",6,3,"Cobalt Plate",10,3,"Darksteel Rivets",10,3,"Cassia Lumber",3,3,"Rose Gold Ingot",6,3,"",0,0,"",0,0,"",0,0,"",0,0,"",0,0,"",0,0,"",0,0
812,"Darksteel Plate",3,3,"Darksteel Rivets",5,3,"Cobalt Joint Plate",10,3,"Mythrite Ingot",10,3,"",0,0,"",0,0,"",0,0,"",0,0,"",0,0,"",0,0,"",0,0,"",0,0
813,"Darksteel Ingot",5,3,"Mythrite Ingot",10,3,"Darksteel Rivets",5,3,"Hardsilver Nugget",6,3,"",0,0,"",0,0,"",0,0,"",0,0,"",0,0,"",0,0,"",0,0,"",0,0
814,"Kamacite",3,3,"Adamantite Nugget",5,3,"Adamantite Rivets",5,3,"Aurum Regis Nugget",5,3,"",0,0,"",0,0,"",0,0,"",0,0,"",0,0,"",0,0,"",0,0,"",0,0
815,"Shark-class Bow Frame",1,1,"Galvanized Garlond Steel",3,3,"",0,0,"",0,0,"",0,0,"",0,0,"",0,0,"",0,0,"",0,0,"",0,0,"",0,0,"",0,0
816,"Cryptomeria Lumber",3,3,"Steel Joint Plate",10,3,"Wolfram Ingot",4,3,"",0,0,"",0,0,"",0,0,"",0,0,"",0,0,"",0,0,"",0,0,"",0,0,"",0,0
817,"Pure Titanium Plate",3,3,"Hardsilver Ingot",10,3,"Rhodonite",4,3,"Enchanted Hardsilver Ink",6,3,"",0,0,"",0,0,"",0,0,"",0,0,"",0,0,"",0,0,"",0,0,"",0,0
818,"Unkiu-class Bow Frame",1,1,"Galvanized Garlond Steel",3,3,"",0,0,"",0,0,"",0,0,"",0,0,"",0,0,"",0,0,"",0,0,"",0,0,"",0,0,"",0,0
819,"Cryptomeria Lumber",3,3,"High Mythrite Ingot",6,3,"Steel Joint Plate",10,3,"Wolfram Ingot",4,3,"",0,0,"",0,0,"",0,0,"",0,0,"",0,0,"",0,0,"",0,0,"",0,0
820,"Pure Titanium Plate",3,3,"Gold Ingot",10,3,"Platinum Ingot",6,3,"Tempered Glass",10,3,"Rhodonite",4,3,"Enchanted Hardsilver Ink",6,3,"",0,0,"",0,0,"",0,0,"",0,0,"",0,0,"",0,0
821,"Whale-class Bow Frame",1,1,"Galvanized Garlond Steel",3,3,"",0,0,"",0,0,"",0,0,"",0,0,"",0,0,"",0,0,"",0,0,"",0,0,"",0,0,"",0,0
822,"Cryptomeria Lumber",3,3,"High Mythrite Ingot",6,3,"Cobalt Joint Plate",10,3,"Wolfram Ingot",4,3,"",0,0,"",0,0,"",0,0,"",0,0,"",0,0,"",0,0,"",0,0,"",0,0
823,"Pure Titanium Plate",3,3,"Mythrite Rivets",10,3,"Platinum Ingot",6,3,"Rhodonite",4,3,"Enchanted Hardsilver Ink",6,3,"",0,0,"",0,0,"",0,0,"",0,0,"",0,0,"",0,0,"",0,0
824,"Coelacanth-class Bow Frame",1,1,"Galvanized Garlond Steel",3,3,"",0,0,"",0,0,"",0,0,"",0,0,"",0,0,"",0,0,"",0,0,"",0,0,"",0,0,"",0,0
825,"Cryptomeria Lumber",3,3,"Molybdenum Ingot",10,3,"Mythrite Rivets",10,3,"",0,0,"",0,0,"",0,0,"",0,0,"",0,0,"",0,0,"",0,0,"",0,0,"",0,0
826,"Pure Titanium Plate",3,3,"Wolfram Ingot",4,3,"Mythrite Rivets",10,3,"Cassia Lumber",3,3,"Rhodonite",4,3,"Enchanted Hardsilver Ink",6,3,"",0,0,"",0,0,"",0,0,"",0,0,"",0,0,"",0,0
827,"Syldra-class Bow Frame",1,1,"Galvanized Garlond Steel",3,3,"",0,0,"",0,0,"",0,0,"",0,0,"",0,0,"",0,0,"",0,0,"",0,0,"",0,0,"",0,0
828,"Cryptomeria Lumber",3,3,"Wolfram Ingot",4,3,"High Mythrite Ingot",6,3,"Koppranickel Nugget",6,3,"",0,0,"",0,0,"",0,0,"",0,0,"",0,0,"",0,0,"",0,0,"",0,0
829,"Pure Titanium Plate",3,3,"Adamantite Nugget",5,3,"Adamantite Rivets",5,3,"Rhodonite",4,3,"Enchanted Hardsilver Ink",6,3,"",0,0,"",0,0,"",0,0,"",0,0,"",0,0,"",0,0,"",0,0
850,"Treated Spruce Lumber",4,3,"Darksteel Nugget",7,3,"Iron Nails",7,3,"Iron Rivets",7,3,"",0,0,"",0,0,"",0,0,"",0,0,"",0,0,"",0,0,"",0,0,"",0,0
851,"Steel Ingot",7,3,"Steel Rivets",7,3,"Darksteel Ingot",4,3,"Cobalt Rivets",7,3,"",0,0,"",0,0,"",0,0,"",0,0,"",0,0,"",0,0,"",0,0,"",0,0
852,"Darksteel Ingot",4,3,"Cobalt Ingot",6,3,"Steel Rivets",7,3,"Electrum Ingot",7,3,"",0,0,"",0,0,"",0,0,"",0,0,"",0,0,"",0,0,"",0,0,"",0,0
853,"Treated Spruce Lumber",4,3,"Garlond Steel",3,3,"Steel Nails",7,3,"Steel Rivets",7,3,"",0,0,"",0,0,"",0,0,"",0,0,"",0,0,"",0,0,"",0,0,"",0,0
854,"Steel Ingot",7,3,"Steel Rivets",7,3,"Cobalt Ingot",7,3,"Darksteel Rivets",7,3,"",0,0,"",0,0,"",0,0,"",0,0,"",0,0,"",0,0,"",0,0,"",0,0
855,"Darksteel Ingot",6,3,"Mythril Rivets",6,3,"Wyvern Leather",6,3,"Farreach Canvas",3,3,"",0,0,"",0,0,"",0,0,"",0,0,"",0,0,"",0,0,"",0,0,"",0,0
856,"Steel Rivets",10,3,"Steel Ingot",10,3,"Cobalt Joint Plate",10,3,"Garlond Steel",3,3,"",0,0,"",0,0,"",0,0,"",0,0,"",0,0,"",0,0,"",0,0,"",0,0
857,"Steel Rivets",10,3,"Mythrite Ingot",6,3,"Cobalt Joint Plate",10,3,"Darksteel Ingot",4,3,"",0,0,"",0,0,"",0,0,"",0,0,"",0,0,"",0,0,"",0,0,"",0,0
858,"Holy Cedar Lumber",4,3,"Cobalt Rivets",6,3,"Darksteel Ingot",6,3,"Celestine",3,3,"Rose Gold Ingot",4,3,"",0,0,"",0,0,"",0,0,"",0,0,"",0,0,"",0,0,"",0,0
859,"Cobalt Rivets",10,3,"Mythrite Ingot",6,3,"Platinum Nugget",4,3,"Cobalt Joint Plate",10,3,"",0,0,"",0,0,"",0,0,"",0,0,"",0,0,"",0,0,"",0,0,"",0,0
860,"Mythrite Ingot",10,3,"Cobalt Plate",6,3,"Darksteel Rivets",6,3,"Cassia Lumber",3,3,"",0,0,"",0,0,"",0,0,"",0,0,"",0,0,"",0,0,"",0,0,"",0,0
861,"Titanium Ingot",10,3,"Darksteel Rivets",6,3,"Rose Gold Nugget",10,3,"Larimar",4,3,"Topaz",2,3,"",0,0,"",0,0,"",0,0,"",0,0,"",0,0,"",0,0,"",0,0
862,"Mythrite Ingot",10,3,"Cobalt Rivets",10,3,"Aurum Regis Nugget",10,3,"Gold Ingot",5,3,"",0,0,"",0,0,"",0,0,"",0,0,"",0,0,"",0,0,"",0,0,"",0,0
863,"Darksteel Plate",3,3,"Titanium Ingot",10,3,"Darksteel Rivets",5,3,"Birch Lumber",5,3,"",0,0,"",0,0,"",0,0,"",0,0,"",0,0,"",0,0,"",0,0,"",0,0
864,"Kamacite",3,3,"Cassia Block",2,3,"Adamantite Rivets",5,3,"Aurum Regis Nugget",10,3,"",0,0,"",0,0,"",0,0,"",0,0,"",0,0,"",0,0,"",0,0,"",0,0
865,"Shark-class Bridge Frame",1,1,"Galvanized Garlond Steel",3,3,"",0,0,"",0,0,"",0,0,"",0,0,"",0,0,"",0,0,"",0,0,"",0,0,"",0,0,"",0,0
866,"Cryptomeria Lumber",3,3,"Cobalt Ingot",7,3,"Wolfram Ingot",4,3,"Darksteel Rivets",7,3,"",0,0,"",0,0,"",0,0,"",0,0,"",0,0,"",0,0,"",0,0,"",0,0
867,"Pure Titanium Plate",3,3,"Wolfram Ingot",4,3,"Rose Gold Ingot",7,3,"Rhodonite",2,3,"Enchanted Hardsilver Ink",6,3,"",0,0,"",0,0,"",0,0,"",0,0,"",0,0,"",0,0,"",0,0
868,"Unkiu-class Bridge Frame",1,1,"Galvanized Garlond Steel",3,3,"",0,0,"",0,0,"",0,0,"",0,0,"",0,0,"",0,0,"",0,0,"",0,0,"",0,0,"",0,0
869,"Cryptomeria Lumber",3,3,"Mythril Rivets",7,3,"Titanium Ingot",7,3,"Mythrite Rivets",6,3,"",0,0,"",0,0,"",0,0,"",0,0,"",0,0,"",0,0,"",0,0,"",0,0
870,"Pure Titanium Plate",3,3,"Dragon Leather",6,3,"Farreach Canvas",3,3,"Rhodonite",2,3,"Enchanted Hardsilver Ink",6,3,"",0,0,"",0,0,"",0,0,"",0,0,"",0,0,"",0,0,"",0,0
871,"Whale-class Bridge Frame",1,1,"Galvanized Garlond Steel",3,3,"",0,0,"",0,0,"",0,0,"",0,0,"",0,0,"",0,0,"",0,0,"",0,0,"",0,0,"",0,0
872,"Cryptomeria Lumber",3,3,"High Mythrite Ingot",6,3,"Cobalt Joint Plate",10,3,"Wolfram Ingot",4,3,"",0,0,"",0,0,"",0,0,"",0,0,"",0,0,"",0,0,"",0,0,"",0,0
873,"Pure Titanium Plate",3,3,"Darksteel Rivets",7,3,"Wolfram Ingot",4,3,"Platinum Ingot",4,3,"Rhodonite",2,3,"Enchanted Hardsilver Ink",6,3,"",0,0,"",0,0,"",0,0,"",0,0,"",0,0,"",0,0
874,"Coelacanth-class Bridge Frame",1,1,"Galvanized Garlond Steel",3,3,"",0,0,"",0,0,"",0,0,"",0,0,"",0,0,"",0,0,"",0,0,"",0,0,"",0,0,"",0,0
875,"Cryptomeria Lumber",3,3,"Cassia Lumber",3,3,"High Mythrite Ingot",6,3,"Mythrite Rivets",6,3,"",0,0,"",0,0,"",0,0,"",0,0,"",0,0,"",0,0,"",0,0,"",0,0
876,"Pure Titanium Plate",3,3,"Molybdenum Ingot",10,3,"Mythrite Rivets",6,3,"Triphane",2,3,"Rhodonite",2,3,"Enchanted Hardsilver Ink",6,3,"",0,0,"",0,0,"",0,0,"",0,0,"",0,0,"",0,0
877,"Syldra-class Bridge Frame",1,1,"Galvanized Garlond Steel",3,3,"",0,0,"",0,0,"",0,0,"",0,0,"",0,0,"",0,0,"",0,0,"",0,0,"",0,0,"",0,0
878,"Cryptomeria Lumber",3,3,"Wolfram Square",3,3,"Molybdenum Ingot",10,3,"Mythrite Rivets",5,3,"",0,0,"",0,0,"",0,0,"",0,0,"",0,0,"",0,0,"",0,0,"",0,0
879,"Pure Titanium Plate",3,3,"Cassia Block",2,3,"Adamantite Rivets",5,3,"Rhodonite",2,3,"Enchanted Hardsilver Ink",6,3,"",0,0,"",0,0,"",0,0,"",0,0,"",0,0,"",0,0,"",0,0
1000,"Elm Lumber",10,3,"Iron Nails",10,3,"Cut Stone",10,3,"Clinker Bricks",10,3,"Mudstone",10,3,"Spruce Log",10,3,"",0,0,"",0,0,"",0,0,"",0,0,"",0,0,"",0,0
1001,"Yew Lumber",10,3,"Iron Nails",10,3,"Firebricks",10,3,"Felt Lining",10,3,"Rosewood Log",15,3,"",0,0,"",0,0,"",0,0,"",0,0,"",0,0,"",0,0,"",0,0
1002,"Walnut Lumber",10,3,"Steel Nails",10,3,"Mortar",10,3,"Varnish",6,3,"Granite",10,3,"Marble",10,3,"",0,0,"",0,0,"",0,0,"",0,0,"",0,0,"",0,0
1003,"Elm Lumber",30,3,"Iron Nails",30,3,"Cut Stone",30,3,"Clinker Bricks",30,3,"Mudstone",30,3,"Spruce Log",30,3,"",0,0,"",0,0,"",0,0,"",0,0,"",0,0,"",0,0
1004,"Yew Lumber",30,3,"Iron Nails",30,3,"Firebricks",30,3,"Felt Lining",30,3,"Rosewood Log",40,3,"",0,0,"",0,0,"",0,0,"",0,0,"",0,0,"",0,0,"",0,0
1005,"Walnut Lumber",30,3,"Steel Nails",30,3,"Mortar",30,3,"Varnish",15,3,"Granite",30,3,"Marble",30,3,"",0,0,"",0,0,"",0,0,"",0,0,"",0,0,"",0,0
1006,"Elm Lumber",55,3,"Iron Nails",55,3,"Cut Stone",55,3,"Clinker Bricks",55,3,"Mudstone",55,3,"Spruce Log",55,3,"",0,0,"",0,0,"",0,0,"",0,0,"",0,0,"",0,0
1007,"Yew Lumber",55,3,"Iron Nails",55,3,"Firebricks",55,3,"Felt Lining",55,3,"Rosewood Log",65,3,"",0,0,"",0,0,"",0,0,"",0,0,"",0,0,"",0,0,"",0,0
1008,"Walnut Lumber",55,3,"Steel Nails",55,3,"Mortar",55,3,"Varnish",25,3,"Granite",55,3,"Marble",55,3,"",0,0,"",0,0,"",0,0,"",0,0,"",0,0,"",0,0
1009,"Elm Lumber",10,3,"Iron Nails",10,3,"Cut Stone",10,3,"Clinker Bricks",10,3,"Mudstone",10,3,"Spruce Log",10,3,"",0,0,"",0,0,"",0,0,"",0,0,"",0,0,"",0,0
1010,"Yew Lumber",10,3,"Iron Nails",10,3,"Firebricks",10,3,"Felt Lining",10,3,"Rosewood Log",15,3,"",0,0,"",0,0,"",0,0,"",0,0,"",0,0,"",0,0,"",0,0
1011,"Walnut Lumber",10,3,"Steel Nails",10,3,"Mortar",10,3,"Varnish",6,3,"Granite",10,3,"Marble",10,3,"",0,0,"",0,0,"",0,0,"",0,0,"",0,0,"",0,0
1012,"Elm Lumber",30,3,"Iron Nails",30,3,"Cut Stone",30,3,"Clinker Bricks",30,3,"Mudstone",30,3,"Spruce Log",30,3,"",0,0,"",0,0,"",0,0,"",0,0,"",0,0,"",0,0
1013,"Yew Lumber",30,3,"Iron Nails",30,3,"Firebricks",30,3,"Felt Lining",30,3,"Rosewood Log",40,3,"",0,0,"",0,0,"",0,0,"",0,0,"",0,0,"",0,0,"",0,0
1014,"Walnut Lumber",30,3,"Steel Nails",30,3,"Mortar",30,3,"Varnish",15,3,"Granite",30,3,"Marble",30,3,"",0,0,"",0,0,"",0,0,"",0,0,"",0,0,"",0,0
1015,"Elm Lumber",55,3,"Iron Nails",55,3,"Cut Stone",55,3,"Clinker Bricks",55,3,"Mudstone",55,3,"Spruce Log",55,3,"",0,0,"",0,0,"",0,0,"",0,0,"",0,0,"",0,0
1016,"Yew Lumber",55,3,"Iron Nails",55,3,"Firebricks",55,3,"Felt Lining",55,3,"Rosewood Log",65,3,"",0,0,"",0,0,"",0,0,"",0,0,"",0,0,"",0,0,"",0,0
1017,"Walnut Lumber",55,3,"Steel Nails",55,3,"Mortar",55,3,"Varnish",25,3,"Granite",55,3,"Marble",55,3,"",0,0,"",0,0,"",0,0,"",0,0,"",0,0,"",0,0
1018,"Elm Lumber",10,3,"Iron Nails",10,3,"Cut Stone",10,3,"Clinker Bricks",10,3,"Mudstone",10,3,"Spruce Log",10,3,"",0,0,"",0,0,"",0,0,"",0,0,"",0,0,"",0,0
1019,"Yew Lumber",10,3,"Iron Nails",10,3,"Firebricks",10,3,"Felt Lining",10,3,"Rosewood Log",15,3,"",0,0,"",0,0,"",0,0,"",0,0,"",0,0,"",0,0,"",0,0
1020,"Walnut Lumber",10,3,"Steel Nails",10,3,"Mortar",10,3,"Varnish",6,3,"Granite",10,3,"Marble",10,3,"",0,0,"",0,0,"",0,0,"",0,0,"",0,0,"",0,0
1021,"Elm Lumber",30,3,"Iron Nails",30,3,"Cut Stone",30,3,"Clinker Bricks",30,3,"Mudstone",30,3,"Spruce Log",30,3,"",0,0,"",0,0,"",0,0,"",0,0,"",0,0,"",0,0
1022,"Yew Lumber",30,3,"Iron Nails",30,3,"Firebricks",30,3,"Felt Lining",30,3,"Rosewood Log",40,3,"",0,0,"",0,0,"",0,0,"",0,0,"",0,0,"",0,0,"",0,0
1023,"Walnut Lumber",30,3,"Steel Nails",30,3,"Mortar",30,3,"Varnish",15,3,"Granite",30,3,"Marble",30,3,"",0,0,"",0,0,"",0,0,"",0,0,"",0,0,"",0,0
1024,"Elm Lumber",55,3,"Iron Nails",55,3,"Cut Stone",55,3,"Clinker Bricks",55,3,"Mudstone",55,3,"Spruce Log",55,3,"",0,0,"",0,0,"",0,0,"",0,0,"",0,0,"",0,0
1025,"Yew Lumber",55,3,"Iron Nails",55,3,"Firebricks",55,3,"Felt Lining",55,3,"Rosewood Log",65,3,"",0,0,"",0,0,"",0,0,"",0,0,"",0,0,"",0,0,"",0,0
1026,"Walnut Lumber",55,3,"Steel Nails",55,3,"Mortar",55,3,"Varnish",25,3,"Granite",55,3,"Marble",55,3,"",0,0,"",0,0,"",0,0,"",0,0,"",0,0,"",0,0
1027,"Elm Lumber",10,3,"Iron Nails",10,3,"Cut Stone",10,3,"Clinker Bricks",10,3,"Mudstone",10,3,"Spruce Log",10,3,"",0,0,"",0,0,"",0,0,"",0,0,"",0,0,"",0,0
1028,"Yew Lumber",10,3,"Iron Nails",10,3,"Firebricks",10,3,"Felt Lining",10,3,"Rosewood Log",15,3,"",0,0,"",0,0,"",0,0,"",0,0,"",0,0,"",0,0,"",0,0
1029,"Walnut Lumber",10,3,"Steel Nails",10,3,"Mortar",10,3,"Varnish",6,3,"Granite",10,3,"Marble",10,3,"",0,0,"",0,0,"",0,0,"",0,0,"",0,0,"",0,0
1030,"Elm Lumber",30,3,"Iron Nails",30,3,"Cut Stone",30,3,"Clinker Bricks",30,3,"Mudstone",30,3,"Spruce Log",30,3,"",0,0,"",0,0,"",0,0,"",0,0,"",0,0,"",0,0
1031,"Yew Lumber",30,3,"Iron Nails",30,3,"Firebricks",30,3,"Felt Lining",30,3,"Rosewood Log",40,3,"",0,0,"",0,0,"",0,0,"",0,0,"",0,0,"",0,0,"",0,0
1032,"Walnut Lumber",30,3,"Steel Nails",30,3,"Mortar",30,3,"Varnish",15,3,"Granite",30,3,"Marble",30,3,"",0,0,"",0,0,"",0,0,"",0,0,"",0,0,"",0,0
1033,"Elm Lumber",55,3,"Iron Nails",55,3,"Cut Stone",55,3,"Clinker Bricks",55,3,"Mudstone",55,3,"Spruce Log",55,3,"",0,0,"",0,0,"",0,0,"",0,0,"",0,0,"",0,0
1034,"Yew Lumber",55,3,"Iron Nails",55,3,"Firebricks",55,3,"Felt Lining",55,3,"Rosewood Log",65,3,"",0,0,"",0,0,"",0,0,"",0,0,"",0,0,"",0,0,"",0,0
1035,"Walnut Lumber",55,3,"Steel Nails",55,3,"Mortar",55,3,"Varnish",25,3,"Granite",55,3,"Marble",55,3,"",0,0,"",0,0,"",0,0,"",0,0,"",0,0,"",0,0
1036,"Cedar Lumber",5,3,"Iron Nails",5,3,"Clinker Bricks",5,3,"Cypress Log",5,3,"",0,0,"",0,0,"",0,0,"",0,0,"",0,0,"",0,0,"",0,0,"",0,0
1037,"Holy Cedar Lumber",5,3,"Cobalt Nails",5,3,"Felt Lining",5,3,"Ebony Log",5,3,"",0,0,"",0,0,"",0,0,"",0,0,"",0,0,"",0,0,"",0,0,"",0,0
1038,"Dark Chestnut Lumber",5,3,"Marble",5,3,"Humus",5,3,"Shroud Seedling",5,3,"",0,0,"",0,0,"",0,0,"",0,0,"",0,0,"",0,0,"",0,0,"",0,0
1039,"Cedar Lumber",5,9,"Iron Nails",5,9,"Clinker Bricks",5,9,"Cypress Log",5,9,"",0,0,"",0,0,"",0,0,"",0,0,"",0,0,"",0,0,"",0,0,"",0,0
1040,"Holy Cedar Lumber",5,9,"Cobalt Nails",5,9,"Felt Lining",5,9,"Ebony Log",5,9,"",0,0,"",0,0,"",0,0,"",0,0,"",0,0,"",0,0,"",0,0,"",0,0
1041,"Dark Chestnut Lumber",5,9,"Marble",5,9,"Humus",5,9,"Shroud Seedling",5,9,"",0,0,"",0,0,"",0,0,"",0,0,"",0,0,"",0,0,"",0,0,"",0,0
1042,"Cedar Lumber",5,15,"Iron Nails",5,15,"Clinker Bricks",5,15,"Cypress Log",5,15,"",0,0,"",0,0,"",0,0,"",0,0,"",0,0,"",0,0,"",0,0,"",0,0
1043,"Holy Cedar Lumber",5,15,"Cobalt Nails",5,15,"Felt Lining",5,15,"Ebony Log",5,15,"",0,0,"",0,0,"",0,0,"",0,0,"",0,0,"",0,0,"",0,0,"",0,0
1044,"Dark Chestnut Lumber",5,15,"Marble",5,15,"Humus",5,15,"Shroud Seedling",5,15,"",0,0,"",0,0,"",0,0,"",0,0,"",0,0,"",0,0,"",0,0,"",0,0
1050,"Ash Lumber",10,3,"Walnut Lumber",10,3,"Oak Lumber",10,3,"Steel Nails",10,3,"Horn Glue",6,3,"",0,0,"",0,0,"",0,0,"",0,0,"",0,0,"",0,0,"",0,0
1051,"Elm Lumber",10,3,"Yew Lumber",10,3,"Cobalt Nails",6,3,"Cobalt Joint Plate",10,3,"Horn Glue",6,3,"",0,0,"",0,0,"",0,0,"",0,0,"",0,0,"",0,0,"",0,0
1052,"Walnut Lumber",6,3,"Cobalt Nails",10,3,"Cobalt Joint Plate",10,3,"Cut Stone",10,3,"Linen Canvas",6,3,"Clear Glass Lens",3,3,"",0,0,"",0,0,"",0,0,"",0,0,"",0,0,"",0,0
1053,"Ash Lumber",30,3,"Walnut Lumber",30,3,"Oak Lumber",30,3,"Steel Nails",30,3,"Horn Glue",15,3,"",0,0,"",0,0,"",0,0,"",0,0,"",0,0,"",0,0,"",0,0
1054,"Elm Lumber",30,3,"Yew Lumber",30,3,"Cobalt Nails",15,3,"Cobalt Joint Plate",30,3,"Horn Glue",15,3,"",0,0,"",0,0,"",0,0,"",0,0,"",0,0,"",0,0,"",0,0
1055,"Walnut Lumber",15,3,"Cobalt Nails",30,3,"Cobalt Joint Plate",30,3,"Cut Stone",30,3,"Linen Canvas",15,3,"Clear Glass Lens",8,3,"",0,0,"",0,0,"",0,0,"",0,0,"",0,0,"",0,0
1056,"Ash Lumber",55,3,"Walnut Lumber",55,3,"Oak Lumber",55,3,"Steel Nails",55,3,"Horn Glue",25,3,"",0,0,"",0,0,"",0,0,"",0,0,"",0,0,"",0,0,"",0,0
1057,"Elm Lumber",55,3,"Yew Lumber",55,3,"Cobalt Nails",25,3,"Cobalt Joint Plate",55,3,"Horn Glue",25,3,"",0,0,"",0,0,"",0,0,"",0,0,"",0,0,"",0,0,"",0,0
1058,"Walnut Lumber",25,3,"Cobalt Nails",55,3,"Cobalt Joint Plate",55,3,"Cut Stone",55,3,"Linen Canvas",25,3,"Clear Glass Lens",15,3,"",0,0,"",0,0,"",0,0,"",0,0,"",0,0,"",0,0
1059,"Ash Lumber",10,3,"Walnut Lumber",10,3,"Oak Lumber",10,3,"Steel Nails",10,3,"Horn Glue",6,3,"",0,0,"",0,0,"",0,0,"",0,0,"",0,0,"",0,0,"",0,0
1060,"Elm Lumber",10,3,"Yew Lumber",10,3,"Cobalt Nails",6,3,"Cobalt Joint Plate",10,3,"Horn Glue",6,3,"",0,0,"",0,0,"",0,0,"",0,0,"",0,0,"",0,0,"",0,0
1061,"Walnut Lumber",6,3,"Cobalt Nails",10,3,"Cobalt Joint Plate",10,3,"Cut Stone",10,3,"Linen Canvas",6,3,"Clear Glass Lens",3,3,"",0,0,"",0,0,"",0,0,"",0,0,"",0,0,"",0,0
1062,"Ash Lumber",30,3,"Walnut Lumber",30,3,"Oak Lumber",30,3,"Steel Nails",30,3,"Horn Glue",15,3,"",0,0,"",0,0,"",0,0,"",0,0,"",0,0,"",0,0,"",0,0
1063,"Elm Lumber",30,3,"Yew Lumber",30,3,"Cobalt Nails",15,3,"Cobalt Joint Plate",30,3,"Horn Glue",15,3,"",0,0,"",0,0,"",0,0,"",0,0,"",0,0,"",0,0,"",0,0
1064,"Walnut Lumber",15,3,"Cobalt Nails",30,3,"Cobalt Joint Plate",30,3,"Cut Stone",30,3,"Linen Canvas",15,3,"Clear Glass Lens",8,3,"",0,0,"",0,0,"",0,0,"",0,0,"",0,0,"",0,0
1065,"Ash Lumber",55,3,"Walnut Lumber",55,3,"Oak Lumber",55,3,"Steel Nails",55,3,"Horn Glue",25,3,"",0,0,"",0,0,"",0,0,"",0,0,"",0,0,"",0,0,"",0,0
1066,"Elm Lumber",55,3,"Yew Lumber",55,3,"Cobalt Nails",25,3,"Cobalt Joint Plate",55,3,"Horn Glue",25,3,"",0,0,"",0,0,"",0,0,"",0,0,"",0,0,"",0,0,"",0,0
1067,"Walnut Lumber",25,3,"Cobalt Nails",55,3,"Cobalt Joint Plate",55,3,"Cut Stone",55,3,"Linen Canvas",25,3,"Clear Glass Lens",15,3,"",0,0,"",0,0,"",0,0,"",0,0,"",0,0,"",0,0
1068,"Ash Lumber",10,3,"Walnut Lumber",10,3,"Oak Lumber",10,3,"Steel Nails",10,3,"Horn Glue",6,3,"",0,0,"",0,0,"",0,0,"",0,0,"",0,0,"",0,0,"",0,0
1069,"Elm Lumber",10,3,"Yew Lumber",10,3,"Cobalt Nails",6,3,"Cobalt Joint Plate",10,3,"Horn Glue",6,3,"",0,0,"",0,0,"",0,0,"",0,0,"",0,0,"",0,0,"",0,0
1070,"Walnut Lumber",6,3,"Cobalt Nails",10,3,"Cobalt Joint Plate",10,3,"Cut Stone",10,3,"Linen Canvas",6,3,"Clear Glass Lens",3,3,"",0,0,"",0,0,"",0,0,"",0,0,"",0,0,"",0,0
1071,"Ash Lumber",30,3,"Walnut Lumber",30,3,"Oak Lumber",30,3,"Steel Nails",30,3,"Horn Glue",15,3,"",0,0,"",0,0,"",0,0,"",0,0,"",0,0,"",0,0,"",0,0
1072,"Elm Lumber",30,3,"Yew Lumber",30,3,"Cobalt Nails",15,3,"Cobalt Joint Plate",30,3,"Horn Glue",15,3,"",0,0,"",0,0,"",0,0,"",0,0,"",0,0,"",0,0,"",0,0
1073,"Walnut Lumber",15,3,"Cobalt Nails",30,3,"Cobalt Joint Plate",30,3,"Cut Stone",30,3,"Linen Canvas",15,3,"Clear Glass Lens",8,3,"",0,0,"",0,0,"",0,0,"",0,0,"",0,0,"",0,0
1074,"Ash Lumber",55,3,"Walnut Lumber",55,3,"Oak Lumber",55,3,"Steel Nails",55,3,"Horn Glue",25,3,"",0,0,"",0,0,"",0,0,"",0,0,"",0,0,"",0,0,"",0,0
1075,"Elm Lumber",55,3,"Yew Lumber",55,3,"Cobalt Nails",25,3,"Cobalt Joint Plate",55,3,"Horn Glue",25,3,"",0,0,"",0,0,"",0,0,"",0,0,"",0,0,"",0,0,"",0,0
1076,"Walnut Lumber",25,3,"Cobalt Nails",55,3,"Cobalt Joint Plate",55,3,"Cut Stone",55,3,"Linen Canvas",25,3,"Clear Glass Lens",15,3,"",0,0,"",0,0,"",0,0,"",0,0,"",0,0,"",0,0
1077,"Ash Lumber",10,3,"Walnut Lumber",10,3,"Oak Lumber",10,3,"Steel Nails",10,3,"Horn Glue",6,3,"",0,0,"",0,0,"",0,0,"",0,0,"",0,0,"",0,0,"",0,0
1078,"Elm Lumber",10,3,"Yew Lumber",10,3,"Cobalt Nails",6,3,"Cobalt Joint Plate",10,3,"Horn Glue",6,3,"",0,0,"",0,0,"",0,0,"",0,0,"",0,0,"",0,0,"",0,0
1079,"Walnut Lumber",6,3,"Cobalt Nails",10,3,"Cobalt Joint Plate",10,3,"Cut Stone",10,3,"Linen Canvas",6,3,"Clear Glass Lens",3,3,"",0,0,"",0,0,"",0,0,"",0,0,"",0,0,"",0,0
1080,"Ash Lumber",30,3,"Walnut Lumber",30,3,"Oak Lumber",30,3,"Steel Nails",30,3,"Horn Glue",15,3,"",0,0,"",0,0,"",0,0,"",0,0,"",0,0,"",0,0,"",0,0
1081,"Elm Lumber",30,3,"Yew Lumber",30,3,"Cobalt Nails",15,3,"Cobalt Joint Plate",30,3,"Horn Glue",15,3,"",0,0,"",0,0,"",0,0,"",0,0,"",0,0,"",0,0,"",0,0
1082,"Walnut Lumber",15,3,"Cobalt Nails",30,3,"Cobalt Joint Plate",30,3,"Cut Stone",30,3,"Linen Canvas",15,3,"Clear Glass Lens",8,3,"",0,0,"",0,0,"",0,0,"",0,0,"",0,0,"",0,0
1083,"Ash Lumber",55,3,"Walnut Lumber",55,3,"Oak Lumber",55,3,"Steel Nails",55,3,"Horn Glue",25,3,"",0,0,"",0,0,"",0,0,"",0,0,"",0,0,"",0,0,"",0,0
1084,"Elm Lumber",55,3,"Yew Lumber",55,3,"Cobalt Nails",25,3,"Cobalt Joint Plate",55,3,"Horn Glue",25,3,"",0,0,"",0,0,"",0,0,"",0,0,"",0,0,"",0,0,"",0,0
1085,"Walnut Lumber",25,3,"Cobalt Nails",55,3,"Cobalt Joint Plate",55,3,"Cut Stone",55,3,"Linen Canvas",25,3,"Clear Glass Lens",15,3,"",0,0,"",0,0,"",0,0,"",0,0,"",0,0,"",0,0
1086,"Spruce Lumber",5,3,"Holy Cedar Lumber",5,3,"Steel Nails",5,3,"Horn Glue",5,3,"",0,0,"",0,0,"",0,0,"",0,0,"",0,0,"",0,0,"",0,0,"",0,0
1087,"Dark Chestnut Lumber",5,3,"Hallowed Chestnut Lumber",5,3,"Cobalt Nails",5,3,"Horn Glue",5,3,"",0,0,"",0,0,"",0,0,"",0,0,"",0,0,"",0,0,"",0,0,"",0,0
1088,"Hallowed Chestnut Lumber",5,3,"Cut Stone",5,3,"Humus",5,3,"Shroud Seedling",5,3,"",0,0,"",0,0,"",0,0,"",0,0,"",0,0,"",0,0,"",0,0,"",0,0
1089,"Spruce Lumber",5,9,"Holy Cedar Lumber",5,9,"Steel Nails",5,9,"Horn Glue",5,9,"",0,0,"",0,0,"",0,0,"",0,0,"",0,0,"",0,0,"",0,0,"",0,0
1090,"Dark Chestnut Lumber",5,9,"Hallowed Chestnut Lumber",5,9,"Cobalt Nails",5,9,"Horn Glue",5,9,"",0,0,"",0,0,"",0,0,"",0,0,"",0,0,"",0,0,"",0,0,"",0,0
1091,"Hallowed Chestnut Lumber",5,9,"Cut Stone",5,9,"Humus",5,9,"Shroud Seedling",5,9,"",0,0,"",0,0,"",0,0,"",0,0,"",0,0,"",0,0,"",0,0,"",0,0
1092,"Spruce Lumber",5,15,"Holy Cedar Lumber",5,15,"Steel Nails",5,15,"Horn Glue",5,15,"",0,0,"",0,0,"",0,0,"",0,0,"",0,0,"",0,0,"",0,0,"",0,0
1093,"Dark Chestnut Lumber",5,15,"Hallowed Chestnut Lumber",5,15,"Cobalt Nails",5,15,"Horn Glue",5,15,"",0,0,"",0,0,"",0,0,"",0,0,"",0,0,"",0,0,"",0,0,"",0,0
1094,"Hallowed Chestnut Lumber",5,15,"Cut Stone",5,15,"Humus",5,15,"Shroud Seedling",5,15,"",0,0,"",0,0,"",0,0,"",0,0,"",0,0,"",0,0,"",0,0,"",0,0
1100,"Mahogany Lumber",7,3,"Steel Ingot",6,3,"Steel Hinge",6,3,"Cut Stone",7,3,"Clear Glass Lens",7,3,"",0,0,"",0,0,"",0,0,"",0,0,"",0,0,"",0,0,"",0,0
1101,"Cedar Lumber",2,3,"Mythrite Ingot",2,3,"Steel Hinge",6,3,"Cut Stone",7,3,"Clear Glass Lens",7,3,"",0,0,"",0,0,"",0,0,"",0,0,"",0,0,"",0,0,"",0,0
1102,"Holy Cedar Lumber",1,3,"Mythrite Ingot",2,3,"Steel Hinge",2,3,"Cut Stone",7,3,"Clear Glass Lens",7,3,"",0,0,"",0,0,"",0,0,"",0,0,"",0,0,"",0,0,"",0,0
1103,"Dark Chestnut Lumber",2,3,"Mythrite Ingot",2,3,"Steel Hinge",6,3,"Cut Stone",7,3,"Clear Glass Lens",7,3,"",0,0,"",0,0,"",0,0,"",0,0,"",0,0,"",0,0,"",0,0
1104,"Cassia Block",3,3,"Steel Hinge",3,3,"Clear Glass Lens",3,3,"",0,0,"",0,0,"",0,0,"",0,0,"",0,0,"",0,0,"",0,0,"",0,0,"",0,0
1105,"Galvanized Garlond Steel",1,3,"Steel Hinge",3,3,"Camphorwood Log",3,3,"",0,0,"",0,0,"",0,0,"",0,0,"",0,0,"",0,0,"",0,0,"",0,0,"",0,0
1106,"Hallowed Chestnut Lumber",3,3,"Steel Hinge",3,3,"Clear Glass Lens",3,3,"",0,0,"",0,0,"",0,0,"",0,0,"",0,0,"",0,0,"",0,0,"",0,0,"",0,0
1107,"Pine Lumber",3,3,"Persimmon Lumber",1,3,"Steel Hinge",3,3,"",0,0,"",0,0,"",0,0,"",0,0,"",0,0,"",0,0,"",0,0,"",0,0,"",0,0
1108,"Zelkova Lumber",3,3,"Beetle Glue",3,3,"Hardsilver Nugget",3,3,"",0,0,"",0,0,"",0,0,"",0,0,"",0,0,"",0,0,"",0,0,"",0,0,"",0,0
1109,"Persimmon Lumber",3,3,"Molybdenum Ingot",3,3,"Tiger Leather",2,3,"Straw",2,3,"",0,0,"",0,0,"",0,0,"",0,0,"",0,0,"",0,0,"",0,0,"",0,0
1150,"Spruce Lumber",8,3,"Steel Hinge",6,3,"Cut Stone",6,3,"Clear Glass Lens",6,3,"",0,0,"",0,0,"",0,0,"",0,0,"",0,0,"",0,0,"",0,0,"",0,0
1151,"Cedar Lumber",4,3,"Steel Hinge",6,3,"Cut Stone",6,3,"Clear Glass Lens",6,3,"",0,0,"",0,0,"",0,0,"",0,0,"",0,0,"",0,0,"",0,0,"",0,0
1152,"Holy Cedar Lumber",2,3,"Steel Hinge",6,3,"Cotton Canvas",6,3,"Clear Glass Lens",6,3,"Humus",6,3,"Island Seedling",6,3,"",0,0,"",0,0,"",0,0,"",0,0,"",0,0,"",0,0
1153,"Dark Chestnut Lumber",4,3,"Steel Hinge",6,3,"Linen Canvas",6,3,"Clear Glass Lens",6,3,"Humus",6,3,"Island Seedling",6,3,"",0,0,"",0,0,"",0,0,"",0,0,"",0,0,"",0,0
1154,"Cassia Block",3,3,"Clear Glass Lens",3,3,"Dark Chestnut Log",3,3,"",0,0,"",0,0,"",0,0,"",0,0,"",0,0,"",0,0,"",0,0,"",0,0,"",0,0
1155,"Cassia Lumber",1,3,"Clear Glass Lens",3,3,"Camphorwood Log",3,3,"",0,0,"",0,0,"",0,0,"",0,0,"",0,0,"",0,0,"",0,0,"",0,0,"",0,0
1156,"Cassia Lumber",1,3,"Clear Glass Lens",3,3,"Camphorwood Log",3,3,"",0,0,"",0,0,"",0,0,"",0,0,"",0,0,"",0,0,"",0,0,"",0,0,"",0,0
1157,"Camphorwood Lumber",3,3,"Clear Glass Lens",3,3,"Beech Log",3,3,"",0,0,"",0,0,"",0,0,"",0,0,"",0,0,"",0,0,"",0,0,"",0,0,"",0,0
1158,"Zelkova Lumber",3,3,"Beech Log",3,3,"Persimmon Lumber",2,3,"",0,0,"",0,0,"",0,0,"",0,0,"",0,0,"",0,0,"",0,0,"",0,0,"",0,0
1159,"Persimmon Lumber",3,3,"Persimmon Log",3,3,"Molybdenum Ingot",2,3,"Platinum Ingot",2,3,"",0,0,"",0,0,"",0,0,"",0,0,"",0,0,"",0,0,"",0,0,"",0,0
1200,"Iron Ingot",25,3,"Steel Ingot",25,3,"Electrum Ingot",25,3,"Cut Stone",25,3,"",0,0,"",0,0,"",0,0,"",0,0,"",0,0,"",0,0,"",0,0,"",0,0
1201,"Mythrite Ingot",7,3,"Steel Ingot",15,3,"Electrum Ingot",15,3,"Cut Stone",25,3,"",0,0,"",0,0,"",0,0,"",0,0,"",0,0,"",0,0,"",0,0,"",0,0
1202,"Mythrite Ingot",7,3,"Cobalt Ingot",15,3,"Rose Gold Ingot",3,3,"Cut Stone",25,3,"",0,0,"",0,0,"",0,0,"",0,0,"",0,0,"",0,0,"",0,0,"",0,0
1203,"Mythrite Ingot",7,3,"Cobalt Ingot",15,3,"Rose Gold Ingot",3,3,"Cut Stone",25,3,"",0,0,"",0,0,"",0,0,"",0,0,"",0,0,"",0,0,"",0,0,"",0,0
1204,"Dravanian Down Tree",1,3,"Astral Rock",3,3,"Dark Chestnut Log",3,3,"",0,0,"",0,0,"",0,0,"",0,0,"",0,0,"",0,0,"",0,0,"",0,0,"",0,0
1205,"Astral Rock",3,3,"Maiden Grass",3,3,"Camphorwood Log",3,3,"",0,0,"",0,0,"",0,0,"",0,0,"",0,0,"",0,0,"",0,0,"",0,0,"",0,0
1206,"Astral Rock",3,3,"Maiden Grass",3,3,"Cloud Acorn",3,3,"",0,0,"",0,0,"",0,0,"",0,0,"",0,0,"",0,0,"",0,0,"",0,0,"",0,0
1207,"Persimmon Lumber",1,3,"High Steel Ingot",3,3,"Star Ruby",3,3,"Slate",3,3,"",0,0,"",0,0,"",0,0,"",0,0,"",0,0,"",0,0,"",0,0,"",0,0
1208,"Persimmon Lumber",2,3,"Slate",3,3,"Wyrm Obsidian",2,3,"Tama-hagane Ingot",1,3,"",0,0,"",0,0,"",0,0,"",0,0,"",0,0,"",0,0,"",0,0,"",0,0
1209,"Bamboo Stick",2,3,"Zelkova Lumber",3,3,"Durium Sand",2,3,"Kudzu Cloth",2,3,"Straw",15,3,"",0,0,"",0,0,"",0,0,"",0,0,"",0,0,"",0,0,"",0,0
1250,"Elm Lumber",6,3,"Steel Ingot",6,3,"Rose Gold Ingot",4,3,"Clear Glass Lens",6,3,"",0,0,"",0,0,"",0,0,"",0,0,"",0,0,"",0,0,"",0,0,"",0,0
1251,"Cedar Lumber",4,3,"Steel Ingot",6,3,"Rose Gold Ingot",4,3,"Clear Glass Lens",6,3,"",0,0,"",0,0,"",0,0,"",0,0,"",0,0,"",0,0,"",0,0,"",0,0
1252,"Cedar Lumber",6,3,"Titanium Nugget",6,3,"Rose Gold Ingot",3,3,"Clear Glass Lens",6,3,"",0,0,"",0,0,"",0,0,"",0,0,"",0,0,"",0,0,"",0,0,"",0,0
1253,"Cedar Lumber",6,3,"Titanium Nugget",6,3,"Jadeite",6,3,"Rose Gold Ingot",4,3,"",0,0,"",0,0,"",0,0,"",0,0,"",0,0,"",0,0,"",0,0,"",0,0
1254,"Cassia Block",3,3,"Titanium Ingot",3,3,"Birch Log",3,3,"",0,0,"",0,0,"",0,0,"",0,0,"",0,0,"",0,0,"",0,0,"",0,0,"",0,0
1255,"Hallowed Chestnut Lumber",3,3,"Cassia Block",1,3,"",0,0,"",0,0,"",0,0,"",0,0,"",0,0,"",0,0,"",0,0,"",0,0,"",0,0,"",0,0
1256,"Hallowed Chestnut Lumber",3,3,"Treated Camphorwood Lumber",1,3,"Cloud Acorn",3,3,"",0,0,"",0,0,"",0,0,"",0,0,"",0,0,"",0,0,"",0,0,"",0,0,"",0,0
1257,"Pine Lumber",3,3,"Zelkova Lumber",1,3,"Star Ruby",3,3,"",0,0,"",0,0,"",0,0,"",0,0,"",0,0,"",0,0,"",0,0,"",0,0,"",0,0
1258,"Zelkova Lumber",2,3,"Enchanted Aurum Regis Ink",2,3,"Aurum Regis Sand",3,3,"",0,0,"",0,0,"",0,0,"",0,0,"",0,0,"",0,0,"",0,0,"",0,0,"",0,0
1259,"Platinum Ingot",3,3,"Oroshigane Ingot",2,3,"Tama-hagane Ingot",2,3,"Durium Sand",3,3,"",0,0,"",0,0,"",0,0,"",0,0,"",0,0,"",0,0,"",0,0,"",0,0
1300,"Steel Rivets",4,3,"Rose Gold Ingot",4,3,"Toad Leather",4,3,"Cotton Canvas",4,3,"Clear Glass Lens",4,3,"",0,0,"",0,0,"",0,0,"",0,0,"",0,0,"",0,0,"",0,0
1301,"Holy Cedar Lumber",2,3,"Mythrite Ingot",8,3,"Cobalt Rivets",8,3,"Brass Ingot",8,3,"",0,0,"",0,0,"",0,0,"",0,0,"",0,0,"",0,0,"",0,0,"",0,0
1302,"Holy Cedar Lumber",2,3,"Darksteel Plate",6,3,"Mythrite Ingot",6,3,"Electrum Ingot",10,3,"Clear Glass Lens",7,3,"",0,0,"",0,0,"",0,0,"",0,0,"",0,0,"",0,0,"",0,0
1303,"Titanium Nugget",6,3,"Mythrite Ingot",4,3,"Dhalmel Leather",4,3,"Ramie Cloth",4,3,"Clear Glass Lens",7,3,"",0,0,"",0,0,"",0,0,"",0,0,"",0,0,"",0,0,"",0,0
1304,"Dravanian Down Tree",1,3,"Astral Rock",3,3,"Birch Log",3,3,"",0,0,"",0,0,"",0,0,"",0,0,"",0,0,"",0,0,"",0,0,"",0,0,"",0,0
1305,"Titanium Ingot",3,3,"Cut Stone",3,3,"Camphorwood Log",3,3,"",0,0,"",0,0,"",0,0,"",0,0,"",0,0,"",0,0,"",0,0,"",0,0,"",0,0
1350,"Mahogany Lumber",6,3,"Iron Ingot",7,3,"Linen Yarn",7,3,"Linen Canvas",6,3,"",0,0,"",0,0,"",0,0,"",0,0,"",0,0,"",0,0,"",0,0,"",0,0
1351,"Cedar Lumber",3,3,"Cobalt Ingot",4,3,"Linen Yarn",7,3,"Linen Canvas",6,3,"",0,0,"",0,0,"",0,0,"",0,0,"",0,0,"",0,0,"",0,0,"",0,0
1352,"Holy Cedar Lumber",1,3,"Cobalt Rivets",6,3,"Darksteel Plate",3,3,"Limestone",15,3,"",0,0,"",0,0,"",0,0,"",0,0,"",0,0,"",0,0,"",0,0,"",0,0
1353,"Dark Chestnut Lumber",3,3,"Cobalt Rivets",6,3,"Mythrite Ingot",3,3,"Mortar",8,3,"",0,0,"",0,0,"",0,0,"",0,0,"",0,0,"",0,0,"",0,0,"",0,0
1354,"Cassia Block",3,3,"Hallowed Ramie Cloth",1,3,"Birch Log",3,3,"",0,0,"",0,0,"",0,0,"",0,0,"",0,0,"",0,0,"",0,0,"",0,0,"",0,0
1355,"Hallowed Chestnut Lumber",3,3,"Maiden Grass",3,3,"Camphorwood Log",3,3,"",0,0,"",0,0,"",0,0,"",0,0,"",0,0,"",0,0,"",0,0,"",0,0,"",0,0
1400,"Holy Cedar Lumber",3,3,"Cobalt Nails",3,3,"Clinker Bricks",3,3,"",0,0,"",0,0,"",0,0,"",0,0,"",0,0,"",0,0,"",0,0,"",0,0,"",0,0
1401,"Birch Lumber",3,3,"Cobalt Nails",3,3,"Felt Lining",3,3,"",0,0,"",0,0,"",0,0,"",0,0,"",0,0,"",0,0,"",0,0,"",0,0,"",0,0
1402,"Astral Birch Lumber",1,3,"Marble",3,3,"Maiden Grass",3,3,"",0,0,"",0,0,"",0,0,"",0,0,"",0,0,"",0,0,"",0,0,"",0,0,"",0,0
1403,"Holy Cedar Lumber",3,9,"Cobalt Nails",3,9,"Clinker Bricks",3,9,"",0,0,"",0,0,"",0,0,"",0,0,"",0,0,"",0,0,"",0,0,"",0,0,"",0,0
1404,"Birch Lumber",3,9,"Cobalt Nails",3,9,"Felt Lining",3,9,"",0,0,"",0,0,"",0,0,"",0,0,"",0,0,"",0,0,"",0,0,"",0,0,"",0,0
1405,"Astral Birch Lumber",1,9,"Marble",3,9,"Maiden Grass",3,9,"",0,0,"",0,0,"",0,0,"",0,0,"",0,0,"",0,0,"",0,0,"",0,0,"",0,0
1406,"Holy Cedar Lumber",3,15,"Cobalt Nails",3,15,"Clinker Bricks",3,15,"",0,0,"",0,0,"",0,0,"",0,0,"",0,0,"",0,0,"",0,0,"",0,0,"",0,0
1407,"Birch Lumber",3,15,"Cobalt Nails",3,15,"Felt Lining",3,15,"",0,0,"",0,0,"",0,0,"",0,0,"",0,0,"",0,0,"",0,0,"",0,0,"",0,0
1408,"Astral Birch Lumber",1,15,"Marble",3,15,"Maiden Grass",3,15,"",0,0,"",0,0,"",0,0,"",0,0,"",0,0,"",0,0,"",0,0,"",0,0,"",0,0
1409,"Hallowed Chestnut Lumber",3,3,"Cobalt Nails",3,3,"Scale Glue",1,3,"",0,0,"",0,0,"",0,0,"",0,0,"",0,0,"",0,0,"",0,0,"",0,0,"",0,0
1410,"Camphorwood Lumber",1,3,"Cobalt Nails",3,3,"Scale Glue",1,3,"",0,0,"",0,0,"",0,0,"",0,0,"",0,0,"",0,0,"",0,0,"",0,0,"",0,0
1411,"Treated Camphorwood Lumber",1,3,"Chocobo Feather",3,3,"Maiden Grass",3,3,"",0,0,"",0,0,"",0,0,"",0,0,"",0,0,"",0,0,"",0,0,"",0,0,"",0,0
1412,"Hallowed Chestnut Lumber",3,9,"Cobalt Nails",3,9,"Scale Glue",1,9,"",0,0,"",0,0,"",0,0,"",0,0,"",0,0,"",0,0,"",0,0,"",0,0,"",0,0
1413,"Camphorwood Lumber",1,9,"Cobalt Nails",3,9,"Scale Glue",1,9,"",0,0,"",0,0,"",0,0,"",0,0,"",0,0,"",0,0,"",0,0,"",0,0,"",0,0
1414,"Treated Camphorwood Lumber",1,9,"Chocobo Feather",3,9,"Clinker Bricks",3,9,"Maiden Grass",3,9,"",0,0,"",0,0,"",0,0,"",0,0,"",0,0,"",0,0,"",0,0,"",0,0
1415,"Hallowed Chestnut Lumber",3,15,"Cobalt Nails",3,15,"Scale Glue",1,15,"",0,0,"",0,0,"",0,0,"",0,0,"",0,0,"",0,0,"",0,0,"",0,0,"",0,0
1416,"Camphorwood Lumber",1,15,"Cobalt Nails",3,15,"Scale Glue",1,15,"",0,0,"",0,0,"",0,0,"",0,0,"",0,0,"",0,0,"",0,0,"",0,0,"",0,0
1417,"Treated Camphorwood Lumber",1,15,"Chocobo Feather",3,15,"Clinker Bricks",3,15,"Maiden Grass",3,15,"",0,0,"",0,0,"",0,0,"",0,0,"",0,0,"",0,0,"",0,0,"",0,0
1418,"Birch Lumber",3,3,"Cobalt Nails",3,3,"Clinker Bricks",3,3,"",0,0,"",0,0,"",0,0,"",0,0,"",0,0,"",0,0,"",0,0,"",0,0,"",0,0
1419,"Astral Birch Lumber",1,3,"Cobalt Nails",3,3,"Felt Lining",3,3,"",0,0,"",0,0,"",0,0,"",0,0,"",0,0,"",0,0,"",0,0,"",0,0,"",0,0
1420,"Teak Lumber",1,3,"Mortar",3,3,"Cloud Acorn",3,3,"",0,0,"",0,0,"",0,0,"",0,0,"",0,0,"",0,0,"",0,0,"",0,0,"",0,0
1421,"Birch Lumber",3,9,"Cobalt Nails",3,9,"Clinker Bricks",3,9,"",0,0,"",0,0,"",0,0,"",0,0,"",0,0,"",0,0,"",0,0,"",0,0,"",0,0
1422,"Astral Birch Lumber",1,9,"Cobalt Nails",3,9,"Felt Lining",3,9,"",0,0,"",0,0,"",0,0,"",0,0,"",0,0,"",0,0,"",0,0,"",0,0,"",0,0
1423,"Teak Lumber",1,9,"Mortar",3,9,"Cloud Acorn",3,9,"",0,0,"",0,0,"",0,0,"",0,0,"",0,0,"",0,0,"",0,0,"",0,0,"",0,0
1424,"Birch Lumber",3,15,"Cobalt Nails",3,15,"Clinker Bricks",3,15,"",0,0,"",0,0,"",0,0,"",0,0,"",0,0,"",0,0,"",0,0,"",0,0,"",0,0
1425,"Astral Birch Lumber",1,15,"Cobalt Nails",3,15,"Felt Lining",3,15,"",0,0,"",0,0,"",0,0,"",0,0,"",0,0,"",0,0,"",0,0,"",0,0,"",0,0
1426,"Teak Lumber",1,15,"Mortar",3,15,"Cloud Acorn",3,15,"",0,0,"",0,0,"",0,0,"",0,0,"",0,0,"",0,0,"",0,0,"",0,0,"",0,0
1427,"Hallowed Chestnut Lumber",3,3,"Cobalt Nails",3,3,"Scale Glue",1,3,"",0,0,"",0,0,"",0,0,"",0,0,"",0,0,"",0,0,"",0,0,"",0,0,"",0,0
1428,"Camphorwood Lumber",1,3,"Cobalt Nails",3,3,"Scale Glue",1,3,"",0,0,"",0,0,"",0,0,"",0,0,"",0,0,"",0,0,"",0,0,"",0,0,"",0,0
1429,"Treated Camphorwood Lumber",1,3,"Cloud Acorn",3,3,"Maiden Grass",3,3,"",0,0,"",0,0,"",0,0,"",0,0,"",0,0,"",0,0,"",0,0,"",0,0,"",0,0
1430,"Hallowed Chestnut Lumber",3,9,"Cobalt Nails",3,9,"Scale Glue",1,9,"",0,0,"",0,0,"",0,0,"",0,0,"",0,0,"",0,0,"",0,0,"",0,0,"",0,0
1431,"Camphorwood Lumber",1,9,"Cobalt Nails",3,9,"Scale Glue",1,9,"",0,0,"",0,0,"",0,0,"",0,0,"",0,0,"",0,0,"",0,0,"",0,0,"",0,0
1432,"Treated Camphorwood Lumber",1,9,"Cloud Acorn",3,9,"Maiden Grass",3,9,"",0,0,"",0,0,"",0,0,"",0,0,"",0,0,"",0,0,"",0,0,"",0,0,"",0,0
1433,"Hallowed Chestnut Lumber",3,15,"Cobalt Nails",3,15,"Scale Glue",1,15,"",0,0,"",0,0,"",0,0,"",0,0,"",0,0,"",0,0,"",0,0,"",0,0,"",0,0
1434,"Camphorwood Lumber",1,15,"Cobalt Nails",3,15,"Scale Glue",1,15,"",0,0,"",0,0,"",0,0,"",0,0,"",0,0,"",0,0,"",0,0,"",0,0,"",0,0
1435,"Treated Camphorwood Lumber",1,15,"Cloud Acorn",3,15,"Maiden Grass",3,15,"",0,0,"",0,0,"",0,0,"",0,0,"",0,0,"",0,0,"",0,0,"",0,0,"",0,0
1436,"Treated Camphorwood Lumber",3,3,"Cobalt Nails",3,3,"Slate",3,3,"",0,0,"",0,0,"",0,0,"",0,0,"",0,0,"",0,0,"",0,0,"",0,0,"",0,0
1437,"Beech Lumber",3,3,"High Steel Nugget",3,3,"Bloodhempen Cloth",3,3,"",0,0,"",0,0,"",0,0,"",0,0,"",0,0,"",0,0,"",0,0,"",0,0,"",0,0
1438,"Larch Lumber",3,3,"Persimmon Tannin",3,3,"Star Ruby",3,3,"",0,0,"",0,0,"",0,0,"",0,0,"",0,0,"",0,0,"",0,0,"",0,0,"",0,0
1439,"Treated Camphorwood Lumber",3,9,"Cobalt Nails",3,9,"Slate",3,9,"",0,0,"",0,0,"",0,0,"",0,0,"",0,0,"",0,0,"",0,0,"",0,0,"",0,0
1440,"Beech Lumber",3,9,"High Steel Nugget",3,9,"Bloodhempen Cloth",3,9,"",0,0,"",0,0,"",0,0,"",0,0,"",0,0,"",0,0,"",0,0,"",0,0,"",0,0
1441,"Larch Lumber",3,9,"Persimmon Tannin",3,9,"Star Ruby",3,9,"",0,0,"",0,0,"",0,0,"",0,0,"",0,0,"",0,0,"",0,0,"",0,0,"",0,0
1442,"Treated Camphorwood Lumber",3,15,"Cobalt Nails",3,15,"Slate",3,15,"",0,0,"",0,0,"",0,0,"",0,0,"",0,0,"",0,0,"",0,0,"",0,0,"",0,0
1443,"Beech Lumber",3,15,"High Steel Nugget",3,15,"Bloodhempen Cloth",3,15,"",0,0,"",0,0,"",0,0,"",0,0,"",0,0,"",0,0,"",0,0,"",0,0,"",0,0
1444,"Larch Lumber",3,15,"Persimmon Tannin",3,15,"Star Ruby",3,15,"",0,0,"",0,0,"",0,0,"",0,0,"",0,0,"",0,0,"",0,0,"",0,0,"",0,0
1445,"Beech Lumber",3,3,"Cobalt Nails",3,3,"Scale Glue",3,3,"",0,0,"",0,0,"",0,0,"",0,0,"",0,0,"",0,0,"",0,0,"",0,0,"",0,0
1446,"Larch Lumber",3,3,"High Steel Nugget",3,3,"Beetle Glue",3,3,"",0,0,"",0,0,"",0,0,"",0,0,"",0,0,"",0,0,"",0,0,"",0,0,"",0,0
1447,"Pine Lumber",3,3,"Star Ruby",3,3,"Slate",3,3,"",0,0,"",0,0,"",0,0,"",0,0,"",0,0,"",0,0,"",0,0,"",0,0,"",0,0
1448,"Beech Lumber",3,9,"Cobalt Nails",3,9,"Scale Glue",3,9,"",0,0,"",0,0,"",0,0,"",0,0,"",0,0,"",0,0,"",0,0,"",0,0,"",0,0
1449,"Larch Lumber",3,9,"High Steel Nugget",3,9,"Beetle Glue",3,9,"",0,0,"",0,0,"",0,0,"",0,0,"",0,0,"",0,0,"",0,0,"",0,0,"",0,0
1450,"Pine Lumber",3,9,"Star Ruby",3,9,"Slate",3,9,"",0,0,"",0,0,"",0,0,"",0,0,"",0,0,"",0,0,"",0,0,"",0,0,"",0,0
1451,"Beech Lumber",3,15,"Cobalt Nails",3,15,"Scale Glue",3,15,"",0,0,"",0,0,"",0,0,"",0,0,"",0,0,"",0,0,"",0,0,"",0,0,"",0,0
1452,"Larch Lumber",3,15,"High Steel Nugget",3,15,"Beetle Glue",3,15,"",0,0,"",0,0,"",0,0,"",0,0,"",0,0,"",0,0,"",0,0,"",0,0,"",0,0
1453,"Pine Lumber",3,15,"Star Ruby",3,15,"Slate",3,15,"",0,0,"",0,0,"",0,0,"",0,0,"",0,0,"",0,0,"",0,0,"",0,0,"",0,0
1454,"Zelkova Lumber",3,3,"Wyrm Obsidian",3,3,"Persimmon Tannin",3,3,"",0,0,"",0,0,"",0,0,"",0,0,"",0,0,"",0,0,"",0,0,"",0,0,"",0,0
1455,"Zelkova Lumber",3,3,"Wyrm Obsidian",3,3,"Persimmon Tannin",3,3,"",0,0,"",0,0,"",0,0,"",0,0,"",0,0,"",0,0,"",0,0,"",0,0,"",0,0
1456,"Zelkova Lumber",3,3,"Wyrm Obsidian",3,3,"Persimmon Tannin",3,3,"",0,0,"",0,0,"",0,0,"",0,0,"",0,0,"",0,0,"",0,0,"",0,0,"",0,0
1457,"Zelkova Lumber",3,9,"Wyrm Obsidian",3,9,"Persimmon Tannin",3,9,"",0,0,"",0,0,"",0,0,"",0,0,"",0,0,"",0,0,"",0,0,"",0,0,"",0,0
1458,"Zelkova Lumber",3,9,"Wyrm Obsidian",3,9,"Persimmon Tannin",3,9,"",0,0,"",0,0,"",0,0,"",0,0,"",0,0,"",0,0,"",0,0,"",0,0,"",0,0
1459,"Zelkova Lumber",3,9,"Wyrm Obsidian",3,9,"Persimmon Tannin",3,9,"",0,0,"",0,0,"",0,0,"",0,0,"",0,0,"",0,0,"",0,0,"",0,0,"",0,0
1460,"Zelkova Lumber",3,15,"Wyrm Obsidian",3,15,"Persimmon Tannin",3,15,"",0,0,"",0,0,"",0,0,"",0,0,"",0,0,"",0,0,"",0,0,"",0,0,"",0,0
1461,"Zelkova Lumber",3,15,"Wyrm Obsidian",3,15,"Persimmon Tannin",3,15,"",0,0,"",0,0,"",0,0,"",0,0,"",0,0,"",0,0,"",0,0,"",0,0,"",0,0
1462,"Zelkova Lumber",3,15,"Wyrm Obsidian",3,15,"Persimmon Tannin",3,15,"",0,0,"",0,0,"",0,0,"",0,0,"",0,0,"",0,0,"",0,0,"",0,0,"",0,0
1463,"Persimmon Lumber",3,3,"Slate",3,3,"Gold Ingot",5,3,"",0,0,"",0,0,"",0,0,"",0,0,"",0,0,"",0,0,"",0,0,"",0,0,"",0,0
1464,"Persimmon Lumber",3,3,"Slate",3,3,"Gold Ingot",5,3,"",0,0,"",0,0,"",0,0,"",0,0,"",0,0,"",0,0,"",0,0,"",0,0,"",0,0
1465,"Persimmon Lumber",3,3,"Slate",3,3,"Gold Ingot",5,3,"",0,0,"",0,0,"",0,0,"",0,0,"",0,0,"",0,0,"",0,0,"",0,0,"",0,0
1466,"Persimmon Lumber",3,9,"Slate",3,9,"Gold Ingot",5,9,"",0,0,"",0,0,"",0,0,"",0,0,"",0,0,"",0,0,"",0,0,"",0,0,"",0,0
1467,"Persimmon Lumber",3,9,"Slate",3,9,"Gold Ingot",5,9,"",0,0,"",0,0,"",0,0,"",0,0,"",0,0,"",0,0,"",0,0,"",0,0,"",0,0
1468,"Persimmon Lumber",3,9,"Slate",3,9,"Gold Ingot",5,9,"",0,0,"",0,0,"",0,0,"",0,0,"",0,0,"",0,0,"",0,0,"",0,0,"",0,0
1469,"Persimmon Lumber",3,15,"Slate",3,15,"Gold Ingot",5,15,"",0,0,"",0,0,"",0,0,"",0,0,"",0,0,"",0,0,"",0,0,"",0,0,"",0,0
1470,"Persimmon Lumber",3,15,"Slate",3,15,"Gold Ingot",5,15,"",0,0,"",0,0,"",0,0,"",0,0,"",0,0,"",0,0,"",0,0,"",0,0,"",0,0
1471,"Persimmon Lumber",3,15,"Slate",3,15,"Gold Ingot",5,15,"",0,0,"",0,0,"",0,0,"",0,0,"",0,0,"",0,0,"",0,0,"",0,0,"",0,0
1472,"Zelkova Log",3,3,"Twinsilk",5,3,"Oroshigane Ingot",3,3,"Persimmon Tannin",3,3,"",0,0,"",0,0,"",0,0,"",0,0,"",0,0,"",0,0,"",0,0,"",0,0
1473,"Persimmon Lumber",5,3,"Gazelle Leather",5,3,"Palladium Sand",3,3,"",0,0,"",0,0,"",0,0,"",0,0,"",0,0,"",0,0,"",0,0,"",0,0,"",0,0
1474,"Persimmon Lumber",5,3,"Molybdenum Ingot",3,3,"Straw",5,3,"",0,0,"",0,0,"",0,0,"",0,0,"",0,0,"",0,0,"",0,0,"",0,0,"",0,0
1475,"Zelkova Log",3,9,"Twinsilk",5,9,"Oroshigane Ingot",3,9,"Persimmon Tannin",3,9,"",0,0,"",0,0,"",0,0,"",0,0,"",0,0,"",0,0,"",0,0,"",0,0
1476,"Persimmon Lumber",5,9,"Gazelle Leather",5,9,"Palladium Sand",3,9,"",0,0,"",0,0,"",0,0,"",0,0,"",0,0,"",0,0,"",0,0,"",0,0,"",0,0
1477,"Persimmon Lumber",5,9,"Molybdenum Ingot",3,9,"Straw",5,9,"",0,0,"",0,0,"",0,0,"",0,0,"",0,0,"",0,0,"",0,0,"",0,0,"",0,0
1478,"Zelkova Log",3,15,"Twinsilk",5,15,"Oroshigane Ingot",3,15,"Persimmon Tannin",3,15,"",0,0,"",0,0,"",0,0,"",0,0,"",0,0,"",0,0,"",0,0,"",0,0
1479,"Persimmon Lumber",5,15,"Gazelle Leather",5,15,"Palladium Sand",3,15,"",0,0,"",0,0,"",0,0,"",0,0,"",0,0,"",0,0,"",0,0,"",0,0,"",0,0
1480,"Persimmon Lumber",5,15,"Molybdenum Ingot",3,15,"Straw",5,15,"",0,0,"",0,0,"",0,0,"",0,0,"",0,0,"",0,0,"",0,0,"",0,0,"",0,0
1481,"Persimmon Log",5,3,"Tama-hagane Ingot",3,3,"Beetle Glue",3,3,"",0,0,"",0,0,"",0,0,"",0,0,"",0,0,"",0,0,"",0,0,"",0,0,"",0,0
1482,"Zelkova Lumber",5,3,"Kudzu Cloth",3,3,"Tiger Leather",3,3,"Molybdenum Ingot",3,3,"",0,0,"",0,0,"",0,0,"",0,0,"",0,0,"",0,0,"",0,0,"",0,0
1483,"Zelkova Lumber",3,3,"Platinum Ingot",5,3,"Straw",30,3,"",0,0,"",0,0,"",0,0,"",0,0,"",0,0,"",0,0,"",0,0,"",0,0,"",0,0
1484,"Persimmon Log",5,9,"Tama-hagane Ingot",3,9,"Beetle Glue",3,9,"",0,0,"",0,0,"",0,0,"",0,0,"",0,0,"",0,0,"",0,0,"",0,0,"",0,0
1485,"Zelkova Lumber",5,9,"Kudzu Cloth",3,9,"Tiger Leather",3,9,"Molybdenum Ingot",3,9,"",0,0,"",0,0,"",0,0,"",0,0,"",0,0,"",0,0,"",0,0,"",0,0
1486,"Zelkova Lumber",3,9,"Platinum Ingot",5,9,"Straw",30,9,"",0,0,"",0,0,"",0,0,"",0,0,"",0,0,"",0,0,"",0,0,"",0,0,"",0,0
1487,"Persimmon Log",5,15,"Tama-hagane Ingot",3,15,"Beetle Glue",3,15,"",0,0,"",0,0,"",0,0,"",0,0,"",0,0,"",0,0,"",0,0,"",0,0,"",0,0
1488,"Zelkova Lumber",5,15,"Kudzu Cloth",3,15,"Tiger Leather",3,15,"Molybdenum Ingot",3,15,"",0,0,"",0,0,"",0,0,"",0,0,"",0,0,"",0,0,"",0,0,"",0,0
1489,"Zelkova Lumber",3,15,"Platinum Ingot",5,15,"Straw",30,15,"",0,0,"",0,0,"",0,0,"",0,0,"",0,0,"",0,0,"",0,0,"",0,0,"",0,0
1490,"White Oak Lumber",3,3,"Truegold Ore",3,3,"Starch Glue",3,3,"",0,0,"",0,0,"",0,0,"",0,0,"",0,0,"",0,0,"",0,0,"",0,0,"",0,0
1491,"Miracle Apple Lumber",3,3,"Deepgold Ingot",3,3,"Iridescent Silk Thread",3,3,"",0,0,"",0,0,"",0,0,"",0,0,"",0,0,"",0,0,"",0,0,"",0,0,"",0,0
1492,"White Ash Lumber",3,3,"White Oak Log",3,3,"Atrociraptor Leather",3,3,"",0,0,"",0,0,"",0,0,"",0,0,"",0,0,"",0,0,"",0,0,"",0,0,"",0,0
1493,"White Oak Lumber",3,9,"Truegold Ore",3,9,"Starch Glue",3,9,"",0,0,"",0,0,"",0,0,"",0,0,"",0,0,"",0,0,"",0,0,"",0,0,"",0,0
1494,"Miracle Apple Lumber",3,9,"Deepgold Ingot",3,9,"Iridescent Silk Thread",3,9,"",0,0,"",0,0,"",0,0,"",0,0,"",0,0,"",0,0,"",0,0,"",0,0,"",0,0
1495,"White Ash Lumber",3,9,"White Oak Log",3,9,"Atrociraptor Leather",3,9,"",0,0,"",0,0,"",0,0,"",0,0,"",0,0,"",0,0,"",0,0,"",0,0,"",0,0
1496,"White Oak Lumber",3,15,"Truegold Ore",3,15,"Starch Glue",3,15,"",0,0,"",0,0,"",0,0,"",0,0,"",0,0,"",0,0,"",0,0,"",0,0,"",0,0
1497,"Miracle Apple Lumber",3,15,"Deepgold Ingot",3,15,"Iridescent Silk Thread",3,15,"",0,0,"",0,0,"",0,0,"",0,0,"",0,0,"",0,0,"",0,0,"",0,0,"",0,0
1498,"White Ash Lumber",3,15,"White Oak Log",3,15,"Atrociraptor Leather",3,15,"",0,0,"",0,0,"",0,0,"",0,0,"",0,0,"",0,0,"",0,0,"",0,0,"",0,0
1499,"White Oak Lumber",3,3,"Bright Linen Yarn",3,3,"Deepgold Nugget",3,3,"",0,0,"",0,0,"",0,0,"",0,0,"",0,0,"",0,0,"",0,0,"",0,0,"",0,0
1500,"Miracle Apple Lumber",3,3,"Starch Glue",3,3,"Deepgold Ingot",3,3,"",0,0,"",0,0,"",0,0,"",0,0,"",0,0,"",0,0,"",0,0,"",0,0,"",0,0
1501,"White Ash Lumber",3,3,"White Ash Log",3,3,"Manasilver Nugget",3,3,"",0,0,"",0,0,"",0,0,"",0,0,"",0,0,"",0,0,"",0,0,"",0,0,"",0,0
1502,"White Oak Lumber",3,9,"Bright Linen Yarn",3,9,"Deepgold Nugget",3,9,"",0,0,"",0,0,"",0,0,"",0,0,"",0,0,"",0,0,"",0,0,"",0,0,"",0,0
1503,"Miracle Apple Lumber",3,9,"Starch Glue",3,9,"Deepgold Ingot",3,9,"",0,0,"",0,0,"",0,0,"",0,0,"",0,0,"",0,0,"",0,0,"",0,0,"",0,0
1504,"White Ash Lumber",3,9,"White Ash Log",3,9,"Manasilver Nugget",3,9,"Tempered Glass",2,3,"",0,0,"",0,0,"",0,0,"",0,0,"",0,0,"",0,0,"",0,0,"",0,0
1505,"White Oak Lumber",3,15,"Bright Linen Yarn",3,15,"Deepgold Nugget",3,15,"",0,0,"",0,0,"",0,0,"",0,0,"",0,0,"",0,0,"",0,0,"",0,0,"",0,0
1506,"Miracle Apple Lumber",3,15,"Starch Glue",3,15,"Deepgold Ingot",3,15,"",0,0,"",0,0,"",0,0,"",0,0,"",0,0,"",0,0,"",0,0,"",0,0,"",0,0
1507,"White Ash Lumber",3,15,"White Ash Log",3,15,"Manasilver Nugget",3,15,"Tempered Glass",3,3,"",0,0,"",0,0,"",0,0,"",0,0,"",0,0,"",0,0,"",0,0,"",0,0
1508,"White Oak Lumber",3,3,"Stonegold Nugget",3,3,"Smilodon Leather",3,3,"Tempered Glass",3,3,"",0,0,"",0,0,"",0,0,"",0,0,"",0,0,"",0,0,"",0,0,"",0,0
1509,"Miracle Apple Lumber",3,3,"Deepgold Ingot",3,3,"Tempered Glass",2,3,"",0,0,"",0,0,"",0,0,"",0,0,"",0,0,"",0,0,"",0,0,"",0,0,"",0,0
1510,"White Ash Lumber",3,3,"Bluespirit Tile",2,3,"Bluespirit Ore",3,3,"Growth Formula Iota",3,3,"",0,0,"",0,0,"",0,0,"",0,0,"",0,0,"",0,0,"",0,0,"",0,0
1511,"White Ash Lumber",3,3,"Manasilver Nugget",2,3,"Pixie Floss",3,3,"",0,0,"",0,0,"",0,0,"",0,0,"",0,0,"",0,0,"",0,0,"",0,0,"",0,0
1512,"White Ash Lumber",3,3,"White Ash Log",3,3,"Starch Glue",3,3,"",0,0,"",0,0,"",0,0,"",0,0,"",0,0,"",0,0,"",0,0,"",0,0,"",0,0
1513,"Sandteak Lumber",3,3,"Titanbronze Ingot",3,3,"Pixie Floss",3,3,"",0,0,"",0,0,"",0,0,"",0,0,"",0,0,"",0,0,"",0,0,"",0,0,"",0,0
1514,"Lignum Vitae Lumber",3,3,"Dimythrite Ore",3,3,"Sea Swallow Leather",3,3,"Growth Formula Kappa",3,3,"",0,0,"",0,0,"",0,0,"",0,0,"",0,0,"",0,0,"",0,0,"",0,0
1515,"White Ash Lumber",3,9,"White Ash Log",3,9,"Starch Glue",3,9,"",0,0,"",0,0,"",0,0,"",0,0,"",0,0,"",0,0,"",0,0,"",0,0,"",0,0
1516,"Sandteak Lumber",3,9,"Titanbronze Ingot",3,9,"Pixie Floss",3,9,"",0,0,"",0,0,"",0,0,"",0,0,"",0,0,"",0,0,"",0,0,"",0,0,"",0,0
1517,"Lignum Vitae Lumber",3,9,"Dimythrite Ore",3,9,"Sea Swallow Leather",3,9,"Growth Formula Kappa",3,9,"",0,0,"",0,0,"",0,0,"",0,0,"",0,0,"",0,0,"",0,0,"",0,0
1518,"White Ash Lumber",3,15,"White Ash Log",3,15,"Starch Glue",3,15,"",0,0,"",0,0,"",0,0,"",0,0,"",0,0,"",0,0,"",0,0,"",0,0,"",0,0
1519,"Sandteak Lumber",3,15,"Titanbronze Ingot",3,15,"Pixie Floss",3,15,"",0,0,"",0,0,"",0,0,"",0,0,"",0,0,"",0,0,"",0,0,"",0,0,"",0,0
1520,"Lignum Vitae Lumber",3,15,"Dimythrite Ore",3,15,"Sea Swallow Leather",3,15,"Growth Formula Kappa",3,15,"",0,0,"",0,0,"",0,0,"",0,0,"",0,0,"",0,0,"",0,0,"",0,0
1521,"White Ash Lumber",3,3,"Dwarven Cotton Thread",3,3,"Bluespirit Tile",3,3,"",0,0,"",0,0,"",0,0,"",0,0,"",0,0,"",0,0,"",0,0,"",0,0,"",0,0
1522,"Sandteak Lumber",3,3,"Starch Glue",3,3,"Dwarven Mythril Ingot",3,3,"",0,0,"",0,0,"",0,0,"",0,0,"",0,0,"",0,0,"",0,0,"",0,0,"",0,0
1523,"Lignum Vitae Lumber",3,3,"Titancopper Ore",3,3,"Dwarven Mythril Nugget",3,3,"Tempered Glass",2,3,"",0,0,"",0,0,"",0,0,"",0,0,"",0,0,"",0,0,"",0,0,"",0,0
1524,"White Ash Lumber",3,9,"Dwarven Cotton Thread",3,9,"Bluespirit Tile",3,9,"",0,0,"",0,0,"",0,0,"",0,0,"",0,0,"",0,0,"",0,0,"",0,0,"",0,0
1525,"Sandteak Lumber",3,9,"Starch Glue",3,9,"Dwarven Mythril Ingot",3,9,"",0,0,"",0,0,"",0,0,"",0,0,"",0,0,"",0,0,"",0,0,"",0,0,"",0,0
1526,"Lignum Vitae Lumber",3,9,"Titancopper Ore",3,9,"Dwarven Mythril Nugget",3,9,"Tempered Glass",2,3,"",0,0,"",0,0,"",0,0,"",0,0,"",0,0,"",0,0,"",0,0,"",0,0
1527,"White Ash Lumber",3,15,"Dwarven Cotton Thread",3,15,"Bluespirit Tile",3,15,"",0,0,"",0,0,"",0,0,"",0,0,"",0,0,"",0,0,"",0,0,"",0,0,"",0,0
1528,"Sandteak Lumber",3,15,"Starch Glue",3,15,"Dwarven Mythril Ingot",3,15,"",0,0,"",0,0,"",0,0,"",0,0,"",0,0,"",0,0,"",0,0,"",0,0,"",0,0
1529,"Lignum Vitae Lumber",3,15,"Titancopper Ore",3,15,"Dwarven Mythril Nugget",3,15,"Tempered Glass",3,3,"",0,0,"",0,0,"",0,0,"",0,0,"",0,0,"",0,0,"",0,0,"",0,0
1530,"White Ash Lumber",3,3,"Titanbronze Nugget",3,3,"Zonure Leather",3,3,"Tempered Glass",3,3,"",0,0,"",0,0,"",0,0,"",0,0,"",0,0,"",0,0,"",0,0,"",0,0
1531,"Sandteak Lumber",3,3,"Titanbronze Ingot",3,3,"Tempered Glass",2,3,"",0,0,"",0,0,"",0,0,"",0,0,"",0,0,"",0,0,"",0,0,"",0,0,"",0,0
1532,"Lignum Vitae Lumber",3,3,"Dwarven Mythril Ingot",2,3,"Dimythrite Ore",3,3,"",0,0,"",0,0,"",0,0,"",0,0,"",0,0,"",0,0,"",0,0,"",0,0,"",0,0
1533,"Lignum Vitae Lumber",3,3,"Dwarven Mythril Nugget",2,3,"Ovim Wool Yarn",3,3,"",0,0,"",0,0,"",0,0,"",0,0,"",0,0,"",0,0,"",0,0,"",0,0,"",0,0
1534,"White Ash Lumber",3,3,"White Ash Log",3,3,"Starch Glue",3,3,"",0,0,"",0,0,"",0,0,"",0,0,"",0,0,"",0,0,"",0,0,"",0,0,"",0,0
1535,"Sandteak Lumber",3,3,"Titanbronze Ingot",3,3,"Pixie Cotton",3,3,"",0,0,"",0,0,"",0,0,"",0,0,"",0,0,"",0,0,"",0,0,"",0,0,"",0,0
1536,"Dwarven Mythril Ingot",3,3,"Dimythrite Ore",3,3,"Sea Swallow Leather",3,3,"",0,0,"",0,0,"",0,0,"",0,0,"",0,0,"",0,0,"",0,0,"",0,0,"",0,0
1537,"White Ash Lumber",3,9,"White Ash Log",3,9,"Starch Glue",3,9,"",0,0,"",0,0,"",0,0,"",0,0,"",0,0,"",0,0,"",0,0,"",0,0,"",0,0
1538,"Sandteak Lumber",3,9,"Titanbronze Ingot",3,9,"Pixie Cotton",3,9,"",0,0,"",0,0,"",0,0,"",0,0,"",0,0,"",0,0,"",0,0,"",0,0,"",0,0
1539,"Dwarven Mythril Ingot",3,9,"Dimythrite Ore",3,9,"Sea Swallow Leather",3,9,"",0,0,"",0,0,"",0,0,"",0,0,"",0,0,"",0,0,"",0,0,"",0,0,"",0,0
1540,"White Ash Lumber",3,15,"White Ash Log",3,15,"Starch Glue",3,15,"",0,0,"",0,0,"",0,0,"",0,0,"",0,0,"",0,0,"",0,0,"",0,0,"",0,0
1541,"Sandteak Lumber",3,15,"Titanbronze Ingot",3,15,"Pixie Cotton",3,15,"",0,0,"",0,0,"",0,0,"",0,0,"",0,0,"",0,0,"",0,0,"",0,0,"",0,0
1542,"Dwarven Mythril Ingot",3,15,"Dimythrite Ore",3,15,"Sea Swallow Leather",3,15,"",0,0,"",0,0,"",0,0,"",0,0,"",0,0,"",0,0,"",0,0,"",0,0,"",0,0
1543,"White Ash Lumber",3,3,"Starch Glue",3,3,"Bluespirit Tile",3,3,"",0,0,"",0,0,"",0,0,"",0,0,"",0,0,"",0,0,"",0,0,"",0,0,"",0,0
1544,"Sandteak Lumber",3,3,"Dwarven Cotton",3,3,"Dwarven Mythril Ingot",3,3,"",0,0,"",0,0,"",0,0,"",0,0,"",0,0,"",0,0,"",0,0,"",0,0,"",0,0
1545,"Dwarven Mythril Ingot",3,3,"Dimythrite Ore",3,3,"Dwarven Mythril Nugget",3,3,"Tempered Glass",2,3,"",0,0,"",0,0,"",0,0,"",0,0,"",0,0,"",0,0,"",0,0,"",0,0
1546,"White Ash Lumber",3,9,"Starch Glue",3,9,"Bluespirit Tile",3,9,"",0,0,"",0,0,"",0,0,"",0,0,"",0,0,"",0,0,"",0,0,"",0,0,"",0,0
1547,"Sandteak Lumber",3,9,"Dwarven Cotton",3,9,"Dwarven Mythril Ingot",3,9,"",0,0,"",0,0,"",0,0,"",0,0,"",0,0,"",0,0,"",0,0,"",0,0,"",0,0
1548,"Dwarven Mythril Ingot",3,9,"Dimythrite Ore",3,9,"Dwarven Mythril Nugget",3,9,"Tempered Glass",2,3,"",0,0,"",0,0,"",0,0,"",0,0,"",0,0,"",0,0,"",0,0,"",0,0
1549,"White Ash Lumber",3,15,"Starch Glue",3,15,"Bluespirit Tile",3,15,"",0,0,"",0,0,"",0,0,"",0,0,"",0,0,"",0,0,"",0,0,"",0,0,"",0,0
1550,"Sandteak Lumber",3,15,"Dwarven Cotton",3,15,"Dwarven Mythril Ingot",3,15,"",0,0,"",0,0,"",0,0,"",0,0,"",0,0,"",0,0,"",0,0,"",0,0,"",0,0
1551,"Dwarven Mythril Ingot",3,15,"Dimythrite Ore",3,15,"Dwarven Mythril Nugget",3,15,"Tempered Glass",3,3,"",0,0,"",0,0,"",0,0,"",0,0,"",0,0,"",0,0,"",0,0,"",0,0
1552,"Deepgold Nugget",3,3,"Titanbronze Nugget",3,3,"Zonure Leather",3,3,"Tempered Glass",3,3,"",0,0,"",0,0,"",0,0,"",0,0,"",0,0,"",0,0,"",0,0,"",0,0
1553,"Sandteak Lumber",3,3,"Titanbronze Ingot",3,3,"Tempered Glass",2,3,"",0,0,"",0,0,"",0,0,"",0,0,"",0,0,"",0,0,"",0,0,"",0,0,"",0,0
1554,"Dwarven Mythril Ingot",3,3,"Lignum Vitae Lumber",2,3,"Dimythrite Ore",3,3,"",0,0,"",0,0,"",0,0,"",0,0,"",0,0,"",0,0,"",0,0,"",0,0,"",0,0
1555,"Lignum Vitae Lumber",3,3,"Dwarven Mythril Nugget",2,3,"Dwarven Cotton",3,3,"",0,0,"",0,0,"",0,0,"",0,0,"",0,0,"",0,0,"",0,0,"",0,0,"",0,0
1556,"White Ash Lumber",3,3,"White Ash Log",3,3,"Starch Glue",3,3,"",0,0,"",0,0,"",0,0,"",0,0,"",0,0,"",0,0,"",0,0,"",0,0,"",0,0
1557,"Sandteak Lumber",3,3,"Sandteak Log",3,3,"Titanbronze Ingot",3,3,"",0,0,"",0,0,"",0,0,"",0,0,"",0,0,"",0,0,"",0,0,"",0,0,"",0,0
1558,"Lignum Vitae Lumber",3,3,"Growth Formula Kappa",3,3,"Sea Swallow Leather",3,3,"",0,0,"",0,0,"",0,0,"",0,0,"",0,0,"",0,0,"",0,0,"",0,0,"",0,0
1559,"White Ash Lumber",3,9,"White Ash Log",3,9,"Starch Glue",3,9,"",0,0,"",0,0,"",0,0,"",0,0,"",0,0,"",0,0,"",0,0,"",0,0,"",0,0
1560,"Sandteak Lumber",3,9,"Sandteak Log",3,9,"Titanbronze Ingot",3,9,"",0,0,"",0,0,"",0,0,"",0,0,"",0,0,"",0,0,"",0,0,"",0,0,"",0,0
1561,"Lignum Vitae Lumber",3,9,"Growth Formula Kappa",3,9,"Sea Swallow Leather",3,9,"",0,0,"",0,0,"",0,0,"",0,0,"",0,0,"",0,0,"",0,0,"",0,0,"",0,0
1562,"White Ash Lumber",3,15,"White Ash Log",3,15,"Starch Glue",3,15,"",0,0,"",0,0,"",0,0,"",0,0,"",0,0,"",0,0,"",0,0,"",0,0,"",0,0
1563,"Sandteak Lumber",3,15,"Sandteak Log",3,15,"Titanbronze Ingot",3,15,"",0,0,"",0,0,"",0,0,"",0,0,"",0,0,"",0,0,"",0,0,"",0,0,"",0,0
1564,"Lignum Vitae Lumber",3,15,"Growth Formula Kappa",3,15,"Sea Swallow Leather",3,15,"",0,0,"",0,0,"",0,0,"",0,0,"",0,0,"",0,0,"",0,0,"",0,0,"",0,0
1565,"White Ash Lumber",3,3,"Starch Glue",3,3,"Bluespirit Tile",3,3,"",0,0,"",0,0,"",0,0,"",0,0,"",0,0,"",0,0,"",0,0,"",0,0,"",0,0
1566,"Sandteak Lumber",3,3,"Dwarven Cotton",3,3,"Dwarven Mythril Ingot",3,3,"",0,0,"",0,0,"",0,0,"",0,0,"",0,0,"",0,0,"",0,0,"",0,0,"",0,0
1567,"Lignum Vitae Lumber",3,3,"Dimythrite Ore",3,3,"Dwarven Mythril Nugget",3,3,"Tempered Glass",2,3,"",0,0,"",0,0,"",0,0,"",0,0,"",0,0,"",0,0,"",0,0,"",0,0
1568,"White Ash Lumber",3,9,"Starch Glue",3,9,"Bluespirit Tile",3,9,"",0,0,"",0,0,"",0,0,"",0,0,"",0,0,"",0,0,"",0,0,"",0,0,"",0,0
1569,"Sandteak Lumber",3,9,"Dwarven Cotton",3,9,"Dwarven Mythril Ingot",3,9,"",0,0,"",0,0,"",0,0,"",0,0,"",0,0,"",0,0,"",0,0,"",0,0,"",0,0
1570,"Lignum Vitae Lumber",3,9,"Dimythrite Ore",3,9,"Dwarven Mythril Nugget",3,9,"Tempered Glass",2,3,"",0,0,"",0,0,"",0,0,"",0,0,"",0,0,"",0,0,"",0,0,"",0,0
1571,"White Ash Lumber",3,15,"Starch Glue",3,15,"Bluespirit Tile",3,15,"",0,0,"",0,0,"",0,0,"",0,0,"",0,0,"",0,0,"",0,0,"",0,0,"",0,0
1572,"Sandteak Lumber",3,15,"Dwarven Cotton",3,15,"Dwarven Mythril Ingot",3,15,"",0,0,"",0,0,"",0,0,"",0,0,"",0,0,"",0,0,"",0,0,"",0,0,"",0,0
1573,"Lignum Vitae Lumber",3,15,"Dimythrite Ore",3,15,"Dwarven Mythril Nugget",3,15,"Tempered Glass",2,3,"",0,0,"",0,0,"",0,0,"",0,0,"",0,0,"",0,0,"",0,0,"",0,0
1574,"White Ash Lumber",3,3,"Titanbronze Nugget",3,3,"Green Glider Leather",3,3,"Tempered Glass",2,3,"",0,0,"",0,0,"",0,0,"",0,0,"",0,0,"",0,0,"",0,0,"",0,0
1575,"Sandteak Lumber",3,3,"Titanbronze Ingot",3,3,"Tempered Glass",2,3,"",0,0,"",0,0,"",0,0,"",0,0,"",0,0,"",0,0,"",0,0,"",0,0,"",0,0
1576,"Lignum Vitae Lumber",3,3,"Lignum Vitae Log",3,3,"Dimythrite Ore",3,3,"",0,0,"",0,0,"",0,0,"",0,0,"",0,0,"",0,0,"",0,0,"",0,0,"",0,0
1577,"Lignum Vitae Lumber",3,3,"Dwarven Mythril Nugget",3,3,"Dwarven Cotton",3,3,"",0,0,"",0,0,"",0,0,"",0,0,"",0,0,"",0,0,"",0,0,"",0,0,"",0,0
1578,"Miracle Apple Lumber",3,3,"Miracle Apple Log",3,3,"Starch Glue",3,3,"",0,0,"",0,0,"",0,0,"",0,0,"",0,0,"",0,0,"",0,0,"",0,0,"",0,0
1579,"White Ash Lumber",3,3,"Titanbronze Ingot",3,3,"Pixie Cotton",3,3,"",0,0,"",0,0,"",0,0,"",0,0,"",0,0,"",0,0,"",0,0,"",0,0,"",0,0
1580,"Dwarven Mythril Ingot",3,3,"Dimythrite Ore",3,3,"Sea Swallow Leather",3,3,"",0,0,"",0,0,"",0,0,"",0,0,"",0,0,"",0,0,"",0,0,"",0,0,"",0,0
1581,"Miracle Apple Lumber",3,9,"Miracle Apple Log",3,9,"Starch Glue",3,9,"",0,0,"",0,0,"",0,0,"",0,0,"",0,0,"",0,0,"",0,0,"",0,0,"",0,0
1582,"White Ash Lumber",3,9,"Titanbronze Ingot",3,9,"Pixie Cotton",3,9,"",0,0,"",0,0,"",0,0,"",0,0,"",0,0,"",0,0,"",0,0,"",0,0,"",0,0
1583,"Dwarven Mythril Ingot",3,9,"Dimythrite Ore",3,9,"Sea Swallow Leather",3,9,"",0,0,"",0,0,"",0,0,"",0,0,"",0,0,"",0,0,"",0,0,"",0,0,"",0,0
1584,"Miracle Apple Lumber",3,15,"Miracle Apple Log",3,15,"Starch Glue",3,15,"",0,0,"",0,0,"",0,0,"",0,0,"",0,0,"",0,0,"",0,0,"",0,0,"",0,0
1585,"White Ash Lumber",3,15,"Titanbronze Ingot",3,15,"Titancopper Ore",3,15,"",0,0,"",0,0,"",0,0,"",0,0,"",0,0,"",0,0,"",0,0,"",0,0,"",0,0
1586,"Dwarven Mythril Ingot",3,15,"Dimythrite Ore",3,15,"Sea Swallow Leather",3,15,"",0,0,"",0,0,"",0,0,"",0,0,"",0,0,"",0,0,"",0,0,"",0,0,"",0,0
1587,"Miracle Apple Lumber",3,3,"Starch Glue",3,3,"Bluespirit Tile",3,3,"",0,0,"",0,0,"",0,0,"",0,0,"",0,0,"",0,0,"",0,0,"",0,0,"",0,0
1588,"White Ash Lumber",3,3,"Titancopper Ore",3,3,"Dwarven Mythril Ingot",3,3,"",0,0,"",0,0,"",0,0,"",0,0,"",0,0,"",0,0,"",0,0,"",0,0,"",0,0
1589,"Dwarven Mythril Ingot",3,3,"Dwarven Cotton",3,3,"Dwarven Mythril Nugget",3,3,"Tempered Glass",2,3,"",0,0,"",0,0,"",0,0,"",0,0,"",0,0,"",0,0,"",0,0,"",0,0
1590,"Miracle Apple Lumber",3,9,"Starch Glue",3,9,"Bluespirit Tile",3,9,"",0,0,"",0,0,"",0,0,"",0,0,"",0,0,"",0,0,"",0,0,"",0,0,"",0,0
1591,"White Ash Lumber",3,9,"Titancopper Ore",3,9,"Dwarven Mythril Ingot",3,9,"",0,0,"",0,0,"",0,0,"",0,0,"",0,0,"",0,0,"",0,0,"",0,0,"",0,0
1592,"Dwarven Mythril Ingot",3,9,"Dwarven Cotton",3,9,"Dwarven Mythril Nugget",3,9,"Tempered Glass",2,3,"",0,0,"",0,0,"",0,0,"",0,0,"",0,0,"",0,0,"",0,0,"",0,0
1593,"Miracle Apple Lumber",3,15,"Starch Glue",3,15,"Bluespirit Tile",3,15,"",0,0,"",0,0,"",0,0,"",0,0,"",0,0,"",0,0,"",0,0,"",0,0,"",0,0
1594,"White Ash Lumber",3,15,"Titancopper Ore",3,15,"Dwarven Mythril Ingot",3,15,"",0,0,"",0,0,"",0,0,"",0,0,"",0,0,"",0,0,"",0,0,"",0,0,"",0,0
1595,"Dwarven Mythril Ingot",3,15,"Dwarven Cotton",3,15,"Dwarven Mythril Nugget",3,15,"Tempered Glass",2,3,"",0,0,"",0,0,"",0,0,"",0,0,"",0,0,"",0,0,"",0,0,"",0,0
1596,"Deepgold Nugget",3,3,"Titanbronze Ingot",3,3,"Lignum Vitae Lumber",3,3,"Tempered Glass",2,3,"",0,0,"",0,0,"",0,0,"",0,0,"",0,0,"",0,0,"",0,0,"",0,0
1597,"Green Glider Leather",3,3,"Titanbronze Ingot",3,3,"Tempered Glass",2,3,"",0,0,"",0,0,"",0,0,"",0,0,"",0,0,"",0,0,"",0,0,"",0,0,"",0,0
1598,"Dwarven Mythril Nugget",3,3,"Lignum Vitae Lumber",2,3,"Dimythrite Ore",3,3,"",0,0,"",0,0,"",0,0,"",0,0,"",0,0,"",0,0,"",0,0,"",0,0,"",0,0
1599,"Sandteak Lumber",3,3,"Dwarven Mythril Ingot",2,3,"Dwarven Cotton",3,3,"",0,0,"",0,0,"",0,0,"",0,0,"",0,0,"",0,0,"",0,0,"",0,0,"",0,0
1600,"Horse Chestnut Lumber",3,3,"Palm Log",3,3,"Moon Gel",3,3,"",0,0,"",0,0,"",0,0,"",0,0,"",0,0,"",0,0,"",0,0,"",0,0,"",0,0
1601,"Red Pine Lumber",3,3,"High Durium Ingot",3,3,"High Durium Ore",3,3,"",0,0,"",0,0,"",0,0,"",0,0,"",0,0,"",0,0,"",0,0,"",0,0,"",0,0
1602,"Bismuth Ingot",3,3,"Dark Hempen Cloth",3,3,"Dark Rye Flour",3,3,"",0,0,"",0,0,"",0,0,"",0,0,"",0,0,"",0,0,"",0,0,"",0,0,"",0,0
1603,"Horse Chestnut Lumber",3,9,"Palm Log",3,9,"Moon Gel",3,9,"",0,0,"",0,0,"",0,0,"",0,0,"",0,0,"",0,0,"",0,0,"",0,0,"",0,0
1604,"Red Pine Lumber",3,9,"High Durium Ingot",3,9,"High Durium Ore",3,9,"",0,0,"",0,0,"",0,0,"",0,0,"",0,0,"",0,0,"",0,0,"",0,0,"",0,0
1605,"Bismuth Ingot",3,9,"Dark Hempen Cloth",3,9,"Dark Rye Flour",3,9,"",0,0,"",0,0,"",0,0,"",0,0,"",0,0,"",0,0,"",0,0,"",0,0,"",0,0
1606,"Horse Chestnut Lumber",3,15,"Palm Log",3,15,"Moon Gel",3,15,"",0,0,"",0,0,"",0,0,"",0,0,"",0,0,"",0,0,"",0,0,"",0,0,"",0,0
1607,"Red Pine Lumber",3,15,"High Durium Ingot",3,15,"High Durium Ore",3,15,"",0,0,"",0,0,"",0,0,"",0,0,"",0,0,"",0,0,"",0,0,"",0,0,"",0,0
1608,"Bismuth Ingot",3,15,"Dark Hempen Cloth",3,15,"Dark Rye Flour",3,15,"",0,0,"",0,0,"",0,0,"",0,0,"",0,0,"",0,0,"",0,0,"",0,0,"",0,0
1609,"Horse Chestnut Lumber",3,3,"Moon Gel",3,3,"Gaja Leather",3,3,"",0,0,"",0,0,"",0,0,"",0,0,"",0,0,"",0,0,"",0,0,"",0,0,"",0,0
1610,"Red Pine Lumber",3,3,"Bismuth Ore",3,3,"High Durium Ingot",3,3,"",0,0,"",0,0,"",0,0,"",0,0,"",0,0,"",0,0,"",0,0,"",0,0,"",0,0
1611,"Bismuth Ingot",3,3,"Northern Sea Salt",3,3,"Pewter Ingot",3,3,"Tempered Glass",2,3,"",0,0,"",0,0,"",0,0,"",0,0,"",0,0,"",0,0,"",0,0,"",0,0
1612,"Horse Chestnut Lumber",3,9,"Moon Gel",3,9,"Gaja Leather",3,9,"",0,0,"",0,0,"",0,0,"",0,0,"",0,0,"",0,0,"",0,0,"",0,0,"",0,0
1613,"Red Pine Lumber",3,9,"Bismuth Ore",3,9,"High Durium Ingot",3,9,"",0,0,"",0,0,"",0,0,"",0,0,"",0,0,"",0,0,"",0,0,"",0,0,"",0,0
1614,"Bismuth Ingot",3,9,"Northern Sea Salt",3,9,"Pewter Ingot",3,9,"Tempered Glass",2,3,"",0,0,"",0,0,"",0,0,"",0,0,"",0,0,"",0,0,"",0,0,"",0,0
1615,"Horse Chestnut Lumber",3,15,"Moon Gel",3,15,"Gaja Leather",3,15,"",0,0,"",0,0,"",0,0,"",0,0,"",0,0,"",0,0,"",0,0,"",0,0,"",0,0
1616,"Red Pine Lumber",3,15,"Bismuth Ore",3,15,"High Durium Ingot",3,15,"",0,0,"",0,0,"",0,0,"",0,0,"",0,0,"",0,0,"",0,0,"",0,0,"",0,0
1617,"Bismuth Ingot",3,15,"Northern Sea Salt",3,15,"Pewter Ingot",3,15,"Tempered Glass",2,3,"",0,0,"",0,0,"",0,0,"",0,0,"",0,0,"",0,0,"",0,0,"",0,0
1618,"High Durium Ore",3,3,"High Durium Ingot",3,3,"Red Pine Lumber",3,3,"Tempered Glass",2,3,"",0,0,"",0,0,"",0,0,"",0,0,"",0,0,"",0,0,"",0,0,"",0,0
1619,"Gaja Leather",3,3,"Pewter Ingot",3,3,"Tempered Glass",2,3,"",0,0,"",0,0,"",0,0,"",0,0,"",0,0,"",0,0,"",0,0,"",0,0,"",0,0
1620,"Phrygian Gold Ingot",3,3,"Red Pine Lumber",3,3,"Bismuth Ore",3,3,"",0,0,"",0,0,"",0,0,"",0,0,"",0,0,"",0,0,"",0,0,"",0,0,"",0,0
1621,"Horse Chestnut Lumber",3,3,"Bismuth Ingot",3,3,"Dark Hempen Cloth",3,3,"",0,0,"",0,0,"",0,0,"",0,0,"",0,0,"",0,0,"",0,0,"",0,0,"",0,0
1622,"Palm Log",3,3,"Moon Gel",3,3,"Coconut",3,3,"",0,0,"",0,0,"",0,0,"",0,0,"",0,0,"",0,0,"",0,0,"",0,0,"",0,0
1623,"Red Pine Lumber",3,3,"Sykon",3,3,"Dark Rye Flour",3,3,"",0,0,"",0,0,"",0,0,"",0,0,"",0,0,"",0,0,"",0,0,"",0,0,"",0,0
1624,"Elder Nutmeg Seeds",3,3,"Sideritis Cookie",3,3,"Palm Sugar",3,3,"",0,0,"",0,0,"",0,0,"",0,0,"",0,0,"",0,0,"",0,0,"",0,0,"",0,0
1625,"Palm Log",3,9,"Moon Gel",3,9,"Coconut",3,9,"",0,0,"",0,0,"",0,0,"",0,0,"",0,0,"",0,0,"",0,0,"",0,0,"",0,0
1626,"Red Pine Lumber",3,9,"Sykon",3,9,"Dark Rye Flour",3,9,"",0,0,"",0,0,"",0,0,"",0,0,"",0,0,"",0,0,"",0,0,"",0,0,"",0,0
1627,"Elder Nutmeg Seeds",3,9,"Sideritis Cookie",3,9,"Palm Sugar",3,9,"",0,0,"",0,0,"",0,0,"",0,0,"",0,0,"",0,0,"",0,0,"",0,0,"",0,0
1628,"Palm Log",3,15,"Moon Gel",3,15,"Coconut",3,15,"",0,0,"",0,0,"",0,0,"",0,0,"",0,0,"",0,0,"",0,0,"",0,0,"",0,0
1629,"Red Pine Lumber",3,15,"Sykon",3,15,"Dark Rye Flour",3,15,"",0,0,"",0,0,"",0,0,"",0,0,"",0,0,"",0,0,"",0,0,"",0,0,"",0,0
1630,"Elder Nutmeg Seeds",3,15,"Sideritis Cookie",3,15,"Palm Sugar",3,15,"",0,0,"",0,0,"",0,0,"",0,0,"",0,0,"",0,0,"",0,0,"",0,0,"",0,0
1631,"Palm Log",3,3,"Moon Gel",3,3,"Coconut",3,3,"",0,0,"",0,0,"",0,0,"",0,0,"",0,0,"",0,0,"",0,0,"",0,0,"",0,0
1632,"Red Pine Lumber",3,3,"Sykon",3,3,"Dark Rye Flour",3,3,"",0,0,"",0,0,"",0,0,"",0,0,"",0,0,"",0,0,"",0,0,"",0,0,"",0,0
1633,"Assorted Fruit",1,3,"Sideritis Cookie",3,3,"Palm Sugar",3,3,"Moon Gel",3,3,"",0,0,"",0,0,"",0,0,"",0,0,"",0,0,"",0,0,"",0,0,"",0,0
1634,"Palm Log",3,9,"Moon Gel",3,9,"Coconut",3,9,"",0,0,"",0,0,"",0,0,"",0,0,"",0,0,"",0,0,"",0,0,"",0,0,"",0,0
1635,"Red Pine Lumber",3,9,"Sykon",3,9,"Dark Rye Flour",3,9,"",0,0,"",0,0,"",0,0,"",0,0,"",0,0,"",0,0,"",0,0,"",0,0,"",0,0
1636,"Assorted Fruit",1,9,"Sideritis Cookie",3,9,"Palm Sugar",3,9,"Moon Gel",3,3,"",0,0,"",0,0,"",0,0,"",0,0,"",0,0,"",0,0,"",0,0,"",0,0
1637,"Palm Log",3,15,"Moon Gel",3,15,"Coconut",3,15,"",0,0,"",0,0,"",0,0,"",0,0,"",0,0,"",0,0,"",0,0,"",0,0,"",0,0
1638,"Red Pine Lumber",3,15,"Sykon",3,15,"Dark Rye Flour",3,15,"",0,0,"",0,0,"",0,0,"",0,0,"",0,0,"",0,0,"",0,0,"",0,0,"",0,0
1639,"Assorted Fruit",1,15,"Sideritis Cookie",3,15,"Palm Sugar",3,15,"Moon Gel",3,3,"",0,0,"",0,0,"",0,0,"",0,0,"",0,0,"",0,0,"",0,0,"",0,0
1640,"Sideritis Cookie",3,3,"Palm Sugar",3,3,"Coconut",3,3,"Moon Gel",3,3,"",0,0,"",0,0,"",0,0,"",0,0,"",0,0,"",0,0,"",0,0,"",0,0
1641,"Palm Sugar",3,3,"Dark Rye Flour",3,3,"Moon Gel",3,3,"",0,0,"",0,0,"",0,0,"",0,0,"",0,0,"",0,0,"",0,0,"",0,0,"",0,0
1642,"Palm Sugar",3,3,"Dark Rye Flour",3,3,"Moon Gel",3,3,"",0,0,"",0,0,"",0,0,"",0,0,"",0,0,"",0,0,"",0,0,"",0,0,"",0,0
1643,"Sideritis Cookie",3,3,"Palm Sugar",3,3,"Moon Gel",3,3,"",0,0,"",0,0,"",0,0,"",0,0,"",0,0,"",0,0,"",0,0,"",0,0,"",0,0
1644,"Larch Log",3,3,"Oroshigane Ingot",3,3,"Granite",3,3,"",0,0,"",0,0,"",0,0,"",0,0,"",0,0,"",0,0,"",0,0,"",0,0,"",0,0
1645,"Larch Lumber",3,3,"Pewter Ingot",3,3,"Mortar",3,3,"",0,0,"",0,0,"",0,0,"",0,0,"",0,0,"",0,0,"",0,0,"",0,0,"",0,0
1646,"Red Pine Lumber",3,3,"Bamboo Stick",3,3,"Mortar",3,3,"",0,0,"",0,0,"",0,0,"",0,0,"",0,0,"",0,0,"",0,0,"",0,0,"",0,0
1647,"Larch Log",3,9,"Oroshigane Ingot",3,9,"Granite",3,9,"",0,0,"",0,0,"",0,0,"",0,0,"",0,0,"",0,0,"",0,0,"",0,0,"",0,0
1648,"Larch Lumber",3,9,"Pewter Ingot",3,9,"Mortar",3,9,"",0,0,"",0,0,"",0,0,"",0,0,"",0,0,"",0,0,"",0,0,"",0,0,"",0,0
1649,"Red Pine Lumber",3,9,"Bamboo Stick",3,9,"Mortar",3,9,"",0,0,"",0,0,"",0,0,"",0,0,"",0,0,"",0,0,"",0,0,"",0,0,"",0,0
1650,"Larch Log",3,15,"Oroshigane Ingot",3,15,"Granite",3,15,"",0,0,"",0,0,"",0,0,"",0,0,"",0,0,"",0,0,"",0,0,"",0,0,"",0,0
1651,"Larch Lumber",3,15,"Pewter Ingot",3,15,"Mortar",3,15,"",0,0,"",0,0,"",0,0,"",0,0,"",0,0,"",0,0,"",0,0,"",0,0,"",0,0
1652,"Red Pine Lumber",3,15,"Bamboo Stick",3,15,"Mortar",3,15,"",0,0,"",0,0,"",0,0,"",0,0,"",0,0,"",0,0,"",0,0,"",0,0,"",0,0
1653,"Larch Log",3,3,"Bismuth Ore",3,3,"Roof Tile",3,3,"",0,0,"",0,0,"",0,0,"",0,0,"",0,0,"",0,0,"",0,0,"",0,0,"",0,0
1654,"Larch Lumber",3,3,"Red Pine Log",3,3,"Roof Tile",3,3,"",0,0,"",0,0,"",0,0,"",0,0,"",0,0,"",0,0,"",0,0,"",0,0,"",0,0
1655,"Red Pine Lumber",3,3,"Bamboo Stick",3,3,"High Durium Ingot",3,3,"Roof Tile",3,3,"",0,0,"",0,0,"",0,0,"",0,0,"",0,0,"",0,0,"",0,0,"",0,0
1656,"Larch Log",3,9,"Bismuth Ore",3,9,"Roof Tile",3,9,"",0,0,"",0,0,"",0,0,"",0,0,"",0,0,"",0,0,"",0,0,"",0,0,"",0,0
1657,"Larch Lumber",3,9,"Red Pine Log",3,9,"Roof Tile",3,9,"",0,0,"",0,0,"",0,0,"",0,0,"",0,0,"",0,0,"",0,0,"",0,0,"",0,0
1658,"Red Pine Lumber",3,9,"Bamboo Stick",3,9,"High Durium Ingot",3,9,"Roof Tile",3,3,"",0,0,"",0,0,"",0,0,"",0,0,"",0,0,"",0,0,"",0,0,"",0,0
1659,"Larch Log",3,15,"Bismuth Ore",3,15,"Roof Tile",3,15,"",0,0,"",0,0,"",0,0,"",0,0,"",0,0,"",0,0,"",0,0,"",0,0,"",0,0
1660,"Larch Lumber",3,15,"Red Pine Log",3,15,"Roof Tile",3,15,"",0,0,"",0,0,"",0,0,"",0,0,"",0,0,"",0,0,"",0,0,"",0,0,"",0,0
1661,"Red Pine Lumber",3,15,"Bamboo Stick",3,15,"High Durium Ingot",3,15,"Roof Tile",3,3,"",0,0,"",0,0,"",0,0,"",0,0,"",0,0,"",0,0,"",0,0,"",0,0
1662,"Red Pine Lumber",3,3,"Dark Hempen Cloth",3,3,"Mortar",3,3,"Roof Tile",3,3,"",0,0,"",0,0,"",0,0,"",0,0,"",0,0,"",0,0,"",0,0,"",0,0
1663,"Red Pine Lumber",3,3,"Pewter Ingot",3,3,"Tempered Glass",2,3,"",0,0,"",0,0,"",0,0,"",0,0,"",0,0,"",0,0,"",0,0,"",0,0,"",0,0
1664,"Red Pine Lumber",3,3,"Bamboo Stick",3,3,"Roof Tile",3,3,"",0,0,"",0,0,"",0,0,"",0,0,"",0,0,"",0,0,"",0,0,"",0,0,"",0,0
1665,"Red Pine Lumber",3,3,"Mortar",3,3,"Roof Tile",3,3,"",0,0,"",0,0,"",0,0,"",0,0,"",0,0,"",0,0,"",0,0,"",0,0,"",0,0
1666,"Ginseng Lumber",3,3,"Ceiba Log",3,3,"Growth Formula Lambda",3,3,"",0,0,"",0,0,"",0,0,"",0,0,"",0,0,"",0,0,"",0,0,"",0,0,"",0,0
1667,"Mountain Linen",3,3,"Ruthenium Ore",3,3,"Firebricks",2,3,"",0,0,"",0,0,"",0,0,"",0,0,"",0,0,"",0,0,"",0,0,"",0,0,"",0,0
1668,"Ceiba Lumber",3,3,"Mountain Chromite Ingot",3,3,"Dark Mahogany Log",3,3,"",0,0,"",0,0,"",0,0,"",0,0,"",0,0,"",0,0,"",0,0,"",0,0,"",0,0
1669,"Ginseng Lumber",3,9,"Ceiba Log",3,9,"Growth Formula Lambda",3,9,"",0,0,"",0,0,"",0,0,"",0,0,"",0,0,"",0,0,"",0,0,"",0,0,"",0,0
1670,"Mountain Linen",3,9,"Ruthenium Ore",3,9,"Firebricks",2,3,"",0,0,"",0,0,"",0,0,"",0,0,"",0,0,"",0,0,"",0,0,"",0,0,"",0,0
1671,"Ceiba Lumber",3,9,"Mountain Chromite Ingot",3,9,"Dark Mahogany Log",3,9,"",0,0,"",0,0,"",0,0,"",0,0,"",0,0,"",0,0,"",0,0,"",0,0,"",0,0
1672,"Ginseng Lumber",3,15,"Ceiba Log",3,15,"Growth Formula Lambda",3,15,"",0,0,"",0,0,"",0,0,"",0,0,"",0,0,"",0,0,"",0,0,"",0,0,"",0,0
1673,"Mountain Linen",3,15,"Ruthenium Ore",3,15,"Firebricks",2,3,"",0,0,"",0,0,"",0,0,"",0,0,"",0,0,"",0,0,"",0,0,"",0,0,"",0,0
1674,"Ceiba Lumber",3,15,"Mountain Chromite Ingot",3,15,"Dark Mahogany Log",3,15,"",0,0,"",0,0,"",0,0,"",0,0,"",0,0,"",0,0,"",0,0,"",0,0,"",0,0
1675,"Ginseng Lumber",3,3,"Mountain Chromite Ore",3,3,"Hammerhead Crocodile Leather",3,3,"",0,0,"",0,0,"",0,0,"",0,0,"",0,0,"",0,0,"",0,0,"",0,0,"",0,0
1676,"Ceiba Lumber",3,3,"Dark Mahogany Log",3,3,"Growth Formula Lambda",3,3,"",0,0,"",0,0,"",0,0,"",0,0,"",0,0,"",0,0,"",0,0,"",0,0,"",0,0
1677,"Dark Mahogany Lumber",3,3,"Ruthenium Ingot",3,3,"Lar Ingot",3,3,"Tempered Glass",2,3,"",0,0,"",0,0,"",0,0,"",0,0,"",0,0,"",0,0,"",0,0,"",0,0
1678,"Ginseng Lumber",3,9,"Mountain Chromite Ore",3,9,"Hammerhead Crocodile Leather",3,9,"",0,0,"",0,0,"",0,0,"",0,0,"",0,0,"",0,0,"",0,0,"",0,0,"",0,0
1679,"Ceiba Lumber",3,9,"Dark Mahogany Log",3,9,"Growth Formula Lambda",3,9,"",0,0,"",0,0,"",0,0,"",0,0,"",0,0,"",0,0,"",0,0,"",0,0,"",0,0
1680,"Dark Mahogany Lumber",3,9,"Ruthenium Ingot",3,9,"Lar Ingot",3,9,"Tempered Glass",2,3,"",0,0,"",0,0,"",0,0,"",0,0,"",0,0,"",0,0,"",0,0,"",0,0
1681,"Ginseng Lumber",3,15,"Mountain Chromite Ore",3,15,"Hammerhead Crocodile Leather",3,15,"",0,0,"",0,0,"",0,0,"",0,0,"",0,0,"",0,0,"",0,0,"",0,0,"",0,0
1682,"Ceiba Lumber",3,15,"Dark Mahogany Log",3,15,"Growth Formula Lambda",3,15,"",0,0,"",0,0,"",0,0,"",0,0,"",0,0,"",0,0,"",0,0,"",0,0,"",0,0
1683,"Dark Mahogany Lumber",3,15,"Ruthenium Ingot",3,15,"Lar Ingot",3,15,"Tempered Glass",2,3,"",0,0,"",0,0,"",0,0,"",0,0,"",0,0,"",0,0,"",0,0,"",0,0
1684,"Ginseng Lumber",3,3,"Cobalt Tungsten Ingot",3,3,"Dark Mahogany Log",3,3,"Tempered Glass",2,3,"",0,0,"",0,0,"",0,0,"",0,0,"",0,0,"",0,0,"",0,0,"",0,0
1685,"Ceiba Lumber",3,3,"Lar Ingot",3,3,"Tempered Glass",2,3,"",0,0,"",0,0,"",0,0,"",0,0,"",0,0,"",0,0,"",0,0,"",0,0,"",0,0
1686,"Ginseng Lumber",3,3,"Mountain Chromite Ingot",3,3,"Growth Formula Lambda",3,3,"",0,0,"",0,0,"",0,0,"",0,0,"",0,0,"",0,0,"",0,0,"",0,0,"",0,0
1687,"Ceiba Lumber",3,3,"Cobalt Tungsten Ingot",3,3,"Lar Ingot",3,3,"",0,0,"",0,0,"",0,0,"",0,0,"",0,0,"",0,0,"",0,0,"",0,0,"",0,0
