﻿key,0,1,2,3,4
#,Group,Key,LookupTable,Text,GroupTitle
int32,uint16,uint16,str,str,str
100,1,0,"@","【Languages】","Languages."
101,1,1,"","Please use the auto-translate function.","-"
102,1,10,"","Japanese language","-"
103,1,11,"","English language","-"
104,1,12,"","French language","-"
105,1,13,"","German language","-"
106,1,31,"","Can you speak Japanese?","-"
107,1,32,"","Can you speak English?","-"
108,1,33,"","Can you speak French?","-"
109,1,34,"","Can you speak German?","-"
110,1,41,"","I don't speak any English.","-"
111,1,40,"","I don't speak any Japanese.","-"
112,1,42,"","I don't speak any French.","-"
113,1,43,"","I don't speak any German.","-"
114,1,20,"","Please listen.","-"
115,1,21,"","Can you hear me?","-"
116,1,22,"","I can speak a little.","-"
117,1,23,"","I can understand a little.","-"
118,1,24,"","Please use simple words.","-"
119,1,25,"","Please do not abbreviate your words.","-"
120,1,26,"","I need some time to put together my answer.","-"
121,1,30,"","What is your native language?","-"
200,2,0,"@","【Greetings】","Greetings."
201,2,1,"","Nice to meet you.","-"
202,2,2,"","Good morning!","-"
203,2,3,"","Hello!","-"
204,2,4,"","Good evening!","-"
205,2,5,"","Good night!","-"
206,2,6,"","Good-bye.","-"
207,2,7,"","I had fun today!","-"
208,2,8,"","See you again!","-"
209,2,9,"","Let's play together again sometime!","-"
210,2,10,"","I'm back!","-"
211,2,11,"","Welcome back.","-"
212,2,12,"","Congratulations!","-"
213,2,13,"","Good job!","-"
214,2,14,"","Good luck!","-"
215,2,15,"","All right!","-"
216,2,16,"","Thank you.","-"
217,2,17,"","You're welcome.","-"
218,2,18,"","Take care.","-"
219,2,19,"","I'm sorry.","-"
220,2,20,"","Please forgive me.","-"
221,2,21,"","That's too bad.","-"
222,2,22,"","Excuse me...","-"
223,2,23,"","Have a safe journey.","-"
224,2,24,"","This is my first time here.","-"
225,2,25,"","I'm looking forward to it!","-"
226,2,26,"","Good game!","-"
227,2,27,"","Let's do it!","-"
228,2,28,"","Thank you. I must now take my leave.","-"
229,2,29,"","Let's have some fun!","-"
230,2,31,"","I'll do my best!","-"
231,2,30,"","Let's give it our best shot!","-"
232,2,32,"","This should be fun!","-"
233,2,33,"","If we stay cool, everything will be fine!","-"
300,3,0,"@","【Questions】","Questions."
301,3,1,"","Who?","-"
302,3,2,"","Which?","-"
303,3,3,"","How?","-"
304,3,4,"","What?","-"
305,3,5,"","When?","-"
306,3,6,"","How many?","-"
307,3,7,"","Where?","-"
308,3,8,"","Why?","-"
309,3,9,"","How come?","-"
310,3,10,"","Where shall we go?","-"
311,3,11,"","Can you do it?","-"
312,3,12,"","Do you need any help?","-"
313,3,13,"","Which levequest shall we do?","-"
314,3,14,"","Which duties can you do?","-"
315,3,15,"","Do you have it?","-"
316,3,16,"","What weapons can you use?","-"
317,3,17,"","What other classes can you use?","-"
318,3,18,"","What other roles can you cover?","-"
319,3,19,"","Do you have it set?","-"
320,3,20,"","What's the battle plan?","-"
321,3,21,"","Can I add you to my friend list?","-"
322,3,22,"","Shall we take a break?","-"
323,3,23,"","Do you want me to repair it?","-"
324,3,24,"","Can you repair it for me?","-"
325,3,25,"","Do you want me to meld materia to it?","-"
326,3,26,"","Can you meld materia for me?","-"
327,3,27,"","Would you join my party?","-"
328,3,28,"","Can I join your party?","-"
329,3,29,"","Should we disband?","-"
330,3,30,"","Do you want to join my linkshell?","-"
331,3,31,"","Can I join your linkshell?","-"
332,3,32,"","Do you want to join my free company?","-"
333,3,33,"","Can I join your free company?","-"
334,3,34,"","What are you doing?","-"
335,3,35,"","How about a game of Triple Triad?","-"
336,3,36,"","Can we change the rules?","-"
337,3,37,"","How about joining a Triple Triad tournament?","-"
338,3,38,"","Do you have enough MP?","-"
339,3,39,"","Is there anything you don't understand?","-"
340,3,40,"","Did you see it?","-"
341,3,41,"","How should we handle this?","-"
342,3,42,"","What's our strategy?","-"
343,3,43,"","Do you want to ride together?","-"
344,3,44,"","Can I ride with you?","-"
400,4,0,"@","【Answers】","Answers."
401,4,1,"","I don't understand.","-"
402,4,2,"","No thanks.","-"
403,4,3,"","Yes, please.","-"
404,4,4,"","If you would be so kind.","-"
405,4,5,"","Understood.","-"
406,4,6,"","I'm sorry. I'm busy now.","-"
407,4,7,"","I'm playing solo right now.","-"
408,4,8,"","I don't know how to answer that question.","-"
409,4,9,"","I see.","-"
410,4,10,"","Thanks for the offer, but I'll have to pass.","-"
411,4,11,"","That's interesting.","-"
412,4,12,"","Um...","-"
413,4,13,"","Huh!?","-"
414,4,14,"","Really?","-"
415,4,15,"","Hmmm.","-"
416,4,16,"","I have to go soon.","-"
417,4,17,"","I'd like another match.","-"
418,4,18,"","Let's call it a day.","-"
419,4,19,"","I'd like to take a break.","-"
420,4,20,"","Probably.","-"
500,5,0,"@","【Reasons】","Reasons."
501,5,1,"","Casting spell.","-"
502,5,2,"","Time for work!","-"
503,5,3,"","I have plans.","-"
504,5,4,"","I'm sleepy.","-"
505,5,5,"","I'm tired.","-"
506,5,6,"","Have stuff to do, gotta go!","-"
507,5,7,"","I don't feel well.","-"
508,5,8,"","I'm not up for it.","-"
509,5,9,"","I'm interested.","-"
510,5,10,"","I'm bound by duty.","-"
511,5,11,"","Fighting right now!","-"
512,5,12,"","I want to make money.","-"
513,5,13,"","I don't remember.","-"
514,5,14,"","I don't know.","-"
515,5,15,"","Just used it.","-"
516,5,16,"","I want experience points.","-"
517,5,17,"","Oops!","-"
518,5,18,"","I already have an invite.","-"
519,5,19,"","I already have one.","-"
520,5,20,"","No longer recruiting.","-"
521,5,21,"","I'm getting ready now.","-"
522,5,22,"","My hands are full.","-"
523,5,23,"","We're chewing the fat.","-"
524,5,24,"","I seem to have misplaced my keyboard.","-"
525,5,25,"","I'm checking things out.","-"
600,6,0,"@","【Trade】","Trade."
601,6,1,"","Can I have it?","-"
602,6,2,"","Can you do it for me?","-"
603,6,3,"","Lower the price?","-"
604,6,4,"","Buy?","-"
605,6,5,"","Sell?","-"
606,6,6,"","Trade?","-"
607,6,7,"","Do you need it?","-"
608,6,8,"","Can you make it?","-"
609,6,9,"","Do you have it?","-"
610,6,10,"","What materials are needed?","-"
611,6,11,"","I don't have any money.","-"
612,6,12,"","I don't have the item.","-"
613,6,13,"","I don't have anything to give you.","-"
614,6,14,"","You can have this.","-"
615,6,15,"","Please.","-"
616,6,16,"","Reward:","-"
617,6,17,"","Price:","-"
618,6,18,"","delivery","-"
700,7,0,"@","【Organize】","Organize."
701,7,1,"","Looking for members.","-"
702,7,2,"","Gather together.","-"
703,7,3,"","Team up?","-"
704,7,4,"","Are you alone?","-"
705,7,5,"","Any vacancies?","-"
706,7,6,"","Please invite me.","-"
707,7,7,"","Please let me join.","-"
708,7,8,"","Who is the leader?","-"
709,7,9,"","Just for a short time is fine.","-"
710,7,10,"","Our party's full.","-"
711,7,11,"","Please assist.","-"
712,7,12,"","Disbanding party.","-"
713,7,13,"","Taking a break.","-"
714,7,14,"","Looking for party.","-"
715,7,15,"","light party","-"
716,7,16,"","full party","-"
717,7,17,"","I'm inexperienced.","-"
718,7,18,"","Should we find some replacements?","-"
800,8,0,"@","【Tactics】","Tactics."
801,8,201,"","Please follow.","-"
802,8,202,"","I'll follow you.","-"
803,8,203,"","Please check it.","-"
804,8,204,"","Found it!","-"
805,8,1,"","Full attack!","-"
806,8,2,"","Pull back.","-"
807,8,3,"","Watch your aggro!","-"
808,8,4,"","Defeat this one first!","-"
809,8,5,"","Please don't attack.","-"
810,8,6,"","Hold the target!","-"
811,8,7,"","Please deactivate it.","-"
812,8,8,"","Heal!","-"
813,8,9,"","Cast it!","-"
814,8,10,"","Run away!","-"
815,8,11,"","Help me out!","-"
816,8,12,"","Stop!","-"
817,8,13,"","Standing by.","-"
818,8,14,"","None left.","-"
819,8,15,"","Don't have it.","-"
820,8,16,"","Please use it sparingly.","-"
821,8,17,"","I'll use it sparingly.","-"
822,8,18,"","My gear is in poor condition.","-"
823,8,19,"","Ready!","-"
824,8,100,"","Please set enemy marks.","-"
825,8,20,"","Please use it.","-"
826,8,205,"","Let's rest for a while.","-"
827,8,21,"","Pulling enemy over.","-"
828,8,22,"","Drawing enemy over.","-"
829,8,206,"","Wait, please.","-"
830,8,207,"","Let's meet there.","-"
831,8,208,"","Let's move.","-"
832,8,209,"","Stay there.","-"
833,8,210,"","On my way.","-"
834,8,211,"","Will be right back.","-"
835,8,212,"","Roll for loot, please.","-"
836,8,300,"","Weakness:","-"
837,8,301,"","Beware of","-"
838,8,302,"","Recommended:","-"
839,8,303,"","Kill Order:","-"
840,8,304,"","I want","-"
841,8,23,"","Please draw enmity.","-"
842,8,24,"","The enemy is near!","-"
843,8,25,"","Don't worry about it.","-"
844,8,26,"","Please ignore that.","-"
845,8,1105,"","Switch.","-"
846,8,27,"","Change with me.","-"
847,8,28,"","I'll deal the first blow.","-"
848,8,200,"","Let's take it slow.","-"
849,8,30,"","Do it!","-"
850,8,305,"","Direction:","-"
851,8,31,"","Avoid the attack!","-"
852,8,32,"","Turn away.","-"
853,8,33,"","Get hit.","-"
854,8,34,"","Pull the enemy away.","-"
855,8,35,"","Move away.","-"
856,8,36,"","Come closer.","-"
857,8,37,"","Carry it.","-"
859,8,39,"","Cut the link!","-"
860,8,40,"","Keep it busy.","-"
861,8,41,"","Take them down at the same time!","-"
862,8,42,"","Hide!","-"
863,8,43,"","Mounting machina!","-"
864,8,44,"","Mount the machina!","-"
900,9,0,"@","【Roles】","Roles."
901,9,1,"","leader","-"
902,9,2,"","master","-"
903,9,10,"","Disciples of War","-"
904,9,11,"","Disciples of Magic","-"
905,9,12,"","Disciples of the Land","-"
906,9,13,"","Disciples of the Hand","-"
907,9,20,"","tank","-"
908,9,23,"","melee","-"
909,9,24,"","ranged","-"
910,9,21,"","healer","-"
911,9,26,"","buffer","-"
912,9,25,"","caster","-"
913,9,22,"","DPS","-"
950,10,0,"@","【Locations】","Locations."
951,10,1,"","position","-"
952,10,13,"","north","-"
953,10,12,"","south","-"
954,10,10,"","east","-"
955,10,11,"","west","-"
956,10,20,"","up","-"
957,10,21,"","down","-"
958,10,23,"","right","-"
959,10,22,"","left","-"
960,10,30,"","front side","-"
961,10,31,"","back","-"
962,10,43,"","side","-"
963,10,40,"","front","-"
964,10,46,"","middle","-"
965,10,41,"","flank","-"
966,10,44,"","inside","-"
967,10,45,"","outside","-"
968,10,50,"","this way","-"
969,10,51,"","over there","-"
970,10,52,"","that way","-"
971,10,53,"","closer","-"
972,10,54,"","farther","-"
973,10,60,"","entrance","-"
974,10,61,"","exit","-"
975,10,42,"","rear","-"
976,10,70,"","one o'clock","-"
977,10,71,"","two o'clock","-"
978,10,72,"","three o'clock","-"
979,10,73,"","four o'clock","-"
980,10,74,"","five o'clock","-"
981,10,75,"","six o'clock","-"
982,10,76,"","seven o'clock","-"
983,10,77,"","eight o'clock","-"
984,10,78,"","nine o'clock","-"
985,10,79,"","ten o'clock","-"
986,10,80,"","eleven o'clock","-"
987,10,81,"","twelve o'clock","-"
1000,11,0,"@","【Time】","Time."
1001,11,3,"","day before yesterday","-"
1002,11,2,"","yesterday","-"
1003,11,1,"","today","-"
1004,11,4,"","tomorrow","-"
1005,11,5,"","day after tomorrow","-"
1006,11,11,"","last week","-"
1007,11,10,"","this week","-"
1008,11,12,"","next week","-"
1009,11,20,"","a.m.","-"
1010,11,21,"","p.m.","-"
1011,11,30,"","morning","-"
1012,11,31,"","afternoon","-"
1013,11,32,"","night","-"
1014,11,40,"","day of the week","-"
1015,11,41,"","Sunday","-"
1016,11,42,"","Monday","-"
1017,11,43,"","Tuesday","-"
1018,11,44,"","Wednesday","-"
1019,11,45,"","Thursday","-"
1020,11,46,"","Friday","-"
1021,11,47,"","Saturday","-"
1022,11,50,"","holiday","-"
1023,11,51,"","break","-"
1024,11,60,"","long time","-"
1025,11,61,"","short time","-"
1026,11,70,"","date","-"
1027,11,75,"","second","-"
1028,11,74,"","minute","-"
1029,11,71,"","hour","-"
1030,11,73,"","month","-"
1031,11,72,"","year","-"
1032,11,120,"","January","-"
1033,11,121,"","February","-"
1034,11,122,"","March","-"
1035,11,123,"","April","-"
1036,11,124,"","May","-"
1037,11,125,"","June","-"
1038,11,126,"","July","-"
1039,11,127,"","August","-"
1040,11,128,"","September","-"
1041,11,129,"","October","-"
1042,11,130,"","November","-"
1043,11,131,"","December","-"
1044,11,81,"","last month","-"
1045,11,80,"","this month","-"
1046,11,82,"","next month","-"
1047,11,84,"","last year","-"
1048,11,83,"","this year","-"
1049,11,85,"","next year","-"
1050,11,90,"","now","-"
1051,11,91,"","soon","-"
1052,11,92,"","any time","-"
1053,11,100,"","first","-"
1054,11,101,"","last","-"
1055,11,110,"","waiting time","-"
1056,11,111,"","time remaining","-"
1057,11,112,"","end time","-"
1058,11,140,"","Sixth Astral Era","-"
1059,11,141,"","Seventh Umbral Era","-"
1060,11,142,"","Seventh Astral Era","-"
1061,11,93,"","before","-"
1062,11,94,"","after","-"
1150,13,0,"@","【Transportation】","Transportation."
1151,13,2,"","walk","-"
1152,13,1,"","run","-"
1153,13,3,"","follow","-"
1154,13,10,"","chocobo","-"
1155,13,11,"","personal chocobo","-"
1156,13,12,"","rental chocobo","-"
1157,13,13,"","chocobo porter","-"
1158,13,20,"","mount","-"
1159,13,30,"","Teleport","-"
1160,13,31,"","Return","-"
1161,13,33,"","Aethernet","-"
1162,13,34,"","airship","-"
1163,13,32,"","Home Point","-"
1164,13,35,"","ferry","-"
1165,13,21,"","flying mount","-"
1200,14,0,"@","【Facilities】","Facilities."
1201,14,10,"","aetheryte","-"
1202,14,11,"","city-state aetheryte","-"
1203,14,20,"","Adventurers' Guild","-"
1204,14,21,"","guild","-"
1205,14,30,"","shop","-"
1206,14,31,"","chocobo stop","-"
1207,14,90,"","inn","-"
1208,14,32,"","summoning bell","-"
1209,14,42,"","sanctuary","-"
1210,14,39,"","levemete","-"
1211,14,40,"","linkshell distributor","-"
1212,14,33,"","market board","-"
1213,14,41,"","retainer vocate","-"
1214,14,34,"","armor mender","-"
1215,14,71,"","landing","-"
1216,14,35,"","delivery moogle","-"
1217,14,72,"","docks","-"
1218,14,73,"","ferry docks","-"
1219,14,70,"","landing","-"
1220,14,80,"","Maelstrom Command","-"
1221,14,81,"","The Adders' Nest","-"
1222,14,82,"","The Hall of Flames","-"
1223,14,91,"","residential district","-"
1224,14,60,"","entry counter","-"
1225,14,36,"","Hunt board","-"
1226,14,37,"","skywatcher","-"
1227,14,100,"","crystal bell","-"
1228,14,92,"","subdivision","-"
1229,14,101,"","orchestrion","-"
1230,14,50,"","striking dummy","-"
1231,14,38,"","materia melder","-"
1232,14,93,"","apartment","-"
1233,14,102,"","glamour dresser","-"
1234,14,110,"","message book","-"
1235,14,103,"","armoire","-"
1236,14,104,"","The Unending Journey","-"
1250,15,0,"@","【Grand Company】","Grand Company."
1251,15,1,"","Grand Company","-"
1252,15,2,"","Grand Company rank","-"
1253,15,3,"","supplies","-"
1254,15,4,"","provisions","-"
1255,15,5,"","high-quality supplies","-"
1256,15,6,"","Maelstrom","-"
1257,15,7,"","Order of the Twin Adder","-"
1258,15,8,"","Immortal Flames","-"
1270,16,0,"@","【Free Company】","Free Company."
1271,16,1,"","free company","-"
1272,16,2,"","signature","-"
1273,16,3,"","company board","-"
1274,16,4,"","company chest","-"
1275,16,5,"","company crest","-"
1276,16,6,"","company action","-"
1277,16,7,"","company crafting","-"
1278,16,8,"","company workshop","-"
1279,16,9,"","exploratory voyage","-"
1280,16,10,"","subaquatic voyage","-"
1300,17,0,"@","【System】","System."
1301,17,1,"","class","-"
1302,17,2,"","class change","-"
1303,17,3,"","job","-"
1304,17,4,"","job change","-"
1305,17,6,"","soul crystal","-"
1306,17,10,"","level","-"
1307,17,11,"","experience points","-"
1308,17,500,"","guardian","-"
1309,17,501,"","race","-"
1310,17,502,"","clan","-"
1311,17,700,"","area","-"
1312,17,5,"","Armoury","-"
1313,17,23,"","item","-"
1314,17,801,"","gear set","-"
1315,17,12,"","rested bonus","-"
1316,17,50,"","solo","-"
1317,17,51,"","party","-"
1318,17,200,"","mount","-"
1319,17,201,"","minion","-"
1320,17,202,"","retainer","-"
1321,17,20,"","battle","-"
1322,17,21,"","crafting","-"
1323,17,22,"","gathering","-"
1324,17,24,"","durability","-"
1325,17,25,"","spiritbond","-"
1326,17,26,"","gear affinity","-"
1327,17,60,"","treasure coffer","-"
1328,17,210,"","target","-"
1329,17,213,"","lock on","-"
1330,17,211,"","focus target","-"
1331,17,214,"","enemy sign","-"
1332,17,800,"","menu","-"
1333,17,803,"","map","-"
1334,17,810,"","support desk","-"
1335,17,820,"","screenshot","-"
1336,17,811,"","log out","-"
1337,17,812,"","exit game","-"
1338,17,813,"","shutdown","-"
1339,17,821,"","auto-translation dictionary","-"
1340,17,802,"","emote","-"
1341,17,80,"","achievements","-"
1342,17,81,"","title","-"
1343,17,100,"","currency","-"
1344,17,101,"","gil","-"
1345,17,91,"","trade","-"
1346,17,90,"","examine","-"
1347,17,92,"","auto-follow","-"
1348,17,52,"","alliance","-"
1349,17,380,"","housing","-"
1350,17,391,"","reputation","-"
1351,17,392,"","reputation rank","-"
1352,17,70,"","commendation","-"
1353,17,150,"","Allagan tomestone","-"
1356,17,73,"","vote dismiss","-"
1357,17,72,"","vote abandon","-"
1358,17,215,"","waymark","-"
1359,17,212,"","ground target","-"
1360,17,350,"","glamours","-"
1362,17,351,"","aesthetician","-"
1363,17,302,"","retainer ventures","-"
1364,17,400,"","atma","-"
1365,17,410,"","Zodiac Weapon","-"
1366,17,401,"","alexandrite","-"
1367,17,412,"","animus","-"
1368,17,413,"","novus","-"
1369,17,103,"","Allied Seals","-"
1370,17,300,"","mark bill","-"
1371,17,301,"","Frontline","-"
1372,17,550,"","The Echo","-"
1373,17,381,"","chocobo raising","-"
1374,17,303,"","weather report","-"
1375,17,154,"","Allagan tomestone of poetics","-"
1376,17,390,"","quota points","-"
1377,17,102,"","company seals","-"
1378,17,105,"","Wolf Marks","-"
1379,17,411,"","Zenith","-"
1380,17,414,"","Nexus","-"
1381,17,104,"","Centurio Seal","-"
1384,17,63,"","Loot Rule: Lootmaster","Lootmaster"
1385,17,62,"","Loot Rule: Greed Only","Greed Only"
1386,17,61,"","Loot Rule: Normal","Normal."
1387,17,420,"","Anima Weapon","-"
1389,17,352,"","Ceremony of Eternal Bonding","-"
1390,17,12,"","item level","-"
1391,17,13,"","quest sync","-"
1392,17,353,"","Wondrous Tails","-"
1396,17,71,"","unrestricted party","-"
1397,17,354,"","performance","-"
1398,17,356,"","Fashion Report","-"
1400,18,0,"@","【Battle】","Battle."
1401,18,1,"","attack","-"
1402,18,2,"","action","-"
1403,18,6,"","general action","-"
1404,18,15,"","trait","-"
1405,18,3,"","job action","-"
1406,18,5,"","additional action","-"
1407,18,11,"","magic","-"
1408,18,10,"","weaponskill","-"
1409,18,12,"","ability","-"
1410,18,13,"","cast time","-"
1411,18,14,"","recast time","-"
1412,18,16,"","affinity","-"
1413,18,56,"","link","-"
1414,18,20,"","pet","-"
1415,18,21,"","companion","-"
1416,18,53,"","enmity","-"
1417,18,54,"","active","-"
1418,18,55,"","passive","-"
1419,18,59,"","KO'd","-"
1420,18,70,"","loot","-"
1421,18,72,"","divvy loot","-"
1422,18,71,"","lot","-"
1423,18,18,"","resist","-"
1424,18,17,"","acquire","-"
1425,18,57,"","aggro","-"
1426,18,58,"","area of effect","-"
1427,18,7,"","limit break","-"
1428,18,50,"","enemy","-"
1429,18,51,"","monster","-"
1430,18,52,"","notorious monster","-"
1432,18,81,"","EXP chain","-"
1433,18,80,"","Armoury bonus","-"
1434,18,83,"","level sync","-"
1435,18,8,"","PvP action","-"
1436,18,102,"","area of effect attack","-"
1437,18,104,"","frontal area of effect attack","-"
1438,18,105,"","rear area of effect attack","-"
1439,18,103,"","whole area of effect attack","-"
1440,18,300,"","outpost","-"
1441,18,301,"","Allagan Manors","-"
1442,18,302,"","stronghold","-"
1443,18,303,"","standard","-"
1444,18,304,"","occupied","-"
1445,18,305,"","unoccupied","-"
1446,18,306,"","Tactical Rating","-"
1447,18,307,"","Allagan Markets","-"
1448,18,308,"","Allagan Sun Temple","-"
1449,18,19,"","combo","-"
1450,18,9,"","adrenaline rush","-"
1451,18,100,"","single target attack","-"
1452,18,90,"","ballista","-"
1453,18,309,"","Allagan tomelith","-"
1454,18,200,"","The Claws","-"
1455,18,201,"","The Fangs","-"
1456,18,203,"","medal","-"
1458,18,206,"","Culling Time","-"
1462,18,210,"","adrenaline","-"
1466,18,211,"","adrenaline kit","-"
1467,18,214,"","supply box","-"
1468,18,215,"","K - Knockout","knockout"
1469,18,216,"","D - Down","down"
1470,18,217,"","A - Assist","assist"
1471,18,101,"","chain","-"
1472,18,106,"","charge","-"
1473,18,107,"","knockback","-"
1474,18,108,"","draw in","-"
1475,18,310,"","icebound tomelith","-"
1476,18,311,"","data retrieved","-"
1477,18,212,"","wolf's heart","-"
1478,18,213,"","wolf's heart kit","-"
1479,18,400,"","core","-"
1480,18,401,"","magitek field","-"
1481,18,402,"","tower","-"
1482,18,403,"","hangar","-"
1483,18,404,"","ceruleum","-"
1484,18,405,"","power generator","-"
1485,18,406,"","steam cannon","-"
1486,18,407,"","wind-up viking","-"
1487,18,408,"","wind-up magus","-"
1488,18,409,"","machina","-"
1489,18,410,"","Cruise Chaser","-"
1490,18,411,"","Oppressor","-"
1491,18,412,"","Brute Justice","-"
1492,18,4,"","role action","-"
1494,18,202,"","quick chat","-"
1496,18,413,"","ceruleum engine","-"
1497,18,415,"","gobtank","-"
1498,18,416,"","goblin mercenary","-"
1499,18,500,"","tactical rating","-"
1500,19,0,"@","【Online Status】","Online Status."
1501,19,1,"","Online","-"
1502,19,5,"","Away","-"
1503,19,6,"","Busy","-"
1504,19,8,"","Looking for Party","-"
1505,19,9,"","Looking to Meld Materia","-"
1506,19,3,"","Bound by Duty","-"
1507,19,2,"","Offline","-"
1508,19,4,"","Recruiting Party Members","-"
1509,19,11,"","New Adventurer","-"
1510,19,13,"","Mentor","-"
1511,19,14,"","PvE Mentor","-"
1512,19,15,"","PvP Mentor","-"
1513,19,16,"","Trade Mentor","-"
1514,19,10,"","Role-playing","-"
1515,19,11,"","Returner","-"
1516,19,7,"","Participating in Event","-"
1521,18,501,"","ovoo","-"
1522,18,502,"","claim","-"
1523,18,600,"","tactical crystal","-"
1524,18,601,"","Crystal Credit","-"
1525,18,602,"","Rising Stars","-"
1526,18,603,"","Team Astra","Astra"
1527,18,604,"","Team Umbra","Umbra"
1550,20,0,"@","【Communication】","Communication."
1551,20,1,"","chat","-"
1552,20,3,"","Tell","-"
1553,20,2,"","Say","-"
1554,20,4,"","Shout","-"
1555,20,5,"","Yell","-"
1556,20,20,"","friend list","-"
1557,20,21,"","blacklist","-"
1558,20,23,"","Player Search","-"
1559,20,24,"","linkshell","-"
1560,20,26,"","moogle letter","-"
1561,20,30,"","Lodestone","-"
1562,20,31,"","blog","-"
1563,20,32,"","follow","-"
1564,20,33,"","forums","-"
1565,20,34,"","ranking","-"
1566,20,35,"","Grand Company ranking","-"
1567,20,36,"","free company ranking","-"
1568,20,6,"","party","-"
1569,20,7,"","alliance","-"
1570,20,8,"","linkshell","-"
1571,20,9,"","free company","-"
1572,20,10,"","Novice Network","-"
1573,20,11,"","PvP Team","-"
1574,20,12,"","cross-world linkshell","-"
1575,20,25,"","cross-world linkshell","-"
1576,20,22,"","contacts","-"
1577,20,37,"","Community Finder","-"
1600,22,0,"@","【Crafting & Gathering】","Crafting & Gathering."
1601,22,1,"","shard","-"
1602,22,2,"","crystal","-"
1603,22,3,"","cluster","-"
1604,22,20,"","materia","-"
1605,22,21,"","materia extraction","-"
1606,22,22,"","materia craft","-"
1607,22,30,"","markets","-"
1608,22,31,"","market search","-"
1609,22,10,"","HQ","-"
1610,22,11,"","Unique","-"
1611,22,12,"","Untradable","-"
1612,22,40,"","material","-"
1613,22,41,"","quick synthesis","-"
1614,22,42,"","quality","-"
1615,22,43,"","high-quality","-"
1616,22,44,"","highest-quality","-"
1617,22,50,"","repair","-"
1618,22,51,"","repair materials","-"
1619,22,60,"","gear dyeing","-"
1620,22,70,"","mature tree","-"
1621,22,71,"","logging","-"
1622,22,72,"","harvesting","-"
1623,22,73,"","mineral deposit","-"
1624,22,74,"","mining","-"
1625,22,75,"","quarrying","-"
1626,22,90,"","fishing","-"
1627,22,23,"","materia melding","-"
1628,22,24,"","advanced materia melding","-"
1629,22,200,"","gardening","-"
1630,22,201,"","raising","-"
1631,22,202,"","harvesting","-"
1632,22,45,"","master recipe book","-"
1633,22,100,"","desynthesis","-"
1634,22,91,"","big fishing","-"
1635,22,92,"","release","-"
1636,22,76,"","unspoiled locations","-"
1637,22,13,"","collectable","-"
1638,22,101,"","specialist","-"
1639,22,102,"","DoL favors","-"
1640,22,103,"","tome of regional folklore","-"
1642,22,160,"","gatherers' scrip","-"
1649,22,154,"","white crafters' scrip","-"
1650,22,164,"","white gatherers' scrip","-"
1651,22,77,"","quick gathering","-"
1652,22,78,"","trial synthesis","-"
1653,22,252,"","skybuilders' scrip","-"
1654,22,14,"","collectability","-"
1655,22,155,"","purple crafters' scrip","-"
1656,22,165,"","purple gatherers' scrip","-"
1657,22,93,"","spearfishing","-"
1658,22,79,"","sanctuary gathering","-"
1659,22,80,"","sanctuary crafting","-"
1660,22,180,"","seafarer's cowrie","-"
1661,22,181,"","islander's cowrie","-"
1662,22,81,"","gatherer role action","-"
1663,22,156,"","orange crafters' scrip","-"
1664,22,166,"","orange gatherers' scrip","-"
1900,23,0,"@","【Primals】","Primals."
1901,23,1,"","primal","-"
1902,23,10,"","Ifrit","-"
1903,23,11,"","Titan","-"
1904,23,12,"","Garuda","-"
1905,23,18,"","Bahamut","-"
1906,23,13,"","Moggle Mog XII","-"
1907,23,2,"","beastmen","-"
1908,23,101,"","Amalj'aa","-"
1909,23,102,"","sylphs","-"
1910,23,103,"","Ixal","-"
1911,23,104,"","kobolds","-"
1912,23,105,"","Sahagin","-"
1913,23,14,"","Leviathan","-"
1914,23,15,"","Ramuh","-"
1915,23,16,"","Shiva","-"
1916,23,32,"","Alexander (primal)","-"
1917,23,30,"","Ravana","-"
1918,23,31,"","Bismarck","-"
1919,23,110,"","Gnath","-"
1920,23,111,"","Vanu Vanu","-"
1921,23,106,"","goblins","-"
1922,23,113,"","dragons","-"
1923,23,33,"","Nidhogg","-"
1924,23,34,"","Sephirot","-"
1925,23,35,"","Sophia","-"
1926,23,36,"","Zurvan","-"
1927,23,112,"","Kojin","-"
1928,23,120,"","Ananta","-"
1929,23,40,"","Susano","-"
1930,23,41,"","Lakshmi","-"
1931,23,42,"","Shinryu","-"
1932,23,43,"","Omega","-"
1933,23,44,"","Byakko","-"
1934,23,45,"","Tsukuyomi","-"
1935,23,114,"","moogle","-"
1936,23,121,"","Namazu","-"
1937,23,17,"","Phoenix","-"
1938,23,19,"","Odin","-"
1939,23,46,"","Suzaku","-"
1940,23,47,"","Seiryu","-"
1941,23,48,"","Titania","-"
1942,23,49,"","Innocence","-"
1943,23,50,"","Hades","-"
1944,23,122,"","Dwarf","-"
1945,23,123,"","Pixie","-"
1946,23,124,"","Nu Mou","-"
1947,23,125,"","Qitari","-"
1948,23,51,"","Ruby Weapon","-"
1949,23,52,"","Warrior of Light","-"
1950,23,53,"","Emerald Weapon","-"
1951,23,54,"","Diamond Weapon","-"
1952,23,126,"","Matanga","-"
1953,23,127,"","Arkasodara","-"
1954,23,128,"","Loporrit","-"
1955,23,55,"","Zodiark","-"
1956,23,56,"","Hydaelyn","-"
1957,23,129,"","Omicron","-"
1958,23,57,"","Barbariccia","-"
1959,23,58,"","Rubicante","-"
1960,23,59,"","Golbez","-"
1961,23,60,"","Zeromus","-"
2000,24,0,"@","【Duty】","Duty."
2001,24,100,"","duty","-"
2002,24,1,"","quest","-"
2003,24,2,"","main scenario quest","-"
2004,24,3,"","sidequest","-"
2005,24,4,"","class quest","-"
2006,24,5,"","job quest","-"
2007,24,6,"","Grand Company quest","-"
2008,24,101,"","FATE","-"
2009,24,600,"","guildleve","-"
2010,24,601,"","levequest","-"
2011,24,602,"","battlecraft leve","-"
2012,24,603,"","fieldcraft leve","-"
2013,24,604,"","tradecraft leve","-"
2015,24,606,"","Grand Company leve","-"
2017,24,608,"","leve link","-"
2018,24,609,"","leve allowance","-"
2019,24,610,"","levequest difficulty","-"
2020,24,500,"","guildhest","-"
2021,24,1000,"","dungeon","-"
2022,24,2000,"","primal battle","-"
2023,24,2001,"","hard primal battle","-"
2024,24,2002,"","legatus battle","-"
2025,24,3000,"","raid","-"
2026,24,6101,"","The Coliseum","-"
2027,24,1005,"","The Thousand Maws of Toto-Rak","-"
2028,24,1002,"","The Tam-Tara Deepcroft","-"
2029,24,1003,"","Copperbell Mines","-"
2030,24,1001,"","Sastasha","-"
2031,24,1012,"","The Aurum Vale","-"
2032,24,1006,"","Haukke Manor","-"
2033,24,1004,"","Halatali","-"
2034,24,1007,"","Brayflox's Longstop","-"
2035,24,1008,"","The Sunken Temple of Qarn","-"
2036,24,1013,"","The Wanderer's Palace","-"
2037,24,1010,"","The Stone Vigil","-"
2038,24,1009,"","Cutter's Cry","-"
2039,24,1011,"","Dzemael Darkhold","-"
2040,24,1016,"","Amdapor Keep","-"
2041,24,1014,"","Castrum Meridianum","-"
2042,24,1015,"","The Praetorium","-"
2043,24,501,"","Basic Training: Enemy Parties","-"
2044,24,502,"","Under the Armor","-"
2045,24,503,"","Basic Training: Enemy Strongholds","-"
2046,24,504,"","Hero on the Half Shell","-"
2047,24,505,"","Pulling Poison Posies","-"
2048,24,506,"","Stinging Back","-"
2049,24,507,"","All's Well that Ends in the Well","-"
2050,24,508,"","Flicking Sticks and Taking Names","-"
2051,24,509,"","More than a Feeler","-"
2052,24,510,"","Annoy the Void","-"
2053,24,511,"","Shadow and Claw","-"
2054,24,512,"","Long Live the Queen","-"
2055,24,513,"","Ward Up","-"
2056,24,514,"","Solemn Trinity","-"
2057,24,2010,"","The Bowl of Embers (Normal)","-"
2058,24,2015,"","The Navel (Normal)","-"
2059,24,2020,"","The Howling Eye (Normal)","-"
2060,24,2011,"","The Bowl of Embers (Hard)","-"
2061,24,2016,"","The Navel (Hard)","-"
2062,24,2021,"","The Howling Eye (Hard)","-"
2063,24,2025,"","Cape Westwind","-"
2064,24,3010,"","The Binding Coil of Bahamut","-"
2065,24,6100,"","The Wolves' Den","-"
2066,24,2012,"","The Bowl of Embers (Extreme)","-"
2067,24,2017,"","The Navel (Extreme)","-"
2068,24,2022,"","The Howling Eye (Extreme)","-"
2069,24,2030,"","Thornmarch (Hard)","-"
2070,24,2035,"","The Minstrel's Ballad: Ultima's Bane","-"
2071,24,3501,"","Crystal Tower","-"
2072,24,3012,"","The Binding Coil of Bahamut","-"
2073,24,3502,"","Labyrinth of the Ancients","-"
2074,24,300,"","Decipher","-"
2075,24,301,"","hard mode","-"
2076,24,110,"","Duty Roulette","-"
2077,24,3013,"","The Second Coil of Bahamut","-"
2078,24,1020,"","Pharos Sirius","-"
2079,24,2031,"","Thornmarch (Extreme)","-"
2080,24,2040,"","The Whorleater (Hard)","-"
2081,24,2041,"","The Whorleater (Extreme)","-"
2082,24,2026,"","A Relic Reborn: The Chimera","-"
2083,24,2027,"","A Relic Reborn: The Hydra","-"
2084,24,2045,"","Battle on the Big Bridge","-"
2085,24,6000,"","PvP","-"
2086,24,10,"","allied society quest","-"
2087,24,11,"","allied society daily quest","-"
2088,24,12,"","allied society main quest","-"
2089,24,20,"","side story quest","-"
2090,24,104,"","treasure hunt","-"
2091,24,21,"","chronicles of a new era quest","-"
2092,24,22,"","seasonal event","-"
2093,24,1021,"","The Lost City of Amdapor","-"
2094,24,310,"","Trials of the Braves","-"
2095,24,311,"","sphere scroll","-"
2096,24,105,"","The Hunt","-"
2097,24,106,"","elite marks","-"
2098,24,2050,"","The Striking Tree (Hard)","-"
2099,24,2051,"","The Striking Tree (Extreme)","-"
2100,24,3503,"","Syrcus Tower","-"
2101,24,3011,"","The Second Coil of Bahamut (Savage)","-"
2102,24,6201,"","The Carteneau Flats","-"
2103,24,1022,"","Hullbreaker Isle","-"
2104,24,6200,"","Frontline","-"
2106,24,112,"","expert","-"
2108,24,3014,"","The Final Coil of Bahamut","-"
2109,24,2055,"","The Akh Afah Amphitheatre (Hard)","-"
2110,24,2056,"","The Akh Afah Amphitheatre (Extreme)","-"
2111,24,1023,"","Snowcloak","-"
2112,24,2060,"","The Dragon's Neck","-"
2113,24,23,"","delivery quest","-"
2114,24,2061,"","Urth's Fount (Hard)","-"
2115,24,3504,"","The World of Darkness","-"
2117,24,6203,"","The Borderland Ruins (Secure)","-"
2119,24,1024,"","The Keeper of the Lake","-"
2120,24,2046,"","Battle in the Big Keep","-"
2121,24,320,"","Ascian","-"
2122,24,321,"","the void","-"
2123,24,1104,"","The Great Gubal Library","-"
2124,24,1106,"","Neverreap","-"
2125,24,1103,"","The Vault","-"
2126,24,1107,"","The Fractal Continuum","-"
2127,24,1100,"","Dusk Vigil","-"
2128,24,1101,"","Sohm Al","-"
2129,24,1105,"","Aetherochemical Research Facility","-"
2130,24,1102,"","The Aery","-"
2131,24,2100,"","Thok ast Thok (Hard)","-"
2132,24,2101,"","Thok ast Thok (Extreme)","-"
2133,24,2105,"","Limitless Blue (Hard)","-"
2134,24,2106,"","Limitless Blue (Extreme)","-"
2135,24,6205,"","Seal Rock (Seize)","-"
2137,24,3050,"","Alexander","-"
2138,24,3051,"","Alexander (Savage)","-"
2139,24,3052,"","Gordias","-"
2140,24,2065,"","The Chrysalis (Normal)","-"
2141,24,2066,"","The Steps of Faith (Normal)","-"
2142,24,2110,"","The Singularity Reactor (Normal)","-"
2143,24,611,"","Temple leve","-"
2144,24,1108,"","Saint Mocianne's Arboretum","-"
2145,24,3510,"","The Shadow of Mhach","-"
2146,24,3511,"","The Void Ark","-"
2147,24,102,"","Hall of the Novice","-"
2148,24,1109,"","The Antitower","-"
2149,24,3053,"","Midas","-"
2150,24,2120,"","Containment Bay S1T7 (Normal)","-"
2151,24,2121,"","Containment Bay S1T7 (Extreme)","-"
2153,24,6103,"","The Feast","-"
2154,24,103,"","Stone, Sky, Sea","-"
2155,24,1110,"","Sohr Khai","-"
2156,24,3512,"","The Weeping City of Mhach","-"
2157,24,4000,"","Deep Dungeon","-"
2158,24,4001,"","Palace of the Dead","-"
2159,24,2115,"","The Final Steps of Faith","-"
2160,24,2116,"","The Minstrel's Ballad: Nidhogg's Rage","-"
2161,24,6207,"","The Fields of Glory (Shatter)","-"
2163,24,6001,"","duel","-"
2164,24,1111,"","Xelphatol","-"
2165,24,2125,"","Containment Bay P1T6","-"
2166,24,2126,"","Containment Bay P1T6 (Extreme)","-"
2167,24,3054,"","The Creator","-"
2168,24,1112,"","Baelsar's Wall","-"
2169,24,3513,"","Dun Scaith","-"
2170,24,2130,"","Containment Bay Z1T9","-"
2171,24,2131,"","Containment Bay Z1T9 (Extreme)","-"
2172,24,1201,"","Shisui of the Violet Tides","-"
2173,24,1202,"","Bardam's Mettle","-"
2174,24,1203,"","Doma Castle","-"
2175,24,1204,"","Castrum Abania","-"
2176,24,2200,"","The Pool of Tribute","-"
2177,24,2201,"","The Pool of Tribute (Extreme)","-"
2178,24,2205,"","Emanation","-"
2179,24,2206,"","Emanation (Extreme)","-"
2180,24,2210,"","The Royal Menagerie","-"
2181,24,3100,"","Interdimensional Rift","-"
2182,24,3101,"","Interdimensional Rift (Savage)","-"
2183,24,3102,"","Deltascape","-"
2184,24,1207,"","The Temple of the Fist","-"
2185,24,1208,"","The Drowned City of Skalla","-"
2186,24,2211,"","The Minstrel's Ballad: Shinryu's Domain","-"
2187,24,3500,"","alliance raid","-"
2188,24,3520,"","Return to Ivalice","-"
2189,24,3521,"","The Royal City of Rabanastre","-"
2190,24,3400,"","The Unending Coil of Bahamut (Ultimate)","-"
2191,24,6300,"","Rival Wings","-"
2192,24,6301,"","Astragalos","-"
2193,24,1209,"","Hells' Lid","-"
2194,24,2215,"","The Jade Stoa","-"
2195,24,2216,"","The Jade Stoa (Extreme)","-"
2196,24,3103,"","Sigmascape","-"
2197,24,4050,"","The Forbidden Land, Eureka","-"
2198,24,4051,"","Anemos","-"
2200,49,0,"Mount[1-1,4-6,8-9,15-15,18-22,25-38,40-50,52-56,58-59,62-62,65-65,67-78,80-84,86-87,90-102,104-106,108-116,121-127,130-130,133-133,135-136,138-146,148-148,150-154,156-156,158-164,166-168,170-195,197-197,200-209,211-220,222-226,228-243,245-250,252-269,273-274,277-277,279-282,284-288,290-294,297-306,308-308,310-336,338-340,342-345,347-353]","【Mounts】","Mounts"
2201,50,0,"ClassJob[1-42]","【Classes & Jobs】","Classes & Jobs."
2202,51,0,"PlaceName[20-37,39-59,61-65,94-94,107-107,112-112,123-123,125-125,128-129,140-140,154-154,184-184,206-206,216-216,218-218,223-223,230-230,237-237,239-239,260-260,271-271,290-290,300-300,313-313,323-323,325-325,331-331,337-337,350-350,357-361,386-386,388-388,392-392,401-401,404-404,406-406,411-411,418-418,425-427,430-430,457-457,464-468,478-478,493-493,496-498,548-548,617-617,694-695,733-733,1301-1304,1334-1334,1363-1363,1374-1374,1377-1377,1390-1390,1399-1399,1406-1409,1431-1431,1484-1484,1500-1500,1628-1628,1633-1633,1638-1638,1645-1645,1647-1647,1664-1665,1708-1708,1714-1714,1723-1723,1731-1731,1740-1740,1742-1742,1759-1759,1792-1793,1799-1802,1805-1805,1807-1807,1809-1809,1835-1835,1841-1841,1847-1847,1853-1853,1857-1857,1868-1868,1884-1884,2000-2002,2018-2018,2025-2025,2031-2031,2034-2034,2038-2038,2042-2042,2046-2046,2050-2050,2081-2082,2088-2088,2090-2090,2099-2101,2116-2116,2123-2123,2130-2131,2147-2148,2151-2151,2178-2178,2181-2181,2200-2200,2204-2204,2214-2214,2256-2256,2265-2266,2295-2295,2297-2301,2310-2310,2327-2327,2340-2340,2354-2354,2357-2360,2367-2367,2372-2372,2383-2383,2400-2404,2406-2414,2448-2450,2462-2462,2483-2483,2485-2485,2496-2496,2499-2499,2510-2510,2529-2530,2545-2545,2549-2549,2586-2586,2589-2589,2613-2613,2634-2634,2646-2646,2660-2660,2665-2665,2670-2670,2691-2691,2693-2693,2707-2708,2715-2715,2717-2720,2725-2725,2727-2727,2736-2736,2762-2762,2769-2769,2773-2773,2775-2775,2779-2779,2793-2793,2801-2801,2805-2805,2810-2810,2813-2814,2822-2822,2833-2833,2850-2851,2864-2864,2936-2936,2950-2958,2979-2979,2982-2982,2985-2985,2997-2997,3007-3007,3017-3018,3044-3044,3050-3050,3057-3057,3075-3075,3094-3094,3105-3105,3122-3122,3129-3129,3135-3135,3139-3139,3147-3147,3156-3157,3170-3170,3179-3179,3195-3195,3205-3205,3214-3220,3222-3222,3229-3229,3378-3378,3385-3385,3425-3425,3435-3435,3442-3442,3467-3469,3477-3477,3486-3487,3492-3492,3511-3511,3534-3534,3568-3568,3581-3581,3590-3590,3595-3597,3620-3620,3635-3635,3644-3644,3647-3647,3662-3663,3684-3686,3700-3713,3736-3736,3759-3759,3769-3770,3783-3783,3797-3798,3818-3818,3833-3833,3850-3850,3852-3852,3880-3880,3886-3886,3894-3894,3903-3903,3915-3915,3926-3926,3928-3929,3938-3938,3949-3949,3966-3966,3973-3973,3978-3978,3983-3983,4015-4015,4042-4043,4090-4094,4098-4098,4100-4100,4111-4111,4118-4118,4135-4135,4139-4139,4146-4146,4154-4154,4167-4167,4180-4180,4196-4199,4227-4227,4249-4250,4258-4258,4270-4270,4287-4287,4289-4289,4296-4297,4307-4308,4338-4338,4358-4358,4362-4362,4375-4375,4377-4377,4383-4383,4416-4416,4431-4431,4441-4441,4443-4443,4500-4500,4504-4508]","【Places】","Places."
2203,52,0,"Race","【Races】","Races."
2204,53,0,"Tribe","【Clans】","Clans."
2205,54,0,"GuardianDeity[1-12]","【Guardians】","Guardians."
2206,55,0,"GeneralAction[1-10,12-22,24-27]","【General Actions】","General Actions."
2207,56,0,"Action[9-9,15-17,20-24,27-31,37-38,40-46,48-49,51-54,56-56,61-62,65-66,69-70,74-75,78-78,83-88,90-90,92-92,94-94,96-98,100-101,106-107,110-110,112-114,116-121,124-125,127-127,131-133,135-137,139-142,144-144,147-147,149-149,152-159,162-163,166-167,172-173,181-181,185-186,188-190,197-208,210-211,215-215,218-218,220-222,224-224,227-228,232-232,235-235,237-241,260-260,268-269,272-273,280-280,288-291,294-297,299-300,303-303,802-803,805-805,2135-2135,2240-2242,2245-2248,2254-2255,2258-2272,2864-2864,2866-2866,2868-2868,2870-2870,2872-2874,2876-2876,2878-2878,2887-2887,2890-2890,3538-3543,3545-3545,3547-3547,3549-3552,3554-3563,3566-3566,3568-3571,3573-3573,3576-3579,3581-3587,3594-3596,3598-3601,3603-3603,3606-3606,3608-3608,3610-3610,3612-3615,3617-3617,3621-3621,3623-3625,3629-3629,3632-3632,3634-3634,3636-3636,3638-3639,3641-3641,3643-3643,4072-4073,4081-4081,4086-4087,4095-4095,4100-4100,4102-4106,4179-4179,4238-4248,4262-4262,4574-4574,4589-4589,4595-4596,4631-4631,4639-4639,7381-7397,7399-7416,7418-7422,7426-7442,7444-7445,7447-7447,7449-7449,7477-7493,7495-7499,7503-7507,7509-7521,7523-7531,7533-7533,7535-7535,7537-7538,7540-7542,7546-7546,7548-7549,7551-7551,7553-7554,7557-7557,7559-7562,7568-7568,7571-7571,7632-7632,7861-7863,7867-7867,7869-7869,7903-7906,7909-7911,8324-8324,15989-16015,16137-16153,16155-16165,16191-16196,16457-16474,16476-16483,16485-16489,16491-16507,16510-16511,16514-16519,16524-16536,16539-16543,16545-16546,16548-16548,16550-16557,16559-16560,16578-16578,16766-16766,16889-16889,17105-17106,17206-17206,17209-17209,17215-17215,17864-17865,18073-18073,19004-19004,19012-19012,19264-19264,19297-19297,21177-21178,21203-21205,22182-22185,24283-24318,24373-24405,24858-24859,25589-25590,25746-25755,25757-25774,25776-25778,25780-25840,25843-25851,25855-25862,25865-25868,25871-25875,25880-25880,25882-25885,26521-26521,26804-26806,26870-26872,27523-27523,29729-29734,32065-32068,34606-34647,34650-34681,34683-34686,34688-34691,34866-34867,34871-34871,35347-35349,35920-35922,36918-36932,36934-36999,37002-37036,37045-37047,37594-37595]","【Disciple of War & Magic Actions】","Disciple of War & Magic Actions."
2208,57,0,"CraftAction[100001-100004,100010-100010,100128-100128,100177-100177,100203-100203,100227-100227,100283-100283,100299-100299,100315-100315,100323-100323,100339-100339,100355-100355,100363-100363,100371-100371,100379-100379,100387-100387,100395-100395,100403-100403,100411-100411,100419-100419,100427-100427,100435-100435,100443-100443,100451-100451,100459-100459,100467-100467,100475-100475]","【Disciple of the Hand Actions】","Disciple of the Hand Actions."
2209,58,0,"BuddyAction","【Companion Actions】","Companion Actions."
2210,59,0,"PetAction[1-6]","【Pet Actions】","Pet Actions."
2211,60,0,"Weather[col-1,1-20,22-23,25-25,29-29,35-36,40-40,44-44,49-51,53-54,60-60,66-66,69-69,71-71,74-74,77-77,80-80,82-82,84-84,87-87,92-92,95-95,97-97,101-102,109-113,116-116,118-118,120-120,122-122,125-125,133-138,144-145,147-149,151-151,156-157,160-162,171-171,179-179,181-181,187-188]","【Weather】","Weather."
2212,61,0,"MainCommand[col-<Value>5</Value>,1-36,41-42,44-44,56-62,64-70,72-82,84-99]","【Main Commands】","Main Commands."
2213,62,0,"TextCommand[col-<Value>8</Value>,col-<Value>5</Value>,1-31,33-211,213-271,273-275,277-321,323-455,459-643,646-653,657-668,670-677]","【Text Commands】","Text Commands."
2214,63,0,"Action[29054-29061,29064-29067,29069-29076,29078-29088,29091-29095,29097-29110,29123-29126,29128-29130,29223-29240,29242-29245,29249-29250,29253-29264,29266-29266,29371-29371,29391-29396,29399-29409,29412-29423,29428-29432,29469-29469,29472-29497,29499-29515,29523-29533,29535-29540,29543-29554,29559-29559,29566-29566,29649-29651,29653-29655,29657-29657,29659-29691,29695-29695,29697-29700,29702-29704,29707-29707,29711-29711,29736-29737,29783-29784,34786-34786,39157-39161,39163-39163,39166-39177,39179-39186,39189-39196,39198-39213,39215-39216,39782-39783]","【PvP Actions】","PvP Actions."
2215,64,0,"Pet[<Value>0</Value>,1-2,6-8,10-10,14-15,17-19,23-24,27-32,46-46]","【Pets】","Pets."
2216,65,0,"Companion[noun,1-67,71-152,154-222,224-491,493-525,527-527]","【Minions】","Minions."
2217,66,0,"PetMirage[col-<Value>2</Value>]","【Egi Glamours】","Egi Glamours."
2218,67,0,"ActionComboRoute[50-59,65-65]","【PvP Combos】","PvP Combos."
2219,68,0,"Action[12958-13007,14476-14481]","【Logos Actions】","Logos Actions."
2220,69,0,"Action[11383-11431,18295-18325,23264-23267,23269-23273,23275-23288,23290-23290,34563-34582]","【Blue Magic】","Blue Magic."
2221,70,0,"Action[20701-20770,22344-22356,23907-23922]","【Lost Actions】","Lost Actions."
2900,28,0,"@","【Job Gauge】","Job Gauge"
2901,28,1,"","Oath Gauge","-"
2902,28,2,"","Oath","-"
2904,28,11,"","Chakra Gauge","-"
2905,28,20,"","Beast Gauge","-"
2906,28,21,"","Wrath","-"
2907,28,30,"","Dragon Gauge","-"
2909,28,40,"","Song Gauge","-"
2910,28,41,"","Repertoire","-"
2911,28,50,"","Healing Gauge","-"
2912,28,51,"","Lily","-"
2913,28,60,"","Elemental Gauge","-"
2914,28,61,"","Umbral Heart","-"
2915,28,70,"","Aetherflow Gauge","-"
2916,28,72,"","Aethertrail Attunement","-"
2917,28,71,"","Trance Gauge","-"
2919,28,80,"","Faerie Gauge","-"
2920,28,81,"","Fae Aether","-"
2922,28,91,"","Ninki Gauge","-"
2923,28,92,"","Ninki","-"
2926,28,102,"","Heat Gauge","-"
2927,28,103,"","Overheat","-"
2928,28,110,"","Blood Gauge","-"
2930,28,120,"","Arcana Gauge","-"
2931,28,130,"","Sen Gauge","-"
2932,28,131,"","Sen","-"
2933,28,132,"","Kenki Gauge","-"
2934,28,133,"","Kenki","-"
2935,28,140,"","Balance Gauge","-"
2936,28,141,"","White Mana","-"
2937,28,142,"","Black Mana","-"
2938,28,111,"","Darkside Gauge","-"
2939,28,52,"","Blood Lily","-"
2940,28,100,"","Heat Gauge","-"
2941,28,101,"","Battery Gauge","-"
2942,28,150,"","Powder Gauge","-"
2943,28,160,"","Step Gauge","-"
2944,28,161,"","Fourfold Feathers","-"
2946,28,134,"","Meditation Gauge","-"
2947,28,1000,"","Soul Gauge","-"
2948,28,1003,"","Death Gauge","-"
2949,28,1010,"","Eukrasia","-"
2950,28,1011,"","Addersgall Gauge","-"
2951,28,13,"","Beast Chakra Gauge","-"
2952,28,143,"","Mana Stacks","-"
2953,28,162,"","Esprit Gauge","-"
2954,28,44,"","Coda","-"
2955,28,42,"","Soul Voice Gauge","-"
2956,28,63,"","Paradox","-"
2957,28,1012,"","Addersgall","-"
2958,28,1013,"","Addersting","-"
2959,28,112,"","Dark Arts","-"
2960,28,62,"","Polyglot","-"
2961,28,135,"","Meditation","-"
2963,28,14,"","Beast Chakra","-"
2964,28,12,"","Chakra","-"
2965,28,1002,"","Shroud","-"
2966,28,1001,"","Shroud Gauge","-"
2967,28,163,"","Esprit","-"
2968,28,1004,"","Void Shroud","-"
2969,28,1005,"","Lemure Shroud","-"
2970,28,43,"","Soul Voice","-"
2971,28,32,"","Firstminds' Focus","-"
2972,28,15,"","Disciplined Fist","-"
2973,28,93,"","Kazematoi Gauge","-"
2974,28,94,"","Kazematoi","-"
2975,28,64,"","Astral Gauge","-"
2976,28,65,"","Astral Soul","-"
2977,28,1100,"","Vipersight","-"
2978,28,1101,"","Rattling Coil","-"
2979,28,1102,"","Serpent Offerings Gauge","-"
2980,28,1103,"","Anguine Tribute","-"
2981,28,1200,"","Canvases","-"
2982,28,1201,"","Palette Gauge","-"
2983,28,1203,"","White Paint","-"
2984,28,1204,"","Black Paint","-"
3000,25,0,"@","【Gold Saucer】","Gold Saucer."
3001,25,200,"","chocobo race","-"
3002,25,201,"","race chocobo","-"
3003,25,202,"","fledgling chocobo","-"
3004,25,203,"","retired chocobo","-"
3005,25,204,"","covering","-"
3006,25,205,"","rating","-"
3007,25,206,"","pedigree level","-"
3008,25,210,"","course roulette","-"
3009,25,211,"","Sagolii Road","-"
3010,25,213,"","Tranquil Paths","-"
3011,25,300,"","Triple Triad","-"
3012,25,301,"","card","-"
3013,25,302,"","card type","-"
3014,25,303,"","rarity","-"
3015,25,304,"","match","-"
3016,25,305,"","tournament","-"
3017,25,306,"","tourney","-"
3018,25,307,"","points","-"
3019,25,308,"","rule variations","-"
3020,25,309,"","regional rules","-"
3021,25,310,"","match rules","-"
3022,25,311,"","tournament rules","-"
3023,25,312,"","All Open","-"
3024,25,313,"","Three Open","-"
3025,25,314,"","Same","-"
3026,25,315,"","Sudden Death","-"
3027,25,316,"","Plus","-"
3028,25,317,"","Random","-"
3029,25,318,"","Order","-"
3030,25,319,"","Chaos","-"
3031,25,320,"","Reverse","-"
3032,25,321,"","Fallen Ace","-"
3033,25,322,"","Ascension","-"
3034,25,323,"","Descension","-"
3035,25,324,"","Swap","-"
3036,25,325,"","Roulette","-"
3037,25,327,"","deck","-"
3038,25,328,"","desired rule","-"
3039,25,1,"","GATE","-"
3040,25,100,"","Cactpot","-"
3041,25,101,"","Jumbo Cactpot","-"
3042,25,102,"","Mini Cactpot","-"
3043,25,103,"","winning number","-"
3044,25,400,"","Lord of Verminion","-"
3045,25,401,"","Strengths","-"
3046,25,402,"","Arcana Stone","-"
3047,25,403,"","Verminion Gate","Gate."
3048,25,404,"","Shield","-"
3049,25,405,"","Search Eye","-"
3050,25,410,"","critter","-"
3051,25,411,"","poppet","-"
3052,25,413,"","gadget","-"
3053,25,406,"","ability","-"
3054,25,407,"","trap","-"
3055,25,2,"","Any Way the Wind Blows","-"
3056,25,3,"","Cliffhanger","-"
3060,25,212,"","Costa del Sol","-"
3061,25,412,"","monster","-"
3062,25,7,"","Leap of Faith","-"
3063,25,8,"","Air Force One","-"
3064,25,500,"","Doman Mahjong","-"
3065,25,9,"","The Slice Is Right","-"
3300,26,0,"@","【Statuses】","Statuses."
3301,26,2,"","paralysis (status)","-"
3302,26,3,"","silence (status)","-"
3303,26,4,"","stun (status)","-"
3304,26,5,"","sleep (status)","-"
3305,26,6,"","heavy (status)","-"
3306,26,7,"","petrification (status)","-"
3307,26,8,"","charmed (status)","-"
3308,26,9,"","drain (status)","-"
3309,26,10,"","bind (status)","-"
3310,26,11,"","transfiguration (status)","-"
3311,26,1,"","poison (status)","-"
3313,25,326,"","Draft","-"
3314,25,329,"","Open Tournament","-"
3500,8,101,"","","circle"
3501,8,102,"","","cross"
3502,8,103,"","","triangle"
3503,8,104,"","","square"
3504,8,1000,"","inner","-"
3505,8,1001,"","outer","-"
3506,8,1002,"","clockwise","-"
3507,8,1003,"","counterclockwise","-"
3508,8,1004,"","offensive stance","-"
3509,8,1005,"","defensive stance","-"
3510,8,1050,"","action indicator","-"
3511,8,1051,"","gaze","-"
3512,8,1052,"","circle","-"
3513,8,1053,"","fan","-"
3514,8,1054,"","diagonal","-"
3515,8,1055,"","straight line","-"
3516,8,1056,"","donut","-"
3517,8,1057,"","line","-"
3518,8,1058,"","sphere","-"
3519,8,1059,"","ground","-"
3520,8,1060,"","wall","-"
3521,8,1061,"","pillar","-"
3522,8,1062,"","boulder","-"
3523,8,1063,"","flame","-"
3524,8,1064,"","water","-"
3525,8,1065,"","ice","-"
3526,8,105,"","","plus."
3527,8,1066,"","explosion","-"
3528,8,1067,"","simultaneously","-"
3529,8,1068,"","one after the other","-"
3531,8,1070,"","combine","-"
3535,8,1074,"","gather","-"
3536,8,1075,"","spread out","-"
3540,8,1076,"","divided damage","-"
3541,8,1077,"","reflected damage","-"
3542,8,1078,"","damage over time","-"
3543,8,1100,"","mode change","-"
3544,8,1101,"","phase","-"
3545,8,1102,"","stacked enhancement","-"
3546,8,1103,"","stacked enfeeblement","-"
3547,8,1104,"","random target","-"
3548,8,1079,"","distance-based damage","-"
3600,27,0,"@","【Deep Dungeon】","Deep Dungeon."
3601,27,1,"","Cairn of Passage","-"
3602,27,2,"","Cairn of Return","-"
3603,27,100,"","Pomander of Safety","-"
3604,27,101,"","Pomander of Sight","-"
3605,27,102,"","Pomander of Strength","-"
3606,27,103,"","Pomander of Steel","-"
3607,27,104,"","Pomander of Affluence","-"
3608,27,105,"","Pomander of Flight","-"
3609,27,106,"","Pomander of Alteration","-"
3610,27,107,"","Pomander of Purity","-"
3611,27,108,"","Pomander of Fortune","-"
3612,27,109,"","Pomander of Witching","-"
3613,27,110,"","Pomander of Serenity","-"
3614,27,111,"","Pomander of Rage","-"
3615,27,112,"","Pomander of Lust","-"
3616,27,113,"","Pomander of Intuition","-"
3617,27,114,"","Pomander of Raising","-"
3618,27,115,"","Pomander of Resolution","-"
3619,27,116,"","Pomander of Frailty","-"
3620,27,117,"","Pomander of Concealment","-"
3621,27,118,"","Pomander of Petrification","-"
3622,27,200,"","Inferno magicite","-"
3623,27,201,"","Crag magicite","-"
3624,27,202,"","Vortex magicite","-"
3625,27,203,"","elder magicite","-"
3626,27,3,"","Beacon of Passage","-"
3627,27,4,"","Beacon of Return","-"
3628,27,5,"","Pylon of Return","-"
3629,27,6,"","Pylon of Passage","-"
3630,27,220,"","Unei demiclone","-"
3631,27,221,"","Doga demiclone","-"
3632,27,222,"","onion knight demiclone","-"
3633,27,119,"","Protomander of Lethargy","-"
3634,27,120,"","Protomander of Storms","-"
3635,27,121,"","Protomander of Dread","-"
3636,27,122,"","Protomander of Safety","-"
3637,27,123,"","Protomander of Sight","-"
3638,27,124,"","Protomander of Strength","-"
3639,27,125,"","Protomander of Steel","-"
3640,27,126,"","Protomander of Affluence","-"
3641,27,127,"","Protomander of Flight","-"
3642,27,128,"","Protomander of Alteration","-"
3643,27,129,"","Protomander of Purity","-"
3644,27,130,"","Protomander of Fortune","-"
3645,27,131,"","Protomander of Witching","-"
3646,27,132,"","Protomander of Serenity","-"
3647,27,133,"","Protomander of Intuition","-"
3648,27,134,"","Protomander of Raising","-"
4000,17,430,"","magia board","-"
4001,17,431,"","magia melder","-"
4002,17,432,"","magicite","-"
4003,17,433,"","aspect value","-"
4004,17,434,"","elemental level","-"
4005,17,435,"","logogram","-"
4007,17,437,"","logos manipulator","-"
4008,17,438,"","logos action","-"
4009,17,439,"","Eureka weapon","-"
4011,17,55,"","custom match","-"
4012,17,106,"","MGP","-"
4013,17,107,"","venture","-"
4014,17,355,"","custom delivery","-"
4017,17,357,"","Ishgardian Restoration","-"
4019,17,360,"","ocean fishing","-"
4020,17,359,"","Skysteel tool","-"
4021,17,361,"","Faux Hollows","-"
4022,17,445,"","lost action","-"
4023,17,444,"","lost finds holster","-"
4024,17,443,"","lost finds cache","-"
4025,17,442,"","forgotten fragment","-"
4026,17,440,"","mettle","-"
4027,17,441,"","Resistance rank","-"
4028,17,74,"","Explorer Mode","-"
4030,17,446,"","Bozjan cluster","-"
4031,17,203,"","fashion accessories","-"
4032,17,448,"","Resistance weapon","-"
4033,17,447,"","Resistance Recruitment","-"
4034,17,358,"","Fête","-"
4037,17,362,"","The Unending Codex","-"
4038,17,108,"","Trophy Crystal","-"
4039,17,363,"","portrait","-"
4040,17,364,"","adventurer plate","-"
4041,17,365,"","Island Sanctuary","-"
4042,17,169,"","Allagan tomestone of causality","-"
4043,17,449,"","Manderville weapon","-"
4044,17,366,"","Splendorous tool","-"
4045,17,170,"","Allagan tomestone of comedy","-"
4046,17,171,"","Allagan tomestone of aesthetics","-"
5000,24,3001,"","normal raid","-"
5001,24,6002,"","daily challenge","-"
5002,24,1210,"","The Swallow's Compass","-"
5003,24,3522,"","The Ridorana Lighthouse","-"
5004,24,2220,"","Castrum Fluminis","-"
5005,24,2221,"","The Minstrel's Ballad: Tsukuyomi's Pain","-"
5006,24,3401,"","The Weapon's Refrain (Ultimate)","-"
5007,24,4002,"","Heaven-on-High","-"
5008,24,2225,"","The Great Hunt","-"
5009,24,2226,"","The Great Hunt (Extreme)","-"
5010,24,4052,"","Pagos","-"
5011,24,1200,"","The Sirensong Sea","-"
5012,24,1205,"","Ala Mhigo","-"
5013,24,2111,"","The Minstrel's Ballad: Thordan's Reign","-"
5014,24,1211,"","The Burn","-"
5015,24,2227,"","Hells' Kier","-"
5016,24,2228,"","Hells' Kier (Extreme)","-"
5017,24,3104,"","Alphascape","-"
5018,24,4053,"","Pyros","-"
5019,24,1206,"","Kugane Castle","-"
5020,24,4049,"","The Diadem","-"
5021,24,1212,"","The Ghimlyt Dark","-"
5022,24,2229,"","The Wreath of Snakes","-"
5023,24,2230,"","The Wreath of Snakes (Extreme)","-"
5024,24,3523,"","The Orbonne Monastery","-"
5025,24,4054,"","Hydatos","-"
5026,24,6302,"","Hidden Gorge","-"
5027,24,1213,"","Holminster Switch","-"
5028,24,1214,"","Dohn Mheg","-"
5029,24,1215,"","The Qitana Ravel","-"
5030,24,1216,"","Malikah's Well","-"
5031,24,1217,"","Mt. Gulg","-"
5032,24,1218,"","Amaurot","-"
5033,24,1219,"","The Twinning","-"
5034,24,1220,"","Akadaemia Anyder","-"
5035,24,2232,"","The Dancing Plague","-"
5036,24,2233,"","The Dancing Plague (Extreme)","-"
5037,24,2234,"","The Crown of the Immaculate","-"
5038,24,2235,"","The Crown of the Immaculate (Extreme)","-"
5039,24,2236,"","The Dying Gasp","-"
5040,24,3105,"","Eden","-"
5041,24,3106,"","Eden (Savage)","-"
5042,24,3107,"","Eden's Gate","-"
5043,24,2231,"","Kugane Ohashi","-"
5044,24,4055,"","The Baldesion Arsenal","-"
5045,24,1221,"","The Grand Cosmos","-"
5046,24,2237,"","The Minstrel's Ballad: Hades's Elegy","-"
5047,24,3402,"","The Epic of Alexander (Ultimate)","-"
5048,24,3530,"","The Copied Factory","-"
5049,24,6209,"","Onsal Hakair (Danshig Naadam)","-"
5050,24,1222,"","Anamnesis Anyder","-"
5051,24,3108,"","Eden's Verse","-"
5052,24,2238,"","Cinder Drift","-"
5053,24,2239,"","Cinder Drift (Extreme)","-"
5054,24,2240,"","Memoria Misera (Extreme)","-"
5055,24,4057,"","Bozjan southern front","-"
5056,24,1223,"","The Heroes' Gauntlet","-"
5057,24,2241,"","The Seat of Sacrifice ","-"
5058,24,2242,"","The Seat of Sacrifice (Extreme)","-"
5059,24,3531,"","The Puppets' Bunker","-"
5061,24,4058,"","skirmish","-"
5062,24,4059,"","critical engagement","-"
5063,24,4056,"","Save the Queen","-"
5064,24,1224,"","Matoya's Relict","-"
5065,24,3109,"","Eden's Promise","-"
5066,24,2244,"","Castrum Marinum","-"
5067,24,2245,"","Castrum Marinum (Extreme)","-"
5068,24,4061,"","Delubrum Reginae","-"
5070,24,4060,"","The Battle of Castrum Lacus Litore","-"
5071,24,1225,"","Paglth'an","-"
5072,24,2247,"","The Cloud Deck","-"
5073,24,2248,"","The Cloud Deck (Extreme)","-"
5074,24,3532,"","The Tower at Paradigm's Breach","-"
5076,24,4062,"","Zadnor","-"
5077,24,4063,"","The Dalriada","-"
5078,24,1226,"","The Tower of Zot","-"
5079,24,1227,"","The Tower of Babil","-"
5080,24,1228,"","Vanaspati","-"
5081,24,1229,"","Ktisis Hyperboreia","-"
5082,24,1230,"","The Aitiascope","-"
5083,24,1231,"","The Dead Ends","-"
5084,24,1232,"","Smileton","-"
5085,24,1233,"","Stigma-4","-"
5086,24,2250,"","The Dark Inside","-"
5087,24,2251,"","The Minstrel's Ballad: Zodiark's Fall","-"
5088,24,2252,"","The Mothercrystal","-"
5089,24,2253,"","The Minstrel's Ballad: Hydaelyn's Call","-"
5090,24,2254,"","The Final Day","-"
5091,24,3110,"","Pandæmonium","-"
5092,24,3111,"","Pandæmonium (Savage)","-"
5093,24,3112,"","Asphodelos","-"
5094,24,1234,"","Alzadaal's Legacy","-"
5095,24,2255,"","The Minstrel's Ballad: Endsinger's Aria","-"
5097,24,3533,"","Aglaia","-"
5098,24,3403,"","Dragonsong's Reprise (Ultimate)","-"
5099,24,6303,"","Crystalline Conflict","-"
5100,24,6304,"","The Palaistra","-"
5101,24,6305,"","The Volcanic Heart","-"
5102,24,6306,"","Cloud Nine","-"
5103,24,2257,"","Storm's Crown","-"
5104,24,2258,"","Storm's Crown (Extreme)","-"
5106,24,3113,"","Abyssos","-"
5107,24,1235,"","The Fell Court of Troia","-"
5108,24,4100,"","Variant Dungeon","-"
5109,24,4101,"","Criterion Dungeon","-"
5110,24,4102,"","The Sil'dihn Subterrane","-"
5111,24,4103,"","Another Sil'dihn Subterrane","-"
5112,24,4104,"","Another Sil'dihn Subterrane (Savage)","-"
5113,24,1236,"","Lapis Manalis","-"
5114,24,4003,"","Eureka Orthos","-"
5115,24,3404,"","The Omega Protocol (Ultimate)","-"
5116,24,3534,"","Euphrosyne","-"
5117,24,2260,"","Mount Ordeals","-"
5118,24,2261,"","Mount Ordeals (Extreme)","-"
5120,24,6307,"","The Clockwork Castletown","-"
5121,24,1237,"","The Aetherfont","-"
5122,24,3114,"","Anabaseios","-"
5123,24,2263,"","The Voidcast Dais","-"
5124,24,2264,"","The Voidcast Dais (Extreme)","-"
5126,24,4105,"","Mount Rokkon","-"
5127,24,4106,"","Another Mount Rokkon","-"
5128,24,4107,"","Another Mount Rokkon (Savage)","-"
5129,24,1238,"","The Lunar Subterrane","-"
5130,24,3535,"","Thaleia","-"
5131,24,4108,"","Aloalo Island","-"
5132,24,4109,"","Another Aloalo Island","-"
5133,24,4110,"","Another Aloalo Island (Savage)","-"
5135,24,2269,"","The Gilded Araya","-"
5136,24,2266,"","The Abyssal Fracture","-"
5137,24,2267,"","The Abyssal Fracture (Extreme)","-"
5138,24,6308,"","The Red Sands","-"
