﻿key,0,1,2,3,4,5,6,7,8,9,10,11,12,13
#,ResultItem,Category,CompanyCraftDraftCategory,CompanyCraftType,CompanyCraftDraft,CompanyCraftPart[0],CompanyCraftPart[1],CompanyCraftPart[2],CompanyCraftPart[3],CompanyCraftPart[4],CompanyCraftPart[5],CompanyCraftPart[6],CompanyCraftPart[7],Order
int32,Item,int32,CompanyCraftDraftCategory,CompanyCraftType,CompanyCraftDraft,CompanyCraftPart,CompanyCraftPart,CompanyCraftPart,CompanyCraftPart,CompanyCraftPart,CompanyCraftPart,CompanyCraftPart,CompanyCraftPart,uint32
0,"",0,"Aetherial Wheels","",,"CompanyCraftPart#0","CompanyCraftPart#0","CompanyCraftPart#0","CompanyCraftPart#0","CompanyCraftPart#0","CompanyCraftPart#0","CompanyCraftPart#0","CompanyCraftPart#0",0
1,"Level 2 Aetherial Wheel Stand",1,"Aetherial Wheels","Wheel Stand",,"CompanyCraftPart#1","CompanyCraftPart#0","CompanyCraftPart#0","CompanyCraftPart#0","CompanyCraftPart#0","CompanyCraftPart#0","CompanyCraftPart#0","CompanyCraftPart#0",1
2,"Level 3 Aetherial Wheel Stand",1,"Aetherial Wheels","Wheel Stand","wheel stand prototype II","CompanyCraftPart#2","CompanyCraftPart#0","CompanyCraftPart#0","CompanyCraftPart#0","CompanyCraftPart#0","CompanyCraftPart#0","CompanyCraftPart#0","CompanyCraftPart#0",2
3,"Level 4 Aetherial Wheel Stand",1,"Aetherial Wheels","Wheel Stand","wheel stand prototype III","CompanyCraftPart#3","CompanyCraftPart#0","CompanyCraftPart#0","CompanyCraftPart#0","CompanyCraftPart#0","CompanyCraftPart#0","CompanyCraftPart#0","CompanyCraftPart#0",3
4,"Level 5 Aetherial Wheel Stand",1,"Aetherial Wheels","Wheel Stand","wheel stand prototype IV","CompanyCraftPart#4","CompanyCraftPart#0","CompanyCraftPart#0","CompanyCraftPart#0","CompanyCraftPart#0","CompanyCraftPart#0","CompanyCraftPart#0","CompanyCraftPart#0",4
5,"Level 6 Aetherial Wheel Stand",1,"Aetherial Wheels","Wheel Stand","wheel stand prototype V","CompanyCraftPart#5","CompanyCraftPart#0","CompanyCraftPart#0","CompanyCraftPart#0","CompanyCraftPart#0","CompanyCraftPart#0","CompanyCraftPart#0","CompanyCraftPart#0",5
6,"Grade 2 Wheel of Confrontation",6,"Aetherial Wheels","Aetherial Wheel","aetherial wheel prototype II","CompanyCraftPart#100","CompanyCraftPart#0","CompanyCraftPart#0","CompanyCraftPart#0","CompanyCraftPart#0","CompanyCraftPart#0","CompanyCraftPart#0","CompanyCraftPart#0",1
7,"Grade 2 Wheel of Productivity",6,"Aetherial Wheels","Aetherial Wheel","aetherial wheel prototype II","CompanyCraftPart#101","CompanyCraftPart#0","CompanyCraftPart#0","CompanyCraftPart#0","CompanyCraftPart#0","CompanyCraftPart#0","CompanyCraftPart#0","CompanyCraftPart#0",2
8,"Grade 2 Wheel of Industry",6,"Aetherial Wheels","Aetherial Wheel","aetherial wheel prototype II","CompanyCraftPart#102","CompanyCraftPart#0","CompanyCraftPart#0","CompanyCraftPart#0","CompanyCraftPart#0","CompanyCraftPart#0","CompanyCraftPart#0","CompanyCraftPart#0",3
9,"Grade 2 Wheel of Longeing",6,"Aetherial Wheels","Aetherial Wheel","aetherial wheel prototype II","CompanyCraftPart#103","CompanyCraftPart#0","CompanyCraftPart#0","CompanyCraftPart#0","CompanyCraftPart#0","CompanyCraftPart#0","CompanyCraftPart#0","CompanyCraftPart#0",4
10,"Grade 2 Wheel of Rivalry",6,"Aetherial Wheels","Aetherial Wheel","aetherial wheel prototype II","CompanyCraftPart#104","CompanyCraftPart#0","CompanyCraftPart#0","CompanyCraftPart#0","CompanyCraftPart#0","CompanyCraftPart#0","CompanyCraftPart#0","CompanyCraftPart#0",5
11,"Grade 2 Wheel of Company",6,"Aetherial Wheels","Aetherial Wheel","aetherial wheel prototype II","CompanyCraftPart#105","CompanyCraftPart#0","CompanyCraftPart#0","CompanyCraftPart#0","CompanyCraftPart#0","CompanyCraftPart#0","CompanyCraftPart#0","CompanyCraftPart#0",6
12,"Grade 2 Wheel of Recreation",6,"Aetherial Wheels","Aetherial Wheel","aetherial wheel prototype II","CompanyCraftPart#116","CompanyCraftPart#0","CompanyCraftPart#0","CompanyCraftPart#0","CompanyCraftPart#0","CompanyCraftPart#0","CompanyCraftPart#0","CompanyCraftPart#0",7
13,"Grade 2 Wheel of Initiation",6,"Aetherial Wheels","Aetherial Wheel","aetherial wheel prototype III","CompanyCraftPart#106","CompanyCraftPart#0","CompanyCraftPart#0","CompanyCraftPart#0","CompanyCraftPart#0","CompanyCraftPart#0","CompanyCraftPart#0","CompanyCraftPart#0",8
14,"Grade 2 Wheel of Capacity",6,"Aetherial Wheels","Aetherial Wheel","aetherial wheel prototype III","CompanyCraftPart#107","CompanyCraftPart#0","CompanyCraftPart#0","CompanyCraftPart#0","CompanyCraftPart#0","CompanyCraftPart#0","CompanyCraftPart#0","CompanyCraftPart#0",9
15,"Grade 2 Wheel of Observation",6,"Aetherial Wheels","Aetherial Wheel","aetherial wheel prototype III","CompanyCraftPart#108","CompanyCraftPart#0","CompanyCraftPart#0","CompanyCraftPart#0","CompanyCraftPart#0","CompanyCraftPart#0","CompanyCraftPart#0","CompanyCraftPart#0",10
16,"Grade 2 Wheel of Efficiency",6,"Aetherial Wheels","Aetherial Wheel","aetherial wheel prototype III","CompanyCraftPart#109","CompanyCraftPart#0","CompanyCraftPart#0","CompanyCraftPart#0","CompanyCraftPart#0","CompanyCraftPart#0","CompanyCraftPart#0","CompanyCraftPart#0",11
17,"Grade 2 Wheel of Precision",6,"Aetherial Wheels","Aetherial Wheel","aetherial wheel prototype III","CompanyCraftPart#110","CompanyCraftPart#0","CompanyCraftPart#0","CompanyCraftPart#0","CompanyCraftPart#0","CompanyCraftPart#0","CompanyCraftPart#0","CompanyCraftPart#0",12
18,"Grade 2 Wheel of Dedication",6,"Aetherial Wheels","Aetherial Wheel","aetherial wheel prototype III","CompanyCraftPart#111","CompanyCraftPart#0","CompanyCraftPart#0","CompanyCraftPart#0","CompanyCraftPart#0","CompanyCraftPart#0","CompanyCraftPart#0","CompanyCraftPart#0",13
19,"Grade 2 Wheel of Nutriment",6,"Aetherial Wheels","Aetherial Wheel","aetherial wheel prototype IV","CompanyCraftPart#112","CompanyCraftPart#0","CompanyCraftPart#0","CompanyCraftPart#0","CompanyCraftPart#0","CompanyCraftPart#0","CompanyCraftPart#0","CompanyCraftPart#0",14
20,"Grade 2 Wheel of Permanence",6,"Aetherial Wheels","Aetherial Wheel","aetherial wheel prototype IV","CompanyCraftPart#113","CompanyCraftPart#0","CompanyCraftPart#0","CompanyCraftPart#0","CompanyCraftPart#0","CompanyCraftPart#0","CompanyCraftPart#0","CompanyCraftPart#0",15
21,"Grade 2 Wheel of Swiftness",6,"Aetherial Wheels","Aetherial Wheel","aetherial wheel prototype IV","CompanyCraftPart#114","CompanyCraftPart#0","CompanyCraftPart#0","CompanyCraftPart#0","CompanyCraftPart#0","CompanyCraftPart#0","CompanyCraftPart#0","CompanyCraftPart#0",16
22,"Grade 2 Wheel of Pilgrimage",6,"Aetherial Wheels","Aetherial Wheel","aetherial wheel prototype IV","CompanyCraftPart#115","CompanyCraftPart#0","CompanyCraftPart#0","CompanyCraftPart#0","CompanyCraftPart#0","CompanyCraftPart#0","CompanyCraftPart#0","CompanyCraftPart#0",17
23,"Grade 3 Wheel of Confrontation",6,"Aetherial Wheels","Aetherial Wheel","aetherial wheel prototype V","CompanyCraftPart#200","CompanyCraftPart#0","CompanyCraftPart#0","CompanyCraftPart#0","CompanyCraftPart#0","CompanyCraftPart#0","CompanyCraftPart#0","CompanyCraftPart#0",18
24,"Grade 3 Wheel of Productivity",6,"Aetherial Wheels","Aetherial Wheel","aetherial wheel prototype V","CompanyCraftPart#201","CompanyCraftPart#0","CompanyCraftPart#0","CompanyCraftPart#0","CompanyCraftPart#0","CompanyCraftPart#0","CompanyCraftPart#0","CompanyCraftPart#0",19
25,"Grade 3 Wheel of Industry",6,"Aetherial Wheels","Aetherial Wheel","aetherial wheel prototype V","CompanyCraftPart#202","CompanyCraftPart#0","CompanyCraftPart#0","CompanyCraftPart#0","CompanyCraftPart#0","CompanyCraftPart#0","CompanyCraftPart#0","CompanyCraftPart#0",20
26,"Grade 3 Wheel of Longeing",6,"Aetherial Wheels","Aetherial Wheel","aetherial wheel prototype V","CompanyCraftPart#203","CompanyCraftPart#0","CompanyCraftPart#0","CompanyCraftPart#0","CompanyCraftPart#0","CompanyCraftPart#0","CompanyCraftPart#0","CompanyCraftPart#0",21
27,"Grade 3 Wheel of Rivalry",6,"Aetherial Wheels","Aetherial Wheel","aetherial wheel prototype V","CompanyCraftPart#204","CompanyCraftPart#0","CompanyCraftPart#0","CompanyCraftPart#0","CompanyCraftPart#0","CompanyCraftPart#0","CompanyCraftPart#0","CompanyCraftPart#0",22
28,"Grade 3 Wheel of Company",6,"Aetherial Wheels","Aetherial Wheel","aetherial wheel prototype V","CompanyCraftPart#205","CompanyCraftPart#0","CompanyCraftPart#0","CompanyCraftPart#0","CompanyCraftPart#0","CompanyCraftPart#0","CompanyCraftPart#0","CompanyCraftPart#0",23
29,"Grade 3 Wheel of Recreation",6,"Aetherial Wheels","Aetherial Wheel","aetherial wheel prototype V","CompanyCraftPart#216","CompanyCraftPart#0","CompanyCraftPart#0","CompanyCraftPart#0","CompanyCraftPart#0","CompanyCraftPart#0","CompanyCraftPart#0","CompanyCraftPart#0",24
31,"Grade 3 Wheel of Capacity",6,"Aetherial Wheels","Aetherial Wheel","aetherial wheel prototype VI","CompanyCraftPart#207","CompanyCraftPart#0","CompanyCraftPart#0","CompanyCraftPart#0","CompanyCraftPart#0","CompanyCraftPart#0","CompanyCraftPart#0","CompanyCraftPart#0",26
32,"Grade 3 Wheel of Observation",6,"Aetherial Wheels","Aetherial Wheel","aetherial wheel prototype VI","CompanyCraftPart#208","CompanyCraftPart#0","CompanyCraftPart#0","CompanyCraftPart#0","CompanyCraftPart#0","CompanyCraftPart#0","CompanyCraftPart#0","CompanyCraftPart#0",27
33,"Grade 3 Wheel of Efficiency",6,"Aetherial Wheels","Aetherial Wheel","aetherial wheel prototype VI","CompanyCraftPart#209","CompanyCraftPart#0","CompanyCraftPart#0","CompanyCraftPart#0","CompanyCraftPart#0","CompanyCraftPart#0","CompanyCraftPart#0","CompanyCraftPart#0",28
34,"Grade 3 Wheel of Precision",6,"Aetherial Wheels","Aetherial Wheel","aetherial wheel prototype VI","CompanyCraftPart#210","CompanyCraftPart#0","CompanyCraftPart#0","CompanyCraftPart#0","CompanyCraftPart#0","CompanyCraftPart#0","CompanyCraftPart#0","CompanyCraftPart#0",29
35,"Grade 3 Wheel of Dedication",6,"Aetherial Wheels","Aetherial Wheel","aetherial wheel prototype VI","CompanyCraftPart#211","CompanyCraftPart#0","CompanyCraftPart#0","CompanyCraftPart#0","CompanyCraftPart#0","CompanyCraftPart#0","CompanyCraftPart#0","CompanyCraftPart#0",30
36,"Grade 3 Wheel of Nutriment",6,"Aetherial Wheels","Aetherial Wheel","aetherial wheel prototype VII","CompanyCraftPart#212","CompanyCraftPart#0","CompanyCraftPart#0","CompanyCraftPart#0","CompanyCraftPart#0","CompanyCraftPart#0","CompanyCraftPart#0","CompanyCraftPart#0",31
37,"Grade 3 Wheel of Permanence",6,"Aetherial Wheels","Aetherial Wheel","aetherial wheel prototype VII","CompanyCraftPart#213","CompanyCraftPart#0","CompanyCraftPart#0","CompanyCraftPart#0","CompanyCraftPart#0","CompanyCraftPart#0","CompanyCraftPart#0","CompanyCraftPart#0",32
39,"Grade 3 Wheel of Pilgrimage",6,"Aetherial Wheels","Aetherial Wheel","aetherial wheel prototype VII","CompanyCraftPart#215","CompanyCraftPart#0","CompanyCraftPart#0","CompanyCraftPart#0","CompanyCraftPart#0","CompanyCraftPart#0","CompanyCraftPart#0","CompanyCraftPart#0",34
500,"Bronco-type Hull",5,"Airships & Submersibles","Airship Hull",,"CompanyCraftPart#300","CompanyCraftPart#0","CompanyCraftPart#0","CompanyCraftPart#0","CompanyCraftPart#0","CompanyCraftPart#0","CompanyCraftPart#0","CompanyCraftPart#0",1
501,"Invincible-type Hull",5,"Airships & Submersibles","Airship Hull","airship prototype II","CompanyCraftPart#301","CompanyCraftPart#0","CompanyCraftPart#0","CompanyCraftPart#0","CompanyCraftPart#0","CompanyCraftPart#0","CompanyCraftPart#0","CompanyCraftPart#0",2
502,"Enterprise-type Hull",5,"Airships & Submersibles","Airship Hull","airship prototype III","CompanyCraftPart#302","CompanyCraftPart#0","CompanyCraftPart#0","CompanyCraftPart#0","CompanyCraftPart#0","CompanyCraftPart#0","CompanyCraftPart#0","CompanyCraftPart#0",3
503,"Invincible II-type Hull",5,"Airships & Submersibles","Airship Hull","airship prototype IV","CompanyCraftPart#303","CompanyCraftPart#0","CompanyCraftPart#0","CompanyCraftPart#0","CompanyCraftPart#0","CompanyCraftPart#0","CompanyCraftPart#0","CompanyCraftPart#0",4
504,"Odyssey-type Hull",5,"Airships & Submersibles","Airship Hull","airship prototype V","CompanyCraftPart#304","CompanyCraftPart#0","CompanyCraftPart#0","CompanyCraftPart#0","CompanyCraftPart#0","CompanyCraftPart#0","CompanyCraftPart#0","CompanyCraftPart#0",5
505,"Tatanora-type Hull",5,"Airships & Submersibles","Airship Hull","airship prototype VI","CompanyCraftPart#305","CompanyCraftPart#0","CompanyCraftPart#0","CompanyCraftPart#0","CompanyCraftPart#0","CompanyCraftPart#0","CompanyCraftPart#0","CompanyCraftPart#0",6
506,"Bronco-type Sail",5,"Airships & Submersibles","Airship Rigging",,"CompanyCraftPart#0","CompanyCraftPart#400","CompanyCraftPart#0","CompanyCraftPart#0","CompanyCraftPart#0","CompanyCraftPart#0","CompanyCraftPart#0","CompanyCraftPart#0",1
507,"Invincible-type Propellers",5,"Airships & Submersibles","Airship Rigging","airship prototype II","CompanyCraftPart#0","CompanyCraftPart#401","CompanyCraftPart#0","CompanyCraftPart#0","CompanyCraftPart#0","CompanyCraftPart#0","CompanyCraftPart#0","CompanyCraftPart#0",2
508,"Enterprise-type Bladder",5,"Airships & Submersibles","Airship Rigging","airship prototype III","CompanyCraftPart#0","CompanyCraftPart#402","CompanyCraftPart#0","CompanyCraftPart#0","CompanyCraftPart#0","CompanyCraftPart#0","CompanyCraftPart#0","CompanyCraftPart#0",3
509,"Invincible II-type Propellers",5,"Airships & Submersibles","Airship Rigging","airship prototype IV","CompanyCraftPart#0","CompanyCraftPart#403","CompanyCraftPart#0","CompanyCraftPart#0","CompanyCraftPart#0","CompanyCraftPart#0","CompanyCraftPart#0","CompanyCraftPart#0",4
510,"Odyssey-type Bladders",5,"Airships & Submersibles","Airship Rigging","airship prototype V","CompanyCraftPart#0","CompanyCraftPart#404","CompanyCraftPart#0","CompanyCraftPart#0","CompanyCraftPart#0","CompanyCraftPart#0","CompanyCraftPart#0","CompanyCraftPart#0",5
511,"Tatanora-type Propellers",5,"Airships & Submersibles","Airship Rigging","airship prototype VI","CompanyCraftPart#0","CompanyCraftPart#405","CompanyCraftPart#0","CompanyCraftPart#0","CompanyCraftPart#0","CompanyCraftPart#0","CompanyCraftPart#0","CompanyCraftPart#0",6
512,"Bronco-type Forecastle",5,"Airships & Submersibles","Airship Forecastle",,"CompanyCraftPart#0","CompanyCraftPart#0","CompanyCraftPart#500","CompanyCraftPart#0","CompanyCraftPart#0","CompanyCraftPart#0","CompanyCraftPart#0","CompanyCraftPart#0",1
513,"Invincible-type Forecastle",5,"Airships & Submersibles","Airship Forecastle","airship prototype II","CompanyCraftPart#0","CompanyCraftPart#0","CompanyCraftPart#501","CompanyCraftPart#0","CompanyCraftPart#0","CompanyCraftPart#0","CompanyCraftPart#0","CompanyCraftPart#0",2
514,"Enterprise-type Forecastle",5,"Airships & Submersibles","Airship Forecastle","airship prototype III","CompanyCraftPart#0","CompanyCraftPart#0","CompanyCraftPart#502","CompanyCraftPart#0","CompanyCraftPart#0","CompanyCraftPart#0","CompanyCraftPart#0","CompanyCraftPart#0",3
515,"Invincible II-type Forecastle",5,"Airships & Submersibles","Airship Forecastle","airship prototype IV","CompanyCraftPart#0","CompanyCraftPart#0","CompanyCraftPart#503","CompanyCraftPart#0","CompanyCraftPart#0","CompanyCraftPart#0","CompanyCraftPart#0","CompanyCraftPart#0",4
516,"Odyssey-type Forecastle",5,"Airships & Submersibles","Airship Forecastle","airship prototype V","CompanyCraftPart#0","CompanyCraftPart#0","CompanyCraftPart#504","CompanyCraftPart#0","CompanyCraftPart#0","CompanyCraftPart#0","CompanyCraftPart#0","CompanyCraftPart#0",5
517,"Tatanora-type Forecastle",5,"Airships & Submersibles","Airship Forecastle","airship prototype VI","CompanyCraftPart#0","CompanyCraftPart#0","CompanyCraftPart#505","CompanyCraftPart#0","CompanyCraftPart#0","CompanyCraftPart#0","CompanyCraftPart#0","CompanyCraftPart#0",6
518,"Bronco-type Aftcastle",5,"Airships & Submersibles","Airship Aftcastle",,"CompanyCraftPart#0","CompanyCraftPart#0","CompanyCraftPart#0","CompanyCraftPart#600","CompanyCraftPart#0","CompanyCraftPart#0","CompanyCraftPart#0","CompanyCraftPart#0",1
519,"Invincible-type Aftcastle",5,"Airships & Submersibles","Airship Aftcastle","airship prototype II","CompanyCraftPart#0","CompanyCraftPart#0","CompanyCraftPart#0","CompanyCraftPart#601","CompanyCraftPart#0","CompanyCraftPart#0","CompanyCraftPart#0","CompanyCraftPart#0",2
520,"Enterprise-type Aftcastle",5,"Airships & Submersibles","Airship Aftcastle","airship prototype III","CompanyCraftPart#0","CompanyCraftPart#0","CompanyCraftPart#0","CompanyCraftPart#602","CompanyCraftPart#0","CompanyCraftPart#0","CompanyCraftPart#0","CompanyCraftPart#0",3
521,"Invincible II-type Aftcastle",5,"Airships & Submersibles","Airship Aftcastle","airship prototype IV","CompanyCraftPart#0","CompanyCraftPart#0","CompanyCraftPart#0","CompanyCraftPart#603","CompanyCraftPart#0","CompanyCraftPart#0","CompanyCraftPart#0","CompanyCraftPart#0",4
522,"Odyssey-type Aftcastle",5,"Airships & Submersibles","Airship Aftcastle","airship prototype V","CompanyCraftPart#0","CompanyCraftPart#0","CompanyCraftPart#0","CompanyCraftPart#604","CompanyCraftPart#0","CompanyCraftPart#0","CompanyCraftPart#0","CompanyCraftPart#0",5
523,"Tatanora-type Aftcastle",5,"Airships & Submersibles","Airship Aftcastle","airship prototype VI","CompanyCraftPart#0","CompanyCraftPart#0","CompanyCraftPart#0","CompanyCraftPart#605","CompanyCraftPart#0","CompanyCraftPart#0","CompanyCraftPart#0","CompanyCraftPart#0",6
524,"Viltgance-type Hull",5,"Airships & Submersibles","Airship Hull","airship prototype VII","CompanyCraftPart#306","CompanyCraftPart#0","CompanyCraftPart#0","CompanyCraftPart#0","CompanyCraftPart#0","CompanyCraftPart#0","CompanyCraftPart#0","CompanyCraftPart#0",7
525,"Viltgance-type Aetherwings",5,"Airships & Submersibles","Airship Rigging","airship prototype VII","CompanyCraftPart#0","CompanyCraftPart#406","CompanyCraftPart#0","CompanyCraftPart#0","CompanyCraftPart#0","CompanyCraftPart#0","CompanyCraftPart#0","CompanyCraftPart#0",7
526,"Viltgance-type Forecastle",5,"Airships & Submersibles","Airship Forecastle","airship prototype VII","CompanyCraftPart#0","CompanyCraftPart#0","CompanyCraftPart#506","CompanyCraftPart#0","CompanyCraftPart#0","CompanyCraftPart#0","CompanyCraftPart#0","CompanyCraftPart#0",7
527,"Viltgance-type Aftcastle",5,"Airships & Submersibles","Airship Aftcastle","airship prototype VII","CompanyCraftPart#0","CompanyCraftPart#0","CompanyCraftPart#0","CompanyCraftPart#606","CompanyCraftPart#0","CompanyCraftPart#0","CompanyCraftPart#0","CompanyCraftPart#0",7
528,"Shark-class Pressure Hull",7,"Airships & Submersibles","Submersible Hull","submersible prototype I","CompanyCraftPart#1500","CompanyCraftPart#0","CompanyCraftPart#0","CompanyCraftPart#0","CompanyCraftPart#0","CompanyCraftPart#0","CompanyCraftPart#0","CompanyCraftPart#0",1
529,"Shark-class Stern",7,"Airships & Submersibles","Submersible Stern","submersible prototype I","CompanyCraftPart#0","CompanyCraftPart#0","CompanyCraftPart#0","CompanyCraftPart#1600","CompanyCraftPart#0","CompanyCraftPart#0","CompanyCraftPart#0","CompanyCraftPart#0",1
530,"Shark-class Bow",7,"Airships & Submersibles","Submersible Bow","submersible prototype I","CompanyCraftPart#0","CompanyCraftPart#0","CompanyCraftPart#1700","CompanyCraftPart#0","CompanyCraftPart#0","CompanyCraftPart#0","CompanyCraftPart#0","CompanyCraftPart#0",1
531,"Shark-class Bridge",7,"Airships & Submersibles","Submersible Bridge","submersible prototype I","CompanyCraftPart#0","CompanyCraftPart#1800","CompanyCraftPart#0","CompanyCraftPart#0","CompanyCraftPart#0","CompanyCraftPart#0","CompanyCraftPart#0","CompanyCraftPart#0",1
532,"Unkiu-class Pressure Hull",7,"Airships & Submersibles","Submersible Hull","submersible prototype II","CompanyCraftPart#1501","CompanyCraftPart#0","CompanyCraftPart#0","CompanyCraftPart#0","CompanyCraftPart#0","CompanyCraftPart#0","CompanyCraftPart#0","CompanyCraftPart#0",2
533,"Unkiu-class Stern",7,"Airships & Submersibles","Submersible Stern","submersible prototype II","CompanyCraftPart#0","CompanyCraftPart#0","CompanyCraftPart#0","CompanyCraftPart#1601","CompanyCraftPart#0","CompanyCraftPart#0","CompanyCraftPart#0","CompanyCraftPart#0",2
534,"Unkiu-class Bow",7,"Airships & Submersibles","Submersible Bow","submersible prototype II","CompanyCraftPart#0","CompanyCraftPart#0","CompanyCraftPart#1701","CompanyCraftPart#0","CompanyCraftPart#0","CompanyCraftPart#0","CompanyCraftPart#0","CompanyCraftPart#0",2
535,"Unkiu-class Bridge",7,"Airships & Submersibles","Submersible Bridge","submersible prototype II","CompanyCraftPart#0","CompanyCraftPart#1801","CompanyCraftPart#0","CompanyCraftPart#0","CompanyCraftPart#0","CompanyCraftPart#0","CompanyCraftPart#0","CompanyCraftPart#0",2
536,"Whale-class Pressure Hull",7,"Airships & Submersibles","Submersible Hull","submersible prototype III","CompanyCraftPart#1502","CompanyCraftPart#0","CompanyCraftPart#0","CompanyCraftPart#0","CompanyCraftPart#0","CompanyCraftPart#0","CompanyCraftPart#0","CompanyCraftPart#0",3
537,"Whale-class Stern",7,"Airships & Submersibles","Submersible Stern","submersible prototype III","CompanyCraftPart#0","CompanyCraftPart#0","CompanyCraftPart#0","CompanyCraftPart#1602","CompanyCraftPart#0","CompanyCraftPart#0","CompanyCraftPart#0","CompanyCraftPart#0",3
538,"Whale-class Bow",7,"Airships & Submersibles","Submersible Bow","submersible prototype III","CompanyCraftPart#0","CompanyCraftPart#0","CompanyCraftPart#1702","CompanyCraftPart#0","CompanyCraftPart#0","CompanyCraftPart#0","CompanyCraftPart#0","CompanyCraftPart#0",3
539,"Whale-class Bridge",7,"Airships & Submersibles","Submersible Bridge","submersible prototype III","CompanyCraftPart#0","CompanyCraftPart#1802","CompanyCraftPart#0","CompanyCraftPart#0","CompanyCraftPart#0","CompanyCraftPart#0","CompanyCraftPart#0","CompanyCraftPart#0",3
540,"Coelacanth-class Pressure Hull",7,"Airships & Submersibles","Submersible Hull","submersible prototype IV","CompanyCraftPart#1503","CompanyCraftPart#0","CompanyCraftPart#0","CompanyCraftPart#0","CompanyCraftPart#0","CompanyCraftPart#0","CompanyCraftPart#0","CompanyCraftPart#0",4
541,"Coelacanth-class Stern",7,"Airships & Submersibles","Submersible Stern","submersible prototype IV","CompanyCraftPart#0","CompanyCraftPart#0","CompanyCraftPart#0","CompanyCraftPart#1603","CompanyCraftPart#0","CompanyCraftPart#0","CompanyCraftPart#0","CompanyCraftPart#0",4
542,"Coelacanth-class Bow",7,"Airships & Submersibles","Submersible Bow","submersible prototype IV","CompanyCraftPart#0","CompanyCraftPart#0","CompanyCraftPart#1703","CompanyCraftPart#0","CompanyCraftPart#0","CompanyCraftPart#0","CompanyCraftPart#0","CompanyCraftPart#0",4
543,"Coelacanth-class Bridge",7,"Airships & Submersibles","Submersible Bridge","submersible prototype IV","CompanyCraftPart#0","CompanyCraftPart#1803","CompanyCraftPart#0","CompanyCraftPart#0","CompanyCraftPart#0","CompanyCraftPart#0","CompanyCraftPart#0","CompanyCraftPart#0",4
544,"Syldra-class Pressure Hull",7,"Airships & Submersibles","Submersible Hull","submersible prototype V","CompanyCraftPart#1504","CompanyCraftPart#0","CompanyCraftPart#0","CompanyCraftPart#0","CompanyCraftPart#0","CompanyCraftPart#0","CompanyCraftPart#0","CompanyCraftPart#0",5
545,"Syldra-class Stern",7,"Airships & Submersibles","Submersible Stern","submersible prototype V","CompanyCraftPart#0","CompanyCraftPart#0","CompanyCraftPart#0","CompanyCraftPart#1604","CompanyCraftPart#0","CompanyCraftPart#0","CompanyCraftPart#0","CompanyCraftPart#0",5
546,"Syldra-class Bow",7,"Airships & Submersibles","Submersible Bow","submersible prototype V","CompanyCraftPart#0","CompanyCraftPart#0","CompanyCraftPart#1704","CompanyCraftPart#0","CompanyCraftPart#0","CompanyCraftPart#0","CompanyCraftPart#0","CompanyCraftPart#0",5
547,"Syldra-class Bridge",7,"Airships & Submersibles","Submersible Bridge","submersible prototype V","CompanyCraftPart#0","CompanyCraftPart#1804","CompanyCraftPart#0","CompanyCraftPart#0","CompanyCraftPart#0","CompanyCraftPart#0","CompanyCraftPart#0","CompanyCraftPart#0",5
548,"Modified Shark-class Pressure Hull",7,"Airships & Submersibles","Submersible Hull","submersible prototype VI","CompanyCraftPart#1505","CompanyCraftPart#0","CompanyCraftPart#0","CompanyCraftPart#0","CompanyCraftPart#0","CompanyCraftPart#0","CompanyCraftPart#0","CompanyCraftPart#0",6
549,"Modified Shark-class Stern",7,"Airships & Submersibles","Submersible Stern","submersible prototype VI","CompanyCraftPart#0","CompanyCraftPart#0","CompanyCraftPart#0","CompanyCraftPart#1605","CompanyCraftPart#0","CompanyCraftPart#0","CompanyCraftPart#0","CompanyCraftPart#0",6
550,"Modified Shark-class Bow",7,"Airships & Submersibles","Submersible Bow","submersible prototype VI","CompanyCraftPart#0","CompanyCraftPart#0","CompanyCraftPart#1705","CompanyCraftPart#0","CompanyCraftPart#0","CompanyCraftPart#0","CompanyCraftPart#0","CompanyCraftPart#0",6
551,"Modified Shark-class Bridge",7,"Airships & Submersibles","Submersible Bridge","submersible prototype VI","CompanyCraftPart#0","CompanyCraftPart#1805","CompanyCraftPart#0","CompanyCraftPart#0","CompanyCraftPart#0","CompanyCraftPart#0","CompanyCraftPart#0","CompanyCraftPart#0",6
552,"Modified Unkiu-class Pressure Hull",7,"Airships & Submersibles","Submersible Hull","submersible prototype VI","CompanyCraftPart#1506","CompanyCraftPart#0","CompanyCraftPart#0","CompanyCraftPart#0","CompanyCraftPart#0","CompanyCraftPart#0","CompanyCraftPart#0","CompanyCraftPart#0",7
553,"Modified Unkiu-class Stern",7,"Airships & Submersibles","Submersible Stern","submersible prototype VI","CompanyCraftPart#0","CompanyCraftPart#0","CompanyCraftPart#0","CompanyCraftPart#1606","CompanyCraftPart#0","CompanyCraftPart#0","CompanyCraftPart#0","CompanyCraftPart#0",7
554,"Modified Unkiu-class Bow",7,"Airships & Submersibles","Submersible Bow","submersible prototype VI","CompanyCraftPart#0","CompanyCraftPart#0","CompanyCraftPart#1706","CompanyCraftPart#0","CompanyCraftPart#0","CompanyCraftPart#0","CompanyCraftPart#0","CompanyCraftPart#0",7
555,"Modified Unkiu-class Bridge",7,"Airships & Submersibles","Submersible Bridge","submersible prototype VI","CompanyCraftPart#0","CompanyCraftPart#1806","CompanyCraftPart#0","CompanyCraftPart#0","CompanyCraftPart#0","CompanyCraftPart#0","CompanyCraftPart#0","CompanyCraftPart#0",7
556,"Modified Whale-class Pressure Hull",7,"Airships & Submersibles","Submersible Hull","submersible prototype VI","CompanyCraftPart#1507","CompanyCraftPart#0","CompanyCraftPart#0","CompanyCraftPart#0","CompanyCraftPart#0","CompanyCraftPart#0","CompanyCraftPart#0","CompanyCraftPart#0",8
557,"Modified Whale-class Stern",7,"Airships & Submersibles","Submersible Stern","submersible prototype VI","CompanyCraftPart#0","CompanyCraftPart#0","CompanyCraftPart#0","CompanyCraftPart#1607","CompanyCraftPart#0","CompanyCraftPart#0","CompanyCraftPart#0","CompanyCraftPart#0",8
558,"Modified Whale-class Bow",7,"Airships & Submersibles","Submersible Bow","submersible prototype VI","CompanyCraftPart#0","CompanyCraftPart#0","CompanyCraftPart#1707","CompanyCraftPart#0","CompanyCraftPart#0","CompanyCraftPart#0","CompanyCraftPart#0","CompanyCraftPart#0",8
559,"Modified Whale-class Bridge",7,"Airships & Submersibles","Submersible Bridge","submersible prototype VI","CompanyCraftPart#0","CompanyCraftPart#1807","CompanyCraftPart#0","CompanyCraftPart#0","CompanyCraftPart#0","CompanyCraftPart#0","CompanyCraftPart#0","CompanyCraftPart#0",8
560,"Modified Coelacanth-class Pressure Hull",7,"Airships & Submersibles","Submersible Hull","submersible prototype VI","CompanyCraftPart#1508","CompanyCraftPart#0","CompanyCraftPart#0","CompanyCraftPart#0","CompanyCraftPart#0","CompanyCraftPart#0","CompanyCraftPart#0","CompanyCraftPart#0",9
561,"Modified Coelacanth-class Stern",7,"Airships & Submersibles","Submersible Stern","submersible prototype VI","CompanyCraftPart#0","CompanyCraftPart#0","CompanyCraftPart#0","CompanyCraftPart#1608","CompanyCraftPart#0","CompanyCraftPart#0","CompanyCraftPart#0","CompanyCraftPart#0",9
562,"Modified Coelacanth-class Bow",7,"Airships & Submersibles","Submersible Bow","submersible prototype VI","CompanyCraftPart#0","CompanyCraftPart#0","CompanyCraftPart#1708","CompanyCraftPart#0","CompanyCraftPart#0","CompanyCraftPart#0","CompanyCraftPart#0","CompanyCraftPart#0",9
563,"Modified Coelacanth-class Bridge",7,"Airships & Submersibles","Submersible Bridge","submersible prototype VI","CompanyCraftPart#0","CompanyCraftPart#1808","CompanyCraftPart#0","CompanyCraftPart#0","CompanyCraftPart#0","CompanyCraftPart#0","CompanyCraftPart#0","CompanyCraftPart#0",9
564,"Modified Syldra-class Pressure Hull",7,"Airships & Submersibles","Submersible Hull","submersible prototype VI","CompanyCraftPart#1509","CompanyCraftPart#0","CompanyCraftPart#0","CompanyCraftPart#0","CompanyCraftPart#0","CompanyCraftPart#0","CompanyCraftPart#0","CompanyCraftPart#0",10
565,"Modified Syldra-class Stern",7,"Airships & Submersibles","Submersible Stern","submersible prototype VI","CompanyCraftPart#0","CompanyCraftPart#0","CompanyCraftPart#0","CompanyCraftPart#1609","CompanyCraftPart#0","CompanyCraftPart#0","CompanyCraftPart#0","CompanyCraftPart#0",10
566,"Modified Syldra-class Bow",7,"Airships & Submersibles","Submersible Bow","submersible prototype VI","CompanyCraftPart#0","CompanyCraftPart#0","CompanyCraftPart#1709","CompanyCraftPart#0","CompanyCraftPart#0","CompanyCraftPart#0","CompanyCraftPart#0","CompanyCraftPart#0",10
567,"Modified Syldra-class Bridge",7,"Airships & Submersibles","Submersible Bridge","submersible prototype VI","CompanyCraftPart#0","CompanyCraftPart#1809","CompanyCraftPart#0","CompanyCraftPart#0","CompanyCraftPart#0","CompanyCraftPart#0","CompanyCraftPart#0","CompanyCraftPart#0",10
1000,"Small Merchant's Walls",2,"Housing","Full Estate Exterior",,"CompanyCraftPart#700","CompanyCraftPart#800","CompanyCraftPart#900","CompanyCraftPart#1000","CompanyCraftPart#1103","CompanyCraftPart#1202","CompanyCraftPart#1302","CompanyCraftPart#1400",1
1001,"Medium Merchant's Walls",3,"Housing","Full Estate Exterior",,"CompanyCraftPart#701","CompanyCraftPart#801","CompanyCraftPart#900","CompanyCraftPart#1000","CompanyCraftPart#1103","CompanyCraftPart#1202","CompanyCraftPart#1302","CompanyCraftPart#1400",2
1002,"Large Merchant's Walls",4,"Housing","Full Estate Exterior",,"CompanyCraftPart#702","CompanyCraftPart#802","CompanyCraftPart#900","CompanyCraftPart#1000","CompanyCraftPart#1103","CompanyCraftPart#1202","CompanyCraftPart#1302","CompanyCraftPart#1400",3
1003,"Small Eatery Walls",2,"Housing","Full Estate Exterior","restaurant prototype","CompanyCraftPart#703","CompanyCraftPart#803","CompanyCraftPart#901","CompanyCraftPart#1001","CompanyCraftPart#1102","CompanyCraftPart#1203","CompanyCraftPart#1303","CompanyCraftPart#1401",4
1004,"Medium Eatery Walls",3,"Housing","Full Estate Exterior","restaurant prototype","CompanyCraftPart#704","CompanyCraftPart#804","CompanyCraftPart#901","CompanyCraftPart#1001","CompanyCraftPart#1102","CompanyCraftPart#1203","CompanyCraftPart#1303","CompanyCraftPart#1401",5
1005,"Large Eatery Walls",4,"Housing","Full Estate Exterior","restaurant prototype","CompanyCraftPart#705","CompanyCraftPart#805","CompanyCraftPart#901","CompanyCraftPart#1001","CompanyCraftPart#1102","CompanyCraftPart#1203","CompanyCraftPart#1303","CompanyCraftPart#1401",6
1006,"Small Outfitter's Walls",2,"Housing","Full Estate Exterior","armor shop prototype","CompanyCraftPart#706","CompanyCraftPart#806","CompanyCraftPart#902","CompanyCraftPart#1002","CompanyCraftPart#1101","CompanyCraftPart#1201","CompanyCraftPart#1301","CompanyCraftPart#1402",7
1007,"Medium Outfitter's Walls",3,"Housing","Full Estate Exterior","armor shop prototype","CompanyCraftPart#707","CompanyCraftPart#807","CompanyCraftPart#902","CompanyCraftPart#1002","CompanyCraftPart#1101","CompanyCraftPart#1201","CompanyCraftPart#1301","CompanyCraftPart#1402",8
1008,"Large Outfitter's Walls",4,"Housing","Full Estate Exterior","armor shop prototype","CompanyCraftPart#708","CompanyCraftPart#808","CompanyCraftPart#902","CompanyCraftPart#1002","CompanyCraftPart#1101","CompanyCraftPart#1201","CompanyCraftPart#1301","CompanyCraftPart#1402",9
1009,"Small Arms Supplier's Walls",2,"Housing","Full Estate Exterior","weapon shop prototype","CompanyCraftPart#709","CompanyCraftPart#809","CompanyCraftPart#903","CompanyCraftPart#1003","CompanyCraftPart#1100","CompanyCraftPart#1200","CompanyCraftPart#1300","CompanyCraftPart#1403",10
1010,"Medium Arms Supplier's Walls",3,"Housing","Full Estate Exterior","weapon shop prototype","CompanyCraftPart#710","CompanyCraftPart#810","CompanyCraftPart#903","CompanyCraftPart#1003","CompanyCraftPart#1100","CompanyCraftPart#1200","CompanyCraftPart#1300","CompanyCraftPart#1403",11
1011,"Large Arms Supplier's Walls",4,"Housing","Full Estate Exterior","weapon shop prototype","CompanyCraftPart#711","CompanyCraftPart#811","CompanyCraftPart#903","CompanyCraftPart#1003","CompanyCraftPart#1100","CompanyCraftPart#1200","CompanyCraftPart#1300","CompanyCraftPart#1403",12
1012,"Microscopically Small Mogwalls",2,"Housing","Full Estate Exterior","moghouse prototype","CompanyCraftPart#712","CompanyCraftPart#812","CompanyCraftPart#904","CompanyCraftPart#1004","CompanyCraftPart#1104","CompanyCraftPart#1204","CompanyCraftPart#1304","CompanyCraftPart#1404",13
1013,"Middlingly Medium Mogwalls",3,"Housing","Full Estate Exterior","moghouse prototype","CompanyCraftPart#713","CompanyCraftPart#813","CompanyCraftPart#904","CompanyCraftPart#1004","CompanyCraftPart#1104","CompanyCraftPart#1204","CompanyCraftPart#1304","CompanyCraftPart#1404",14
1014,"Monstrously Large Mogwalls",4,"Housing","Full Estate Exterior","moghouse prototype","CompanyCraftPart#714","CompanyCraftPart#814","CompanyCraftPart#904","CompanyCraftPart#1004","CompanyCraftPart#1104","CompanyCraftPart#1204","CompanyCraftPart#1304","CompanyCraftPart#1404",15
1015,"Chocobo Cottage Walls",2,"Housing","Full Estate Exterior","chocobo house prototype","CompanyCraftPart#715","CompanyCraftPart#815","CompanyCraftPart#905","CompanyCraftPart#1005","CompanyCraftPart#1105","CompanyCraftPart#1205","CompanyCraftPart#1305","CompanyCraftPart#1405",16
1016,"Chocobo House Walls",3,"Housing","Full Estate Exterior","chocobo house prototype","CompanyCraftPart#716","CompanyCraftPart#816","CompanyCraftPart#905","CompanyCraftPart#1005","CompanyCraftPart#1105","CompanyCraftPart#1205","CompanyCraftPart#1305","CompanyCraftPart#1405",17
1017,"Chocobo Mansion Walls",4,"Housing","Full Estate Exterior","chocobo house prototype","CompanyCraftPart#717","CompanyCraftPart#817","CompanyCraftPart#905","CompanyCraftPart#1005","CompanyCraftPart#1105","CompanyCraftPart#1205","CompanyCraftPart#1305","CompanyCraftPart#1405",18
1018,"Paissa Cottage Walls",2,"Housing","Full Estate Exterior","paissa house prototype","CompanyCraftPart#718","CompanyCraftPart#818","CompanyCraftPart#906","CompanyCraftPart#1006","CompanyCraftPart#1106","CompanyCraftPart#1206","CompanyCraftPart#0","CompanyCraftPart#0",19
1019,"Paissa House Walls",3,"Housing","Full Estate Exterior","paissa house prototype","CompanyCraftPart#719","CompanyCraftPart#819","CompanyCraftPart#906","CompanyCraftPart#1006","CompanyCraftPart#1106","CompanyCraftPart#1206","CompanyCraftPart#0","CompanyCraftPart#0",20
1020,"Paissa Mansion Walls",4,"Housing","Full Estate Exterior","paissa house prototype","CompanyCraftPart#720","CompanyCraftPart#820","CompanyCraftPart#906","CompanyCraftPart#1006","CompanyCraftPart#1106","CompanyCraftPart#1206","CompanyCraftPart#0","CompanyCraftPart#0",21
1021,"Carbuncle Cottage Walls",2,"Housing","Full Estate Exterior","Carbuncle house prototype","CompanyCraftPart#721","CompanyCraftPart#821","CompanyCraftPart#907","CompanyCraftPart#1007","CompanyCraftPart#1107","CompanyCraftPart#1207","CompanyCraftPart#0","CompanyCraftPart#0",22
1022,"Carbuncle House Walls",3,"Housing","Full Estate Exterior","Carbuncle house prototype","CompanyCraftPart#722","CompanyCraftPart#822","CompanyCraftPart#907","CompanyCraftPart#1007","CompanyCraftPart#1107","CompanyCraftPart#1207","CompanyCraftPart#0","CompanyCraftPart#0",23
1023,"Carbuncle Mansion Walls",4,"Housing","Full Estate Exterior","Carbuncle house prototype","CompanyCraftPart#723","CompanyCraftPart#823","CompanyCraftPart#907","CompanyCraftPart#1007","CompanyCraftPart#1107","CompanyCraftPart#1207","CompanyCraftPart#0","CompanyCraftPart#0",24
1024,"Small Shirogane Castle Walls",2,"Housing","Full Estate Exterior","Shirogane Castle prototype","CompanyCraftPart#724","CompanyCraftPart#824","CompanyCraftPart#908","CompanyCraftPart#1008","CompanyCraftPart#1108","CompanyCraftPart#1208","CompanyCraftPart#0","CompanyCraftPart#0",25
1025,"Medium Shirogane Castle Walls",3,"Housing","Full Estate Exterior","Shirogane Castle prototype","CompanyCraftPart#725","CompanyCraftPart#825","CompanyCraftPart#908","CompanyCraftPart#1008","CompanyCraftPart#1108","CompanyCraftPart#1208","CompanyCraftPart#0","CompanyCraftPart#0",26
1026,"Large Shirogane Castle Walls",4,"Housing","Full Estate Exterior","Shirogane Castle prototype","CompanyCraftPart#726","CompanyCraftPart#826","CompanyCraftPart#908","CompanyCraftPart#1008","CompanyCraftPart#1108","CompanyCraftPart#1208","CompanyCraftPart#0","CompanyCraftPart#0",27
1027,"Odder Otter Cottage Walls",2,"Housing","Full Estate Exterior","odder otter house prototype","CompanyCraftPart#727","CompanyCraftPart#827","CompanyCraftPart#909","CompanyCraftPart#1009","CompanyCraftPart#1109","CompanyCraftPart#1209","CompanyCraftPart#0","CompanyCraftPart#0",28
1028,"Odder Otter House Walls",3,"Housing","Full Estate Exterior","odder otter house prototype","CompanyCraftPart#728","CompanyCraftPart#828","CompanyCraftPart#909","CompanyCraftPart#1009","CompanyCraftPart#1109","CompanyCraftPart#1209","CompanyCraftPart#0","CompanyCraftPart#0",29
1029,"Odder Otter Mansion Walls",4,"Housing","Full Estate Exterior","odder otter house prototype","CompanyCraftPart#729","CompanyCraftPart#829","CompanyCraftPart#909","CompanyCraftPart#1009","CompanyCraftPart#1109","CompanyCraftPart#1209","CompanyCraftPart#0","CompanyCraftPart#0",30
1030,"Trader's Cottage Walls",2,"Housing","Full Estate Exterior",,"CompanyCraftPart#730","CompanyCraftPart#830","CompanyCraftPart#910","CompanyCraftPart#1010","CompanyCraftPart#1110","CompanyCraftPart#1210","CompanyCraftPart#0","CompanyCraftPart#0",31
1031,"Trader's House Walls",3,"Housing","Full Estate Exterior",,"CompanyCraftPart#731","CompanyCraftPart#831","CompanyCraftPart#910","CompanyCraftPart#1010","CompanyCraftPart#1110","CompanyCraftPart#1210","CompanyCraftPart#0","CompanyCraftPart#0",32
1032,"Trader's Mansion Walls",4,"Housing","Full Estate Exterior",,"CompanyCraftPart#732","CompanyCraftPart#832","CompanyCraftPart#910","CompanyCraftPart#1010","CompanyCraftPart#1110","CompanyCraftPart#1210","CompanyCraftPart#0","CompanyCraftPart#0",33
1033,"Half-timbered Cottage Walls",2,"Housing","Full Estate Exterior","half-timbered house prototype","CompanyCraftPart#733","CompanyCraftPart#833","CompanyCraftPart#911","CompanyCraftPart#1011","CompanyCraftPart#1111","CompanyCraftPart#1211","CompanyCraftPart#0","CompanyCraftPart#0",34
1034,"Half-timbered House Walls",3,"Housing","Full Estate Exterior","half-timbered house prototype","CompanyCraftPart#734","CompanyCraftPart#834","CompanyCraftPart#911","CompanyCraftPart#1011","CompanyCraftPart#1111","CompanyCraftPart#1211","CompanyCraftPart#0","CompanyCraftPart#0",35
1035,"Half-timbered Mansion Walls",4,"Housing","Full Estate Exterior","half-timbered house prototype","CompanyCraftPart#735","CompanyCraftPart#835","CompanyCraftPart#911","CompanyCraftPart#1011","CompanyCraftPart#1111","CompanyCraftPart#1211","CompanyCraftPart#0","CompanyCraftPart#0",36
1036,"Small Smithy Walls",2,"Housing","Full Estate Exterior","smithy prototype","CompanyCraftPart#736","CompanyCraftPart#836","CompanyCraftPart#912","CompanyCraftPart#1012","CompanyCraftPart#1112","CompanyCraftPart#1212","CompanyCraftPart#0","CompanyCraftPart#0",37
1037,"Medium Smithy Walls",3,"Housing","Full Estate Exterior","smithy prototype","CompanyCraftPart#737","CompanyCraftPart#837","CompanyCraftPart#912","CompanyCraftPart#1012","CompanyCraftPart#1112","CompanyCraftPart#1212","CompanyCraftPart#0","CompanyCraftPart#0",38
1038,"Large Smithy Walls",4,"Housing","Full Estate Exterior","smithy prototype","CompanyCraftPart#738","CompanyCraftPart#838","CompanyCraftPart#912","CompanyCraftPart#1012","CompanyCraftPart#1112","CompanyCraftPart#1212","CompanyCraftPart#0","CompanyCraftPart#0",39
1039,"Small Florist's Walls",2,"Housing","Full Estate Exterior","florist prototype","CompanyCraftPart#739","CompanyCraftPart#839","CompanyCraftPart#913","CompanyCraftPart#1013","CompanyCraftPart#1113","CompanyCraftPart#1213","CompanyCraftPart#0","CompanyCraftPart#0",40
1040,"Medium Florist's Walls",3,"Housing","Full Estate Exterior","florist prototype","CompanyCraftPart#740","CompanyCraftPart#840","CompanyCraftPart#913","CompanyCraftPart#1013","CompanyCraftPart#1113","CompanyCraftPart#1213","CompanyCraftPart#0","CompanyCraftPart#0",41
1041,"Large Florist's Walls",4,"Housing","Full Estate Exterior","florist prototype","CompanyCraftPart#741","CompanyCraftPart#841","CompanyCraftPart#913","CompanyCraftPart#1013","CompanyCraftPart#1113","CompanyCraftPart#1213","CompanyCraftPart#0","CompanyCraftPart#0",42
1042,"Small Forge's Walls",2,"Housing","Full Estate Exterior","forge prototype","CompanyCraftPart#742","CompanyCraftPart#842","CompanyCraftPart#914","CompanyCraftPart#1014","CompanyCraftPart#1114","CompanyCraftPart#1214","CompanyCraftPart#0","CompanyCraftPart#0",43
1043,"Medium Forge's Walls",3,"Housing","Full Estate Exterior","forge prototype","CompanyCraftPart#743","CompanyCraftPart#843","CompanyCraftPart#914","CompanyCraftPart#1014","CompanyCraftPart#1114","CompanyCraftPart#1214","CompanyCraftPart#0","CompanyCraftPart#0",44
1044,"Large Forge's Walls",4,"Housing","Full Estate Exterior","forge prototype","CompanyCraftPart#744","CompanyCraftPart#844","CompanyCraftPart#914","CompanyCraftPart#1014","CompanyCraftPart#1114","CompanyCraftPart#1214","CompanyCraftPart#0","CompanyCraftPart#0",45
1045,"Small Cafe Walls",2,"Housing","Full Estate Exterior","cafe prototype","CompanyCraftPart#745","CompanyCraftPart#845","CompanyCraftPart#915","CompanyCraftPart#1015","CompanyCraftPart#1115","CompanyCraftPart#1215","CompanyCraftPart#0","CompanyCraftPart#0",46
1046,"Medium Cafe Walls",3,"Housing","Full Estate Exterior","cafe prototype","CompanyCraftPart#746","CompanyCraftPart#846","CompanyCraftPart#915","CompanyCraftPart#1015","CompanyCraftPart#1115","CompanyCraftPart#1215","CompanyCraftPart#0","CompanyCraftPart#0",47
1047,"Large Cafe Walls",4,"Housing","Full Estate Exterior","cafe prototype","CompanyCraftPart#747","CompanyCraftPart#847","CompanyCraftPart#915","CompanyCraftPart#1015","CompanyCraftPart#1115","CompanyCraftPart#1215","CompanyCraftPart#0","CompanyCraftPart#0",48
1048,"Gingerbread Cottage Walls",2,"Housing","Full Estate Exterior","gingerbread house prototype","CompanyCraftPart#748","CompanyCraftPart#848","CompanyCraftPart#916","CompanyCraftPart#1016","CompanyCraftPart#1116","CompanyCraftPart#1216","CompanyCraftPart#0","CompanyCraftPart#0",49
1049,"Gingerbread House Walls",3,"Housing","Full Estate Exterior","gingerbread house prototype","CompanyCraftPart#749","CompanyCraftPart#849","CompanyCraftPart#916","CompanyCraftPart#1016","CompanyCraftPart#1116","CompanyCraftPart#1216","CompanyCraftPart#0","CompanyCraftPart#0",50
1050,"Gingerbread Mansion Walls",4,"Housing","Full Estate Exterior","gingerbread house prototype","CompanyCraftPart#750","CompanyCraftPart#850","CompanyCraftPart#916","CompanyCraftPart#1016","CompanyCraftPart#1116","CompanyCraftPart#1216","CompanyCraftPart#0","CompanyCraftPart#0",51
1051,"Sukiya-zukuri Cottage Walls",2,"Housing","Full Estate Exterior","sukiya-zukuri prototype","CompanyCraftPart#751","CompanyCraftPart#851","CompanyCraftPart#917","CompanyCraftPart#1017","CompanyCraftPart#1117","CompanyCraftPart#1217","CompanyCraftPart#0","CompanyCraftPart#0",52
1052,"Sukiya-zukuri House Walls",3,"Housing","Full Estate Exterior","sukiya-zukuri prototype","CompanyCraftPart#752","CompanyCraftPart#852","CompanyCraftPart#917","CompanyCraftPart#1017","CompanyCraftPart#1117","CompanyCraftPart#1217","CompanyCraftPart#0","CompanyCraftPart#0",53
1053,"Sukiya-zukuri Mansion Walls",4,"Housing","Full Estate Exterior","sukiya-zukuri prototype","CompanyCraftPart#753","CompanyCraftPart#853","CompanyCraftPart#917","CompanyCraftPart#1017","CompanyCraftPart#1117","CompanyCraftPart#1217","CompanyCraftPart#0","CompanyCraftPart#0",54
1054,"Country Cottage Wall",2,"Housing","Full Estate Exterior","country house prototype","CompanyCraftPart#754","CompanyCraftPart#854","CompanyCraftPart#918","CompanyCraftPart#1018","CompanyCraftPart#1118","CompanyCraftPart#1218","CompanyCraftPart#0","CompanyCraftPart#0",55
1055,"Country House Wall",3,"Housing","Full Estate Exterior","country house prototype","CompanyCraftPart#755","CompanyCraftPart#855","CompanyCraftPart#918","CompanyCraftPart#1018","CompanyCraftPart#1118","CompanyCraftPart#1218","CompanyCraftPart#0","CompanyCraftPart#0",56
1056,"Country Mansion Wall",4,"Housing","Full Estate Exterior","country house prototype","CompanyCraftPart#756","CompanyCraftPart#856","CompanyCraftPart#918","CompanyCraftPart#1018","CompanyCraftPart#1118","CompanyCraftPart#1218","CompanyCraftPart#0","CompanyCraftPart#0",57
