﻿key,0,1,2,3,4,5,6,7,8,9,10,11,12,13,14,15,16,17,18,19,20,21,22,23,24,25,26,27,28,29,30,31,32,33,34,35,36,37
#,Singular,Adjective,Plural,PossessivePronoun,StartsWithVowel,,Pronoun,Article,Model,Scale,InactiveIdle[0],InactiveIdle[1],InactiveBattle,InactiveWandering,Behavior,Special,WanderingWait,Priority,Roulette,,Battle,LookAt,Poke,Enemy,Stroke,Clapping,Icon,Order,,,Cost,HP,,Skill{Angle},Skill{Cost},,,MinionRace
int32,str,sbyte,str,sbyte,sbyte,sbyte,sbyte,sbyte,ModelChara,byte,byte,byte,byte,byte,CompanionMove,byte,byte,uint16,bit&01,bit&02,bit&04,bit&08,bit&10,uint16,bit&20,bit&40,Image,uint16,bit&80,byte,byte,uint16,byte,uint16,byte,byte,uint16,MinionRace
0,"",0,"",0,0,1,0,0,"ModelChara#0",100,0,0,0,0,"",0,8,0,False,False,False,False,False,0,False,True,,0,False,0,10,100,0,0,20,0,0,""
1,"cherry bomb",0,"cherry bombs",0,0,0,0,0,"ModelChara#427",100,30,0,0,0,"Independent",0,8,1,True,False,True,False,False,0,False,True,"ui/icon/004000/004403.tex",1001,True,0,10,390,5,360,30,1,600,"Monster"
2,"mammet #001",0,"mammets #001",0,0,0,0,0,"ModelChara#419",100,30,0,0,0,"Obedient",0,8,200,False,True,False,False,False,0,False,True,"ui/icon/004000/004401.tex",10001,True,0,10,410,37,0,20,1,620,"Poppet"
3,"wayward hatchling",0,"wayward hatchlings",0,0,0,0,0,"ModelChara#423",100,30,0,30,0,"Independent",0,8,3,True,False,True,False,True,0,False,True,"ui/icon/004000/004402.tex",1,True,0,15,410,23,30,20,1,601,"Critter"
4,"Cait Sith doll",0,"Cait Sith dolls",0,0,0,1,0,"ModelChara#430",100,30,0,0,0,"Obedient",0,8,201,False,True,False,False,False,0,False,True,"ui/icon/004000/004404.tex",10006,True,0,20,400,25,360,20,1,625,"Poppet"
5,"baby behemoth",0,"baby behemoths",0,0,0,0,0,"ModelChara#428",100,30,0,0,0,"Independent",0,8,5,True,False,True,False,True,0,False,True,"ui/icon/004000/004405.tex",1002,True,90,15,430,1,30,20,1,601,"Monster"
6,"mammet #003L",0,"mammets #003L",0,0,1,0,0,"ModelChara#420",100,30,0,0,0,"Obedient",0,8,200,False,True,False,False,False,0,False,True,"ui/icon/004000/004406.tex",10002,True,0,10,365,14,30,20,1,607,"Poppet"
7,"mammet #003G",0,"mammets #003G",0,0,1,0,0,"ModelChara#421",100,30,0,0,0,"Obedient",0,8,200,False,True,False,False,False,0,False,True,"ui/icon/004000/004407.tex",10003,True,0,10,280,25,360,20,1,625,"Poppet"
8,"mammet #003U",0,"mammets #003U",0,0,1,0,0,"ModelChara#422",100,30,0,0,0,"Obedient",0,8,200,False,True,False,False,False,0,False,True,"ui/icon/004000/004408.tex",10004,True,0,10,420,13,120,20,1,631,"Poppet"
9,"storm hatchling",0,"storm hatchlings",0,0,1,0,0,"ModelChara#424",100,30,0,30,0,"Independent",0,8,3,True,False,True,False,True,0,False,True,"ui/icon/004000/004409.tex",2,True,0,10,315,19,30,30,1,601,"Critter"
10,"serpent hatchling",0,"serpent hatchlings",0,0,1,0,0,"ModelChara#425",100,30,0,30,0,"Independent",0,8,3,True,False,True,False,True,0,False,True,"ui/icon/004000/004410.tex",3,True,0,10,350,30,360,20,1,623,"Critter"
11,"flame hatchling",0,"flame hatchlings",0,0,1,0,0,"ModelChara#426",100,30,0,30,0,"Independent",0,8,3,True,False,True,False,True,0,False,True,"ui/icon/004000/004411.tex",4,True,0,10,320,26,120,20,1,622,"Critter"
12,"morbol seedling",0,"morbol seedlings",0,0,1,0,0,"ModelChara#429",100,30,0,0,0,"Independent",0,8,6,True,False,True,False,False,0,False,True,"ui/icon/004000/004412.tex",1003,True,0,30,560,20,120,20,1,602,"Monster"
13,"tiny rat",0,"tiny rats",0,0,1,0,0,"ModelChara#431",100,30,0,0,0,"Independent",0,8,7,True,False,False,False,True,0,False,True,"ui/icon/004000/004413.tex",1004,True,0,10,400,14,120,20,1,622,"Critter"
14,"baby bun",0,"baby buns",0,0,1,0,0,"ModelChara#432",100,30,0,0,0,"Independent",0,8,8,True,False,False,True,False,0,False,True,"ui/icon/004000/004414.tex",1005,True,0,10,395,4,120,20,1,602,"Monster"
15,"chigoe larva",0,"chigoe larvae",0,0,1,0,0,"ModelChara#433",100,30,0,0,0,"Independent",0,8,9,True,False,True,True,False,0,False,True,"ui/icon/004000/004415.tex",1006,True,130,10,420,9,0,20,1,620,"Critter"
16,"bluebird",0,"bluebirds",0,0,1,0,0,"ModelChara#434",80,30,0,0,0,"Independent",3,8,10,True,False,True,False,True,0,False,True,"ui/icon/004000/004416.tex",5001,True,100,15,460,1,120,20,1,605,"Critter"
17,"wide-eyed fawn",0,"wide-eyed fawns",0,0,1,0,0,"ModelChara#435",100,20,10,0,30,"Independent",0,8,11,True,False,False,False,True,0,False,True,"ui/icon/004000/004417.tex",1007,True,0,15,400,22,360,20,2,632,"Critter"
18,"infant imp",0,"infant imps",0,1,1,0,0,"ModelChara#436",100,20,10,0,0,"Independent",0,8,12,True,False,False,False,True,0,False,True,"ui/icon/004000/004418.tex",1008,True,0,20,380,1,120,20,2,608,"Monster"
19,"coeurl kitten",0,"coeurl kittens",0,0,1,0,0,"ModelChara#437",85,10,10,0,0,"Independent",0,8,13,True,False,True,False,True,35,True,True,"ui/icon/004000/004452.tex",1009,True,0,10,365,1,30,30,3,603,"Critter"
20,"black coeurl",0,"black coeurls",0,0,1,0,0,"ModelChara#438",75,10,10,0,0,"Independent",0,8,13,True,False,True,False,True,35,True,True,"ui/icon/004000/004514.tex",1010,True,0,15,380,31,0,30,3,620,"Critter"
21,"wind-up gentleman",0,"wind-up gentlemen",0,0,1,0,0,"ModelChara#882",100,10,0,0,0,"Obedient",0,8,268,False,True,False,False,False,0,False,True,"ui/icon/004000/004515.tex",9014,True,0,30,400,16,360,60,2,630,"Poppet"
22,"gravel golem",0,"gravel golems",0,0,1,0,0,"ModelChara#440",100,20,10,0,0,"Obedient",0,8,202,False,True,False,True,False,0,False,True,"ui/icon/004000/004419.tex",1011,True,0,20,480,10,0,20,2,620,"Monster"
23,"wind-up tonberry",0,"wind-up tonberries",0,0,1,0,0,"ModelChara#441",100,30,0,0,0,"Obedient",0,8,203,False,True,False,True,False,0,True,True,"ui/icon/004000/004453.tex",1012,True,0,20,470,16,360,60,1,630,"Monster"
24,"tiny tortoise",0,"tiny tortoises",0,0,1,0,0,"ModelChara#442",100,10,10,0,0,"Independent",0,8,18,True,False,False,False,True,0,False,True,"ui/icon/004000/004420.tex",1013,True,0,20,480,14,120,20,2,622,"Monster"
25,"baby raptor",0,"baby raptors",0,0,1,0,0,"ModelChara#443",100,20,20,0,0,"Independent",0,8,19,True,False,False,False,True,0,False,True,"ui/icon/004000/004421.tex",1014,True,0,10,400,21,0,20,2,620,"Monster"
26,"baby bat",0,"baby bats",0,0,1,0,0,"ModelChara#444",100,30,0,0,0,"Independent",0,8,20,True,False,False,False,False,0,False,True,"ui/icon/004000/004422.tex",1015,True,0,10,420,20,120,20,1,631,"Monster"
27,"tiny bulb",0,"tiny bulbs",0,0,1,0,0,"ModelChara#445",100,30,0,0,0,"Independent",0,8,21,True,False,False,False,False,0,False,True,"ui/icon/004000/004423.tex",1016,True,0,25,480,35,360,25,1,634,"Monster"
28,"dust bunny",0,"dust bunnies",0,0,1,0,0,"ModelChara#446",100,10,10,0,30,"Independent",0,8,22,True,False,False,True,False,0,False,True,"ui/icon/004000/004424.tex",1017,True,0,10,340,1,120,20,2,609,"Critter"
29,"wind-up dullahan",0,"wind-up dullahans",0,0,1,0,0,"ModelChara#447",100,30,0,0,0,"Obedient",0,8,204,False,True,True,False,False,0,False,True,"ui/icon/004000/004425.tex",1018,True,0,20,445,35,360,30,1,634,"Monster"
30,"gigantpole",0,"gigantpoles",0,0,1,0,0,"ModelChara#448",100,30,0,0,0,"Independent",0,8,24,True,False,False,False,False,0,False,True,"ui/icon/004000/004426.tex",1019,True,0,20,495,13,30,20,1,607,"Monster"
31,"pudgy puk",0,"pudgy puks",0,0,1,0,0,"ModelChara#449",100,20,10,0,0,"Independent",0,8,25,True,False,False,False,True,0,False,True,"ui/icon/004000/004427.tex",1020,True,0,15,460,23,30,20,2,606,"Monster"
32,"buffalo calf",0,"buffalo calves",0,0,1,0,0,"ModelChara#450",100,30,0,0,0,"Independent",0,8,26,True,False,True,False,True,0,False,True,"ui/icon/004000/004428.tex",1021,True,0,10,440,9,0,20,1,620,"Monster"
33,"cactuar cutting",0,"cactuar cuttings",0,0,1,0,0,"ModelChara#451",100,20,0,0,20,"Independent",0,3,27,True,False,True,False,False,0,False,True,"ui/icon/004000/004429.tex",1022,True,0,10,380,17,0,30,1,620,"Monster"
34,"smallshell",0,"smallshells",0,0,1,0,0,"ModelChara#452",100,30,0,0,0,"Independent",0,8,28,True,False,True,False,False,0,False,True,"ui/icon/004000/004430.tex",1023,True,0,10,420,28,120,20,1,605,"Monster"
35,"wolf pup",0,"wolf pups",0,0,1,0,0,"ModelChara#453",100,10,10,0,0,"Independent",0,8,29,True,False,True,True,True,19,True,True,"ui/icon/004000/004450.tex",1024,True,0,15,385,11,360,20,3,617,"Critter"
36,"beady eye",0,"beady eyes",0,0,1,0,0,"ModelChara#454",100,30,0,0,0,"Independent",0,8,30,True,False,False,True,True,0,False,True,"ui/icon/004000/004431.tex",1024,True,0,10,440,1,30,20,1,613,"Monster"
37,"fledgling dodo",0,"fledgling dodos",0,0,1,0,0,"ModelChara#455",100,20,10,0,30,"Independent",0,8,31,True,False,False,False,True,0,False,True,"ui/icon/004000/004432.tex",1025,True,0,25,500,39,0,20,2,620,"Monster"
38,"coblyn larva",0,"coblyn larvae",0,0,1,0,0,"ModelChara#456",100,20,10,0,0,"Independent",0,8,32,True,False,False,False,False,0,False,True,"ui/icon/004000/004433.tex",1026,True,0,15,400,12,360,20,2,626,"Monster"
39,"wind-up aldgoat",0,"wind-up aldgoats",0,0,1,0,0,"ModelChara#457",85,30,0,0,0,"Obedient",0,8,205,False,True,True,False,False,0,False,True,"ui/icon/004000/004434.tex",1027,True,0,10,340,29,360,20,1,623,"Critter"
40,"fledgling apkallu",0,"fledgling apkallus",0,0,1,0,0,"ModelChara#458",100,20,10,0,0,"Independent",0,8,34,True,False,True,False,True,0,False,True,"ui/icon/004000/004435.tex",1028,True,0,30,510,41,0,20,2,620,"Critter"
41,"goobbue sproutling",0,"goobbue sproutlings",0,0,1,0,0,"ModelChara#459",100,10,0,0,0,"Independent",0,8,35,True,False,False,False,False,0,False,True,"ui/icon/004000/004436.tex",1029,True,0,20,410,37,0,20,1,620,"Monster"
42,"bite-sized pudding",0,"bite-sized puddings",0,0,1,0,0,"ModelChara#460",100,30,0,0,0,"Independent",0,8,36,True,False,False,True,False,0,False,True,"ui/icon/004000/004437.tex",1030,True,0,10,400,21,0,20,1,620,"Monster"
43,"model vanguard",0,"model vanguards",0,0,1,0,0,"ModelChara#461",100,30,0,0,0,"Obedient",0,8,221,False,True,False,True,False,0,False,True,"ui/icon/004000/004438.tex",11003,True,0,10,340,25,360,20,1,625,"Monster"
44,"demon brick",0,"demon bricks",0,0,1,0,0,"ModelChara#462",100,10,5,0,30,"Independent",0,8,38,True,False,False,True,False,0,False,True,"ui/icon/004000/004439.tex",1031,True,0,15,390,38,120,20,2,609,"Monster"
45,"mini mole",0,"mini moles",0,0,1,0,0,"ModelChara#463",100,20,10,0,0,"Independent",0,8,39,True,False,False,False,True,0,False,True,"ui/icon/004000/004440.tex",1032,True,0,25,430,9,0,20,2,620,"Critter"
46,"tender lamb",0,"tender lambs",0,0,1,0,0,"ModelChara#464",100,30,0,0,0,"Independent",0,10,40,True,False,True,False,True,0,False,True,"ui/icon/004000/004441.tex",1033,True,0,20,680,10,0,20,1,620,"Critter"
47,"slime puddle",0,"slime puddles",0,0,1,0,0,"ModelChara#465",100,30,0,0,0,"Independent",0,8,41,True,False,False,True,False,0,False,True,"ui/icon/004000/004451.tex",1034,True,0,10,430,23,30,20,1,606,"Monster"
48,"kidragora",0,"kidragoras",0,0,1,0,0,"ModelChara#466",90,10,10,30,0,"Independent",0,8,42,True,False,True,False,True,0,False,True,"ui/icon/004000/004442.tex",1025,True,0,15,360,1,120,20,2,609,"Critter"
49,"wind-up goblin",0,"wind-up goblins",0,0,1,0,0,"ModelChara#467",100,10,5,0,0,"Obedient",0,8,207,False,True,False,True,False,0,False,True,"ui/icon/004000/004443.tex",7001,True,0,15,435,26,120,20,2,622,"Poppet"
50,"wind-up sylph",0,"wind-up sylphs",0,0,1,0,0,"ModelChara#468",100,30,0,0,0,"Obedient",0,8,208,False,True,True,False,False,0,False,True,"ui/icon/004000/004449.tex",7002,True,0,15,490,13,30,20,1,621,"Poppet"
51,"wind-up cursor",0,"wind-up cursors",0,0,1,0,0,"ModelChara#469",100,20,0,0,0,"Obedient",0,8,0,False,False,False,False,False,0,False,True,"ui/icon/004000/004444.tex",11501,True,0,15,400,14,30,20,2,621,"Gadget"
52,"wind-up airship",0,"wind-up airships",0,0,1,0,0,"ModelChara#470",100,30,0,0,0,"Obedient",0,8,0,False,False,False,False,False,0,False,True,"ui/icon/004000/004445.tex",11001,True,0,25,465,11,360,20,2,617,"Gadget"
53,"wind-up Qiqirn",0,"wind-up Qiqirn",0,0,1,0,0,"ModelChara#471",90,30,0,0,0,"Obedient",0,8,206,False,True,True,False,False,0,False,True,"ui/icon/004000/004446.tex",6001,True,0,15,380,44,0,30,1,620,"Poppet"
54,"black chocobo chick",0,"black chocobo chicks",0,0,1,1,0,"ModelChara#505",100,30,0,30,0,"Independent",0,8,3,True,False,True,False,True,0,False,True,"ui/icon/004000/004448.tex",5,True,0,25,450,35,360,25,1,634,"Critter"
55,"wind-up Dalamud",0,"wind-up Dalamuds",0,0,1,0,0,"ModelChara#472",100,30,0,0,0,"Obedient",0,8,0,False,False,False,False,False,0,False,True,"ui/icon/004000/004447.tex",11004,True,0,20,520,17,0,30,1,620,"Gadget"
56,"minute mindflayer",0,"minute mindflayers",0,0,1,0,0,"ModelChara#578",100,30,0,0,0,"Independent",0,8,49,True,False,False,False,True,0,False,True,"ui/icon/004000/004461.tex",1035,True,0,25,455,13,120,20,2,616,"Monster"
57,"tight-beaked parrot",0,"tight-beaked parrots",0,0,1,0,0,"ModelChara#579",55,30,0,0,0,"Independent",3,8,50,True,False,True,False,True,0,False,True,"ui/icon/004000/004462.tex",1036,True,0,10,365,40,0,30,1,631,"Critter"
58,"wind-up Amalj'aa",0,"wind-up Amalj'aa",0,0,1,0,0,"ModelChara#580",100,30,0,0,0,"Obedient",0,8,213,False,True,False,True,False,0,False,True,"ui/icon/004000/004454.tex",7003,True,0,10,465,12,360,20,2,626,"Poppet"
59,"wind-up Ixal",0,"wind-up Ixal",0,0,1,0,0,"ModelChara#581",100,30,0,30,0,"Obedient",0,8,214,False,True,False,True,False,0,False,True,"ui/icon/004000/004474.tex",7005,True,0,10,390,10,0,20,1,620,"Poppet"
60,"wind-up kobold",0,"wind-up kobolds",0,0,1,0,0,"ModelChara#699",100,30,0,0,0,"Obedient",0,8,215,False,True,False,True,False,0,False,True,"ui/icon/004000/004463.tex",7006,True,0,10,440,13,120,20,1,622,"Poppet"
61,"wind-up Sahagin",0,"wind-up Sahagin",0,0,1,0,0,"ModelChara#700",100,30,0,0,0,"Obedient",0,8,216,False,True,False,True,False,0,False,True,"ui/icon/004000/004464.tex",7007,True,0,15,435,28,120,20,1,605,"Poppet"
62,"wind-up brickman",0,"wind-up brickmen",0,0,1,0,0,"ModelChara#577",100,30,0,0,0,"Independent",0,8,51,True,False,False,False,True,0,False,True,"ui/icon/004000/004455.tex",13001,True,0,10,410,10,0,20,1,620,"Monster"
63,"wind-up Shantotto",0,"wind-up Shantottos",0,0,1,1,0,"ModelChara#527",100,20,0,0,0,"Obedient",0,8,358,False,True,False,False,False,0,False,True,"ui/icon/004000/004456.tex",12111,True,0,25,525,9,0,20,1,620,"Poppet"
64,"wind-up Edvya",0,"wind-up Edvyas",0,0,1,1,0,"ModelChara#584",100,30,0,0,0,"Obedient",0,8,219,False,True,False,False,False,0,False,True,"ui/icon/004000/004457.tex",10007,True,0,15,360,23,120,30,1,622,"Poppet"
65,"wind-up sun",0,"wind-up suns",0,0,1,0,0,"ModelChara#585",100,0,0,0,0,"Stationary",8,8,0,False,False,False,False,False,0,False,True,"ui/icon/004000/004465.tex",11502,True,0,15,440,10,0,20,1,620,"Gadget"
66,"plush cushion",0,"plush cushions",0,0,1,0,0,"ModelChara#586",100,30,0,0,0,"Stationary",12,8,0,False,False,False,False,False,0,False,True,"ui/icon/004000/004466.tex",11503,True,80,10,390,30,360,20,1,623,"Gadget"
67,"Minion of Light",0,"Minions of Light",0,0,1,0,0,"ModelChara#0",100,0,0,0,0,"Obedient",0,8,0,False,True,False,False,False,0,False,True,"ui/icon/004000/004458.tex",12011,False,0,10,100,0,0,20,1,0,"Poppet"
68,"Minion of Light",0,"Minions of Light",0,0,1,0,0,"ModelChara#587",100,10,0,70,0,"Obedient",0,8,223,False,True,False,False,False,0,False,True,"ui/icon/004000/004550.tex",12011,True,0,10,430,13,30,20,1,604,"Poppet"
69,"Minion of Light",0,"Minions of Light",0,0,1,0,0,"ModelChara#623",100,10,0,70,0,"Obedient",0,8,223,False,True,False,False,False,0,False,True,"ui/icon/004000/004551.tex",12011,True,0,10,420,27,360,30,1,615,"Poppet"
70,"Minion of Light",0,"Minions of Light",0,0,1,0,0,"ModelChara#624",100,10,0,70,0,"Obedient",0,8,223,False,True,False,False,False,0,False,True,"ui/icon/004000/004552.tex",12011,True,0,10,395,23,120,30,1,610,"Poppet"
71,"wind-up leader",0,"wind-up leaders",0,0,1,0,0,"ModelChara#0",100,0,0,0,0,"Obedient",0,8,0,False,True,False,True,False,0,False,True,"ui/icon/004000/004459.tex",9015,False,0,20,100,0,0,20,1,0,"Poppet"
72,"wind-up Merlwyb",0,"wind-up Merlwybs",0,0,1,1,0,"ModelChara#626",100,10,0,0,0,"Obedient",0,8,224,False,True,False,True,False,0,False,True,"ui/icon/004000/004554.tex",9016,True,0,20,470,43,0,20,1,620,"Poppet"
73,"wind-up Kan-E",0,"wind-up Kan-Es",0,0,1,1,0,"ModelChara#627",100,10,0,0,0,"Obedient",0,8,224,False,True,False,True,False,0,False,True,"ui/icon/004000/004553.tex",9017,True,0,20,430,29,360,30,1,623,"Poppet"
74,"wind-up Raubahn",0,"wind-up Raubahns",0,0,1,0,0,"ModelChara#625",100,10,0,0,0,"Obedient",0,8,224,False,True,False,True,False,0,False,True,"ui/icon/004000/004555.tex",9018,True,0,20,470,19,120,30,1,609,"Poppet"
75,"princely hatchling",0,"princely hatchlings",0,0,1,0,0,"ModelChara#634",100,30,0,30,0,"Independent",0,8,3,True,False,True,False,True,0,False,True,"ui/icon/004000/004460.tex",6,True,0,10,365,14,30,20,1,621,"Critter"
76,"wind-up Odin",0,"wind-up Odins",0,0,1,0,0,"ModelChara#683",90,5,10,0,0,"Independent",0,8,230,False,True,False,True,False,0,False,True,"ui/icon/004000/004468.tex",8007,True,80,30,500,1,120,20,2,605,"Monster"
77,"wind-up Warrior of Light",0,"wind-up Warriors of Light",0,0,1,0,0,"ModelChara#684",80,10,0,0,0,"Obedient",0,8,235,False,True,False,True,False,0,False,True,"ui/icon/004000/004467.tex",12012,True,0,15,380,1,30,20,1,604,"Poppet"
78,"wind-up Bahamut",0,"wind-up Bahamuts",0,0,1,0,0,"ModelChara#685",100,10,0,0,0,"Independent",0,8,0,True,False,False,False,False,118,False,True,"ui/icon/004000/004469.tex",2002,True,0,25,410,1,120,20,3,636,"Monster"
79,"wind-up moogle",0,"wind-up moogles",0,0,1,0,0,"ModelChara#688",100,10,0,0,0,"Obedient",4,8,233,False,True,False,False,False,0,False,True,"ui/icon/004000/004472.tex",10,True,0,20,470,1,120,20,1,614,"Poppet"
80,"baby opo-opo",0,"baby opo-opos",0,0,1,0,0,"ModelChara#686",60,30,0,0,0,"Independent",1,8,52,True,False,True,False,False,0,False,True,"ui/icon/004000/004470.tex",1037,True,0,10,420,23,120,30,1,605,"Critter"
81,"magic broom",0,"magic brooms",0,0,1,0,0,"ModelChara#687",100,10,0,0,80,"Independent",0,5,0,False,False,False,False,False,0,False,True,"ui/icon/004000/004471.tex",11504,True,0,25,420,30,360,20,1,623,"Gadget"
82,"wind-up succubus",0,"wind-up succubi",0,0,1,1,0,"ModelChara#748",80,10,0,0,0,"Obedient",2,8,231,False,True,False,True,False,0,False,True,"ui/icon/004000/004475.tex",1038,True,0,10,340,11,360,30,1,617,"Monster"
83,"zu hatchling",0,"zu hatchlings",0,0,1,0,0,"ModelChara#682",100,30,0,0,0,"Independent",0,8,54,True,False,False,False,True,0,False,True,"ui/icon/004000/004473.tex",1039,True,0,10,450,9,0,20,1,620,"Monster"
84,"wind-up Nanamo",0,"wind-up Nanamos",0,0,1,1,0,"ModelChara#751",80,10,0,0,0,"Obedient",1,8,266,False,True,True,False,False,0,False,True,"ui/icon/004000/004499.tex",9019,True,0,20,490,15,0,20,1,620,"Poppet"
85,"wind-up Gilgamesh",0,"wind-up Gilgameshes",0,0,1,0,0,"ModelChara#756",100,10,0,0,0,"Obedient",0,8,68,False,True,False,True,False,0,False,True,"ui/icon/004000/004476.tex",9501,True,0,25,485,5,360,30,2,600,"Poppet"
86,"Onion Prince",0,"Onion Princes",0,1,1,0,0,"ModelChara#742",100,10,20,0,0,"Independent",0,8,42,True,False,True,False,True,0,False,True,"ui/icon/004000/004477.tex",1025,True,0,15,440,31,0,30,1,620,"Critter"
87,"Eggplant Knight",0,"Eggplant Knights",0,1,1,0,0,"ModelChara#743",100,15,10,0,0,"Independent",0,8,42,True,False,True,False,True,0,False,True,"ui/icon/004000/004478.tex",1025,True,0,15,415,12,360,20,1,626,"Critter"
88,"Garlic Jester",0,"Garlic Jesters",0,0,1,0,0,"ModelChara#744",100,15,10,0,0,"Independent",0,8,42,True,False,True,False,True,0,False,True,"ui/icon/004000/004479.tex",1025,True,0,15,435,11,360,20,1,617,"Critter"
89,"Tomato King",0,"Tomato Kings",0,0,1,0,0,"ModelChara#745",100,10,10,0,0,"Independent",0,8,42,True,False,True,False,True,0,False,True,"ui/icon/004000/004480.tex",1025,True,0,20,355,9,0,20,1,620,"Critter"
90,"Mandragora Queen",0,"Mandragora Queens",0,0,1,1,0,"ModelChara#746",100,25,5,0,0,"Independent",0,8,42,True,False,True,False,True,0,False,True,"ui/icon/004000/004481.tex",1025,True,0,30,560,27,360,30,1,615,"Critter"
91,"wind-up Y'shtola",0,"wind-up Y'shtolas",0,0,1,1,0,"ModelChara#750",100,10,0,0,0,"Obedient",0,8,262,False,True,False,True,False,0,False,True,"ui/icon/004000/004500.tex",9001,True,0,25,435,12,360,20,1,618,"Poppet"
92,"wind-up onion knight",0,"wind-up onion knights",0,0,1,0,0,"ModelChara#749",100,10,0,0,0,"Obedient",0,8,240,False,True,False,True,False,0,False,True,"ui/icon/004000/004482.tex",12031,True,90,15,430,21,0,20,1,620,"Poppet"
93,"treasure box",0,"treasure boxes",0,0,1,0,0,"ModelChara#747",100,5,10,0,0,"Independent",0,8,56,True,False,True,False,False,0,False,True,"ui/icon/004000/004483.tex",1040,True,0,15,390,8,30,20,1,621,"Monster"
94,"tiny tapir",0,"tiny tapirs",0,0,1,0,0,"ModelChara#754",80,30,0,0,0,"Independent",0,8,57,True,False,True,False,True,0,False,True,"ui/icon/004000/004484.tex",3001,True,0,10,390,23,120,30,1,631,"Critter"
95,"Nana bear",0,"Nana bears",0,0,1,0,0,"ModelChara#752",100,20,0,0,0,"Obedient",0,8,238,False,True,False,True,False,0,False,True,"ui/icon/004000/004485.tex",3002,True,0,10,380,1,30,20,1,604,"Critter"
96,"miniature minecart",0,"miniature minecarts",0,0,1,0,0,"ModelChara#753",100,10,0,0,0,"Obedient",0,8,0,False,False,False,False,False,0,False,True,"ui/icon/004000/004486.tex",11505,True,0,15,415,25,360,20,1,625,"Gadget"
97,"nutkin",0,"nutkins",0,0,1,0,0,"ModelChara#755",100,10,0,0,30,"Independent",1,8,59,True,False,True,False,True,0,False,True,"ui/icon/004000/004487.tex",3003,True,0,30,450,36,360,30,1,634,"Critter"
98,"wind-up Minfilia",0,"wind-up Minfiliae",0,0,1,1,0,"ModelChara#797",100,10,0,0,0,"Obedient",0,8,262,False,True,False,True,False,0,False,True,"ui/icon/004000/004488.tex",9002,True,0,20,400,1,30,20,1,604,"Poppet"
99,"wind-up Thancred",0,"wind-up Thancreds",0,0,1,0,0,"ModelChara#796",100,10,0,0,0,"Obedient",0,8,262,False,True,False,True,False,0,False,True,"ui/icon/004000/004489.tex",9003,True,0,20,450,35,360,30,1,634,"Poppet"
100,"model magitek bit",0,"model magitek bits",0,0,1,0,0,"ModelChara#1016",100,10,0,0,0,"Independent",0,8,0,False,False,False,False,False,0,True,True,"ui/icon/004000/004516.tex",11005,True,0,30,455,1,30,20,1,612,"Monster"
101,"puff of darkness",0,"puffs of darkness",0,0,1,0,0,"ModelChara#1017",80,10,0,0,0,"Obedient",2,8,232,False,True,False,True,False,0,False,True,"ui/icon/004000/004517.tex",2101,True,0,30,540,4,30,20,2,612,"Monster"
102,"naughty nanka",0,"naughty nankas",0,0,1,0,0,"ModelChara#808",100,30,0,0,0,"Independent",0,8,60,True,False,True,False,False,0,False,True,"ui/icon/004000/004490.tex",1041,True,0,15,415,11,360,20,1,617,"Monster"
103,"panda cub",0,"panda cubs",0,0,1,0,0,"ModelChara#816",100,20,0,0,0,"Obedient",0,8,241,False,True,True,False,False,0,False,True,"ui/icon/004000/004491.tex",3004,True,0,15,450,35,360,30,1,634,"Critter"
104,"wind-up Ultros",0,"wind-up Ultroses",0,0,1,0,0,"ModelChara#799",100,30,0,0,0,"Obedient",11,8,237,False,True,True,True,False,0,False,True,"ui/icon/004000/004504.tex",9503,True,0,20,395,18,360,30,1,624,"Monster"
105,"Hoary the Snowman",0,"Hoary the Snowmen",0,0,1,0,0,"ModelChara#803",100,20,0,0,0,"Obedient",0,8,220,False,True,False,True,False,0,False,True,"ui/icon/004000/004505.tex",11507,True,0,15,420,44,0,30,1,620,"Poppet"
106,"heavy hatchling",0,"heavy hatchlings",0,0,1,0,0,"ModelChara#800",100,1,0,0,0,"Obedient",0,8,0,False,False,False,False,True,0,False,True,"ui/icon/004000/004506.tex",7,True,90,15,360,42,0,20,1,620,"Critter"
107,"wind-up Yda",0,"wind-up Ydas",0,0,1,1,0,"ModelChara#878",100,10,0,0,0,"Obedient",0,8,262,False,True,False,True,False,0,False,True,"ui/icon/004000/004501.tex",9004,True,0,25,460,1,30,20,1,606,"Poppet"
108,"wind-up Papalymo",0,"wind-up Papalymos",0,0,1,0,0,"ModelChara#879",100,10,0,0,0,"Obedient",0,8,262,False,True,False,True,False,0,False,True,"ui/icon/004000/004502.tex",9005,True,0,20,420,20,120,20,1,633,"Poppet"
109,"wind-up Urianger",0,"wind-up Uriangers",0,0,1,0,0,"ModelChara#880",100,10,0,0,0,"Obedient",0,8,262,False,True,False,True,False,0,False,True,"ui/icon/004000/004503.tex",9006,True,0,20,435,1,120,20,1,616,"Poppet"
110,"fat cat",0,"fat catz",0,0,1,0,0,"ModelChara#802",100,10,0,0,0,"Obedient",0,8,61,True,False,False,False,True,0,False,True,"ui/icon/004000/004507.tex",3005,True,0,10,380,12,360,20,2,626,"Critter"
111,"Littlefoot",0,"Littlefeet",0,0,1,0,0,"ModelChara#801",100,10,0,0,0,"Independent",0,8,62,True,False,True,False,True,0,False,True,"ui/icon/004000/004508.tex",1042,True,0,15,410,1,30,20,1,611,"Monster"
112,"mummy's little mummy",0,"mummy's little mummies",0,0,1,0,0,"ModelChara#798",100,5,10,0,0,"Independent",0,8,63,True,False,False,True,False,0,False,True,"ui/icon/004000/004509.tex",1043,True,0,15,475,23,30,20,2,613,"Monster"
113,"model Enterprise",0,"model Enterprises",0,0,1,1,0,"ModelChara#887",100,10,0,0,0,"Obedient",0,8,0,False,False,False,False,False,0,False,True,"ui/icon/004000/004497.tex",11002,True,0,20,460,1,120,20,2,629,"Gadget"
114,"wind-up delivery moogle",0,"wind-up delivery moogles",0,0,1,0,0,"ModelChara#809",100,5,10,0,0,"Obedient",4,8,233,False,True,False,False,False,0,False,True,"ui/icon/004000/004498.tex",11,True,0,20,370,14,120,20,1,614,"Poppet"
115,"assassin fry",0,"assassin fry",0,1,1,0,0,"ModelChara#807",100,10,5,0,0,"Independent",5,8,64,True,False,False,True,True,0,False,True,"ui/icon/004000/004510.tex",4002,True,0,10,425,2,30,20,2,603,"Critter"
116,"demon box",0,"demon boxes",0,0,1,0,0,"ModelChara#805",100,10,10,0,0,"Independent",0,8,65,True,False,False,True,False,0,False,True,"ui/icon/004000/004513.tex",11508,True,0,30,530,37,0,20,2,620,"Critter"
117,"water imp",0,"water imps",0,0,1,0,0,"ModelChara#886",60,10,0,0,0,"Independent",0,8,66,True,False,False,False,True,0,False,True,"ui/icon/004000/004511.tex",12901,True,0,20,430,13,120,20,1,605,"Critter"
118,"wind-up Louisoix",0,"wind-up Louisoixs",0,0,1,0,0,"ModelChara#881",100,10,0,0,0,"Obedient",0,8,267,False,True,False,True,False,78,False,True,"ui/icon/004000/004512.tex",9007,True,0,15,410,27,360,30,2,615,"Poppet"
119,"Midgardsormr",0,"Midgardsormrs",0,0,1,0,1,"ModelChara#883",100,10,0,0,0,"Independent",2,8,0,False,False,False,False,True,0,False,True,"ui/icon/004000/004518.tex",9504,True,0,25,435,33,0,20,1,620,"Critter"
120,"",0,"",0,0,0,0,0,"ModelChara#0",0,0,0,0,0,"",0,0,0,False,False,False,False,False,0,False,False,,0,False,0,0,0,0,0,0,0,0,""
121,"Doman magpie",0,"Doman magpies",0,0,1,0,0,"ModelChara#1337",80,30,0,0,0,"Independent",0,8,10,True,False,True,False,True,0,False,True,"ui/icon/004000/004556.tex",5002,True,0,15,310,10,0,20,1,620,"Critter"
122,"Enkidu",0,"Enkidus",0,0,1,0,1,"ModelChara#888",100,10,0,0,0,"Independent",0,8,68,True,False,False,False,False,0,False,True,"ui/icon/004000/004521.tex",9502,True,0,20,480,28,120,20,1,605,"Critter"
123,"wind-up Violet",0,"wind-up Violets",0,0,1,1,0,"ModelChara#901",100,30,0,0,0,"Obedient",0,8,208,False,True,False,True,False,0,False,True,"ui/icon/004000/004493.tex",7002,True,0,15,480,22,360,20,1,632,"Poppet"
124,"wind-up founder",0,"wind-up founders",0,0,1,0,0,"ModelChara#902",100,30,0,0,0,"Obedient",0,8,213,False,True,False,True,False,0,False,True,"ui/icon/004000/004492.tex",7003,True,0,15,440,10,0,20,1,620,"Poppet"
125,"wind-up Dezul Qualan",0,"wind-up Dezul Qualans",0,0,1,0,0,"ModelChara#903",100,30,0,30,0,"Obedient",0,8,214,False,True,False,True,False,0,False,True,"ui/icon/004000/004494.tex",7004,True,0,15,460,31,0,30,1,620,"Poppet"
126,"wind-up kobolder",0,"wind-up kobolders",0,0,1,0,0,"ModelChara#582",100,30,0,0,0,"Obedient",0,8,215,False,True,False,True,False,0,False,True,"ui/icon/004000/004495.tex",7006,True,0,10,440,5,360,30,1,600,"Poppet"
127,"wind-up Sea Devil",0,"wind-up Sea Devils",0,0,1,0,0,"ModelChara#583",100,30,0,0,0,"Obedient",0,8,216,False,True,False,True,False,0,False,True,"ui/icon/004000/004496.tex",7007,True,0,25,500,9,0,20,1,620,"Poppet"
128,"chocobo chick courier",0,"chocobo chick couriers",0,0,1,1,0,"ModelChara#990",100,10,0,0,0,"Independent",0,8,3,True,False,True,False,True,0,False,True,"ui/icon/004000/004524.tex",5,True,0,20,405,35,360,30,1,634,"Critter"
129,"wind-up Kain",0,"wind-up Kains",0,0,1,0,0,"ModelChara#989",80,10,0,0,0,"Obedient",0,8,242,False,True,False,True,False,0,True,True,"ui/icon/004000/004525.tex",12041,True,0,30,440,46,0,20,1,620,"Poppet"
130,"wind-up Alphinaud",0,"wind-up Alphinauds",0,0,1,0,0,"ModelChara#884",100,10,0,0,0,"Obedient",0,8,262,False,True,False,True,False,0,False,True,"ui/icon/004000/004519.tex",9008,True,0,10,420,4,120,20,1,633,"Poppet"
131,"wind-up Alisaie",0,"wind-up Alisaies",0,0,1,1,0,"ModelChara#885",100,10,0,0,0,"Obedient",0,8,262,False,True,False,True,False,0,False,True,"ui/icon/004000/004520.tex",9009,True,0,15,460,1,120,20,2,616,"Poppet"
132,"wind-up Tataru",0,"wind-up Tatarus",0,0,1,1,0,"ModelChara#892",100,5,5,0,0,"Obedient",0,8,262,False,True,False,True,False,0,False,True,"ui/icon/004000/004526.tex",9010,True,0,10,440,12,360,20,2,626,"Poppet"
133,"wind-up Cid",0,"wind-up Cids",0,0,1,0,0,"ModelChara#891",100,10,5,0,0,"Obedient",0,8,263,False,True,False,True,False,0,False,True,"ui/icon/004000/004527.tex",9011,True,0,30,500,35,360,20,2,634,"Poppet"
134,"unicolt",0,"unicolts",0,0,1,1,0,"ModelChara#890",100,10,0,0,0,"Independent",0,8,43,True,False,True,False,True,0,False,True,"ui/icon/004000/004528.tex",3006,True,0,10,415,18,360,30,1,624,"Critter"
135,"wind-up Gundu warrior",0,"wind-up Gundu warriors",0,0,1,0,0,"ModelChara#889",100,10,0,0,0,"Obedient",0,8,87,False,True,True,False,False,0,False,True,"ui/icon/004000/004557.tex",7010,True,0,10,420,9,0,20,1,620,"Poppet"
136,"atrophied Atomos",0,"atrophied Atomoses",0,1,1,0,0,"ModelChara#894",100,10,0,0,0,"Independent",0,8,69,True,False,False,False,False,0,False,True,"ui/icon/004000/004529.tex",1044,True,0,25,460,22,360,20,1,632,"Monster"
137,"owlet",0,"owlets",0,1,1,0,0,"ModelChara#893",100,0,0,0,0,"Independent",2,8,70,True,False,False,False,True,0,False,True,"ui/icon/004000/004530.tex",5003,True,0,25,540,43,0,20,1,620,"Critter"
138,"ugly duckling",0,"ugly ducklings",0,1,1,0,0,"ModelChara#899",90,20,0,0,0,"Independent",0,8,71,True,False,True,False,True,0,False,True,"ui/icon/004000/004531.tex",5004,True,0,20,480,1,30,20,1,601,"Critter"
139,"gaelikitten",0,"gaelikittens",0,0,1,0,0,"ModelChara#988",100,10,5,0,0,"Independent",2,8,72,True,False,False,False,True,0,False,True,"ui/icon/004000/004532.tex",1045,True,0,15,490,6,30,30,2,606,"Critter"
140,"clockwork barrow",0,"clockwork barrows",0,0,1,1,0,"ModelChara#896",100,10,0,0,0,"Obedient",0,8,0,False,False,False,False,False,0,False,True,"ui/icon/004000/004533.tex",11506,True,0,10,395,12,360,20,1,626,"Gadget"
141,"lesser panda",0,"lesser pandas",0,0,1,0,0,"ModelChara#895",70,10,0,0,0,"Independent",1,8,73,True,False,False,False,True,0,False,True,"ui/icon/004000/004534.tex",3007,True,0,25,405,34,0,30,1,620,"Critter"
142,"page 63",0,"page 63s",0,0,1,0,0,"ModelChara#900",100,10,0,0,0,"Independent",0,8,74,True,False,False,False,False,0,False,True,"ui/icon/004000/004535.tex",1046,True,0,10,415,1,120,20,1,605,"Monster"
143,"iron dwarf",0,"iron dwarves",0,1,1,0,0,"ModelChara#898",100,10,0,0,0,"Obedient",0,8,243,False,True,False,True,False,0,False,True,"ui/icon/004000/004536.tex",1047,True,0,10,360,9,0,20,1,620,"Monster"
144,"griffin hatchling",0,"griffin hatchlings",0,0,1,1,0,"ModelChara#897",90,10,5,0,0,"Independent",0,8,75,True,False,False,False,True,0,False,True,"ui/icon/004000/004537.tex",1048,True,0,15,310,22,360,20,2,632,"Monster"
145,"wind-up Iceheart",0,"wind-up Icehearts",0,0,1,1,0,"ModelChara#1165",100,5,10,0,0,"Obedient",0,8,269,False,True,False,True,False,0,False,True,"ui/icon/004000/004538.tex",9020,True,0,25,400,19,30,30,2,611,"Poppet"
146,"Gestahl",0,"Gestahls",0,0,1,0,1,"ModelChara#1166",100,1,10,0,0,"Independent",0,8,76,True,False,True,False,True,0,True,True,"ui/icon/004000/004539.tex",3008,True,0,10,320,21,0,20,1,620,"Critter"
147,"steam-powered gobwalker G-VII",0,"steam-powered gobwalkers G-VII",0,0,1,1,0,"ModelChara#1164",100,10,0,0,0,"Independent",0,8,0,False,False,False,False,False,0,False,True,"ui/icon/004000/004540.tex",2004,True,0,15,330,32,0,30,1,620,"Gadget"
148,"behemoth heir",0,"behemoth heirs",0,0,1,0,0,"ModelChara#1162",100,10,0,0,0,"Independent",0,8,5,True,False,True,False,True,0,False,True,"ui/icon/004000/004541.tex",1002,True,90,15,400,9,0,20,1,620,"Monster"
149,"accompaniment node",0,"accompaniment nodes",0,1,1,0,0,"ModelChara#1163",100,3,8,0,0,"Independent",0,8,77,True,False,False,True,False,0,False,True,"ui/icon/004000/004542.tex",11006,True,0,30,630,6,360,30,1,600,"Gadget"
150,"wind-up Yugiri",0,"wind-up Yugiris",0,0,1,1,0,"ModelChara#1167",100,10,0,0,0,"Obedient",0,8,271,False,True,False,True,False,0,False,True,"ui/icon/004000/004543.tex",9021,True,0,15,335,11,360,20,1,617,"Poppet"
151,"Peridot Carbuncle",0,"Peridot Carbuncles",0,0,1,1,0,"ModelChara#1168",80,10,0,0,0,"Obedient",0,8,245,False,True,False,True,False,0,False,True,"ui/icon/004000/004544.tex",10010,True,0,20,430,38,120,20,1,609,"Critter"
152,"Heliodor Carbuncle",0,"Heliodor Carbuncles",0,0,1,1,0,"ModelChara#1068",80,10,0,0,0,"Obedient",0,8,245,False,True,False,True,False,0,False,True,"ui/icon/004000/004545.tex",10011,True,0,15,610,10,0,20,1,620,"Critter"
153,"",0,"",0,0,0,0,0,"ModelChara#0",0,0,0,0,0,"",0,0,0,False,False,False,False,False,0,False,False,,0,False,0,0,0,0,0,0,0,0,""
154,"gold rush minecart",0,"gold rush minecarts",0,0,1,0,0,"ModelChara#1212",100,10,0,0,0,"Obedient",0,8,0,False,False,False,False,False,0,False,True,"ui/icon/004000/004547.tex",11505,True,0,15,445,39,0,20,1,620,"Gadget"
155,"set of Primogs",0,"sets of Primogs",0,0,1,0,0,"ModelChara#991",50,30,0,0,0,"Obedient",4,8,233,False,True,False,False,False,0,False,True,"ui/icon/004000/004523.tex",12,True,0,15,460,11,360,20,1,617,"Poppet"
156,"wind-up Gnath",0,"wind-up Gnath",0,0,1,0,0,"ModelChara#1169",100,10,0,0,0,"Obedient",0,8,277,False,True,False,True,False,0,False,True,"ui/icon/004000/004570.tex",7009,True,0,20,480,12,360,20,1,626,"Poppet"
157,"paissa brat",0,"paissa brats",0,0,1,0,0,"ModelChara#1170",100,10,0,0,0,"Independent",0,8,273,True,False,False,True,False,0,False,True,"ui/icon/004000/004558.tex",1049,True,0,25,620,46,0,20,1,620,"Monster"
158,"wind-up Illuminatus",0,"wind-up Illuminati",0,0,1,0,0,"ModelChara#1171",90,10,0,0,0,"Obedient",0,8,207,False,True,False,True,False,0,False,True,"ui/icon/004000/004559.tex",7001,True,0,10,390,18,360,30,1,624,"Poppet"
159,"Pumpkin Butler",0,"Pumpkin Butlers",0,0,1,0,0,"ModelChara#1172",100,10,0,0,0,"Independent",0,8,42,True,False,True,False,True,0,False,True,"ui/icon/004000/004548.tex",1025,True,0,15,420,13,30,20,1,613,"Critter"
160,"wind-up Echidna",0,"wind-up Echidnas",0,0,1,0,0,"ModelChara#1322",100,10,0,0,0,"Obedient",0,8,275,False,True,False,True,False,0,False,True,"ui/icon/004000/004560.tex",2102,True,0,20,410,45,0,60,1,620,"Monster"
161,"wind-up Relm",0,"wind-up Relms",0,0,1,0,0,"ModelChara#1176",100,10,0,0,0,"Obedient",0,8,276,False,True,False,True,False,0,False,True,"ui/icon/004000/004561.tex",12061,True,0,10,415,10,0,20,1,620,"Poppet"
162,"hunting hawk",0,"hunting hawks",0,0,1,0,0,"ModelChara#1173",100,10,0,0,0,"Independent",2,8,78,True,False,False,False,False,0,False,True,"ui/icon/004000/004562.tex",5005,True,0,20,520,13,30,20,1,604,"Critter"
163,"shalloweye",0,"shalloweyes",0,0,1,0,0,"ModelChara#1174",100,10,0,0,0,"Independent",1,8,79,True,False,False,False,False,0,False,True,"ui/icon/004000/004563.tex",1050,True,0,15,420,19,30,30,1,613,"Monster"
164,"penguin prince",0,"penguin princes",0,0,1,0,0,"ModelChara#1175",100,10,0,0,0,"Independent",0,8,80,True,False,False,False,False,0,False,True,"ui/icon/004000/004564.tex",5006,True,130,10,415,36,360,30,1,634,"Critter"
165,"clockwork Twintania",0,"clockwork Twintanias",0,0,1,0,0,"ModelChara#1319",100,10,0,0,0,"Obedient",0,8,81,False,True,False,True,False,0,False,True,"ui/icon/004000/004565.tex",2001,True,0,25,380,12,360,20,1,618,"Monster"
166,"korpokkur kid",0,"korpokkur kids",0,0,1,0,0,"ModelChara#1320",100,10,0,0,0,"Independent",0,8,82,True,False,False,False,False,0,False,True,"ui/icon/004000/004566.tex",1051,True,0,15,440,20,120,20,1,605,"Critter"
167,"wind-up Firion",0,"wind-up Firions",0,0,1,0,0,"ModelChara#1321",100,10,0,0,0,"Obedient",0,8,239,False,True,False,True,False,0,False,True,"ui/icon/004000/004549.tex",12021,True,0,25,600,4,120,20,1,605,"Poppet"
168,"wind-up Ifrit",0,"wind-up Ifrits",0,0,1,0,0,"ModelChara#1318",100,10,0,0,0,"Obedient",0,8,83,False,True,False,False,False,0,False,True,"ui/icon/004000/004567.tex",8001,True,0,20,380,1,120,20,1,610,"Monster"
169,"wind-up Garuda",0,"wind-up Garudas",0,0,1,1,0,"ModelChara#1330",90,10,0,0,0,"Obedient",2,8,83,False,True,False,True,False,0,False,True,"ui/icon/004000/004572.tex",8002,True,0,20,495,26,360,20,1,619,"Monster"
170,"wind-up Titan",0,"wind-up Titans",0,0,1,0,0,"ModelChara#1331",100,10,0,0,0,"Obedient",0,8,83,False,True,False,True,False,0,False,True,"ui/icon/004000/004573.tex",8003,True,0,15,380,19,30,30,1,613,"Monster"
171,"wind-up Leviathan",0,"wind-up Leviathans",0,0,1,0,0,"ModelChara#1332",100,10,0,0,0,"Obedient",0,8,83,False,True,False,True,False,0,False,True,"ui/icon/004000/004574.tex",8004,True,0,30,455,32,0,40,1,620,"Monster"
172,"wind-up Zundu warrior",0,"wind-up Zundu warriors",0,0,1,0,0,"ModelChara#1423",100,10,0,0,0,"Obedient",0,8,87,False,True,False,True,False,0,False,True,"ui/icon/004000/004569.tex",7010,True,0,25,630,11,360,20,1,617,"Poppet"
173,"wind-up Haurchefant",0,"wind-up Haurchefants",0,0,1,0,0,"ModelChara#1334",100,10,2,0,0,"Obedient",0,8,272,False,True,False,True,False,0,False,True,"ui/icon/004000/004568.tex",9022,True,0,30,530,10,0,20,1,620,"Poppet"
174,"wind-up Nero tol Scaeva",0,"wind-up Nero tol Scaevas",0,0,1,0,0,"ModelChara#1335",100,10,0,0,0,"Obedient",0,8,278,False,True,False,True,False,0,False,True,"ui/icon/004000/004575.tex",9023,True,0,20,420,49,0,30,1,620,"Poppet"
175,"wind-up Vath",0,"wind-up Vath",0,0,1,0,0,"ModelChara#1343",100,10,0,0,0,"Obedient",0,8,277,False,True,False,True,False,0,False,True,"ui/icon/004000/004571.tex",7008,True,0,15,430,17,0,20,1,620,"Poppet"
176,"faustlet",0,"faustlets",0,0,1,0,0,"ModelChara#1458",100,10,0,0,0,"Obedient",0,8,236,False,True,False,True,False,0,False,True,"ui/icon/004000/004576.tex",2003,True,0,30,390,1,30,60,1,604,"Monster"
177,"dress-up Y'shtola",0,"dress-up Y'shtolas",0,0,1,0,0,"ModelChara#1333",100,10,0,0,0,"Obedient",0,8,262,False,True,False,True,False,0,False,True,"ui/icon/004000/004596.tex",9001,True,0,25,480,22,360,20,1,632,"Poppet"
178,"Calca",0,"Calcas",0,0,1,1,0,"ModelChara#1461",100,0,10,0,0,"Obedient",4,8,270,False,True,False,True,False,0,False,True,"ui/icon/004000/004577.tex",1052,True,0,10,370,51,360,20,2,618,"Monster"
179,"Brina",0,"Brinas",0,0,1,1,0,"ModelChara#1462",100,0,10,0,0,"Obedient",4,8,270,False,True,False,True,False,0,False,True,"ui/icon/004000/004578.tex",1053,True,0,15,410,50,360,20,2,617,"Monster"
180,"morpho",0,"morphos",0,0,1,0,0,"ModelChara#1459",80,20,0,0,0,"Independent",3,8,304,False,False,False,False,False,0,False,True,"ui/icon/004000/004579.tex",1054,True,0,20,470,20,120,30,1,602,"Critter"
181,"Poro Roggo",0,"Poro Roggos",0,0,1,0,1,"ModelChara#1466",100,10,0,0,0,"Independent",0,8,305,True,False,True,False,True,0,False,True,"ui/icon/004000/004580.tex",1055,True,0,20,420,38,30,20,1,640,"Critter"
182,"spoony bard",0,"spoony bards",0,0,1,0,0,"ModelChara#1484",100,10,0,0,0,"Obedient",0,8,306,False,True,False,True,False,0,False,True,"ui/icon/004000/004581.tex",12042,True,0,15,400,12,360,20,1,619,"Poppet"
183,"Fenrir pup",0,"Fenrir pups",0,0,1,0,0,"ModelChara#1467",100,10,0,0,0,"Independent",0,8,307,True,False,True,False,True,0,False,True,"ui/icon/004000/004582.tex",1056,True,0,15,380,11,360,20,1,617,"Monster"
184,"wind-up dragonet",0,"wind-up dragonets",0,0,1,0,0,"ModelChara#1463",100,10,0,0,0,"Obedient",2,8,308,False,True,False,True,True,0,False,True,"ui/icon/004000/004597.tex",7011,True,0,30,510,1,30,20,1,601,"Critter"
185,"wind-up Ramuh",0,"wind-up Ramuhs",0,0,1,0,0,"ModelChara#1544",90,10,0,0,0,"Obedient",0,8,83,False,True,False,True,False,0,False,True,"ui/icon/004000/004598.tex",8005,True,0,25,515,1,30,30,1,603,"Monster"
186,"wind-up Shiva",0,"wind-up Shivas",0,0,1,0,0,"ModelChara#1545",90,10,0,0,0,"Obedient",0,8,83,False,True,False,True,False,0,False,True,"ui/icon/004000/004599.tex",8006,True,0,10,420,19,30,30,1,611,"Monster"
187,"Piggy",0,"Piggies",0,0,1,0,1,"ModelChara#1465",100,2,0,0,30,"Independent",0,8,311,True,False,False,True,True,0,False,True,"ui/icon/004000/004600.tex",12902,True,0,10,375,29,360,20,1,623,"Critter"
188,"magic bucket",0,"magic buckets",0,0,1,0,0,"ModelChara#1464",100,5,1,0,0,"Obedient",0,8,0,False,False,False,True,False,0,False,True,"ui/icon/004000/004601.tex",11509,True,0,15,530,18,360,30,1,624,"Gadget"
189,"calamari",0,"calamari",0,0,1,0,0,"ModelChara#1469",100,10,0,0,0,"Independent",0,8,313,True,False,False,True,False,0,False,True,"ui/icon/004000/004602.tex",1057,True,0,25,480,38,30,20,1,640,"Monster"
190,"baby brachiosaur",0,"baby brachiosaurs",0,0,1,0,0,"ModelChara#1470",100,10,0,0,0,"Obedient",0,8,314,False,True,False,True,False,0,False,True,"ui/icon/004000/004603.tex",1058,True,0,30,490,23,30,20,1,613,"Poppet"
191,"wind-up cheerleader",0,"wind-up cheerleaders",0,0,1,0,0,"ModelChara#1468",100,0,10,0,0,"Independent",6,8,315,False,True,False,True,False,0,True,True,"ui/icon/004000/004604.tex",10013,True,0,15,440,11,360,20,1,617,"Poppet"
192,"wind-up Krile",0,"wind-up Kriles",0,0,1,0,0,"ModelChara#1336",100,10,0,0,0,"Obedient",0,8,262,False,True,False,True,False,0,False,True,"ui/icon/004000/004605.tex",9012,True,0,10,390,12,360,20,1,626,"Poppet"
193,"wind-up Aymeric",0,"wind-up Aymerics",0,0,1,0,0,"ModelChara#1547",100,10,0,0,0,"Obedient",0,8,317,False,True,False,True,False,0,False,True,"ui/icon/004000/004606.tex",9024,True,0,30,465,34,0,30,1,620,"Poppet"
194,"pegasus colt",0,"pegasus colts",0,0,1,0,0,"ModelChara#1650",100,10,0,0,0,"Independent",0,8,318,True,False,True,False,True,0,False,True,"ui/icon/004000/004613.tex",1059,True,0,25,500,18,360,30,1,624,"Critter"
195,"wind-up Calofisteri",0,"wind-up Calofisteris",0,0,1,0,0,"ModelChara#1546",100,10,0,0,0,"Obedient",0,8,319,False,True,True,False,False,0,False,True,"ui/icon/004000/004607.tex",2103,True,0,25,440,10,0,20,1,620,"Monster"
196,"wind-up sasquatch",0,"wind-up sasquatches",0,0,1,0,0,"ModelChara#1386",100,10,0,0,0,"Obedient",0,8,320,False,True,False,True,False,0,False,True,"ui/icon/004000/004608.tex",1060,True,0,15,420,37,0,20,1,620,"Monster"
197,"dwarf rabbit",0,"dwarf rabbits",0,0,1,0,0,"ModelChara#1387",100,10,0,0,0,"Independent",0,8,321,True,False,True,False,True,0,False,True,"ui/icon/004000/004609.tex",3009,True,0,20,450,36,360,30,1,634,"Critter"
198,"hecteye",0,"hecteyes",0,0,1,0,0,"ModelChara#1385",100,10,0,0,0,"Independent",0,8,322,True,False,True,False,True,0,False,True,"ui/icon/004000/004610.tex",1061,True,0,10,450,19,120,30,1,608,"Monster"
199,"Taoist moogle",0,"Taoist moogles",0,0,1,0,0,"ModelChara#1548",100,10,0,0,0,"Obedient",4,8,233,False,True,False,True,False,0,False,True,"ui/icon/004000/004611.tex",13,False,0,10,410,38,120,20,1,614,"Poppet"
200,"Jibanyan",0,"Jibanyans",0,0,1,0,0,"ModelChara#1390",100,10,0,0,0,"Independent",0,8,324,True,False,True,False,True,0,False,True,"ui/icon/004000/004584.tex",13003,False,0,25,620,1,30,20,1,606,"Monster"
201,"Komasan",0,"Komasans",0,0,1,0,0,"ModelChara#1391",100,10,0,0,0,"Independent",0,8,324,True,False,True,False,True,0,False,True,"ui/icon/004000/004586.tex",13004,False,0,20,520,35,360,20,1,634,"Monster"
202,"Whisper",0,"Whispers",0,0,1,0,0,"ModelChara#1392",100,10,0,0,0,"Independent",0,8,324,True,False,False,True,False,0,False,True,"ui/icon/004000/004592.tex",13005,False,0,15,420,14,30,20,1,621,"Monster"
203,"Blizzaria",0,"Blizzarias",0,0,1,0,0,"ModelChara#1393",100,10,0,0,0,"Independent",0,8,324,True,False,True,False,True,0,False,True,"ui/icon/004000/004594.tex",13006,False,90,10,360,11,360,30,1,617,"Monster"
204,"Kyubi",0,"Kyubis",0,0,1,0,0,"ModelChara#1394",100,10,0,0,0,"Independent",0,8,324,True,False,True,False,True,0,False,True,"ui/icon/004000/004591.tex",13007,False,0,25,630,1,120,20,1,610,"Monster"
205,"Komajiro",0,"Komajiros",0,0,1,0,0,"ModelChara#1395",100,10,0,0,0,"Independent",0,8,324,True,False,True,False,True,0,False,True,"ui/icon/004000/004587.tex",13008,False,0,15,510,20,120,20,1,633,"Monster"
206,"Manjimutt",0,"Manjimutts",0,0,1,0,0,"ModelChara#1396",100,10,0,0,0,"Independent",0,8,324,True,False,False,True,True,0,False,True,"ui/icon/004000/004595.tex",13009,False,0,15,530,1,120,20,1,627,"Monster"
207,"Noko",0,"Nokos",0,0,1,0,0,"ModelChara#1397",100,10,0,0,0,"Independent",0,8,324,True,False,True,False,True,0,False,True,"ui/icon/004000/004588.tex",13010,False,0,20,650,27,360,30,1,615,"Monster"
208,"Venoct",0,"Venocts",0,0,1,0,0,"ModelChara#1398",100,10,0,0,0,"Independent",0,8,324,True,False,True,False,True,0,False,True,"ui/icon/004000/004590.tex",13011,False,0,30,630,1,120,20,1,605,"Monster"
209,"Shogunyan",0,"Shogunyans",0,0,1,0,0,"ModelChara#1399",100,10,0,0,0,"Independent",0,8,324,True,False,False,True,True,0,False,True,"ui/icon/004000/004583.tex",13012,False,0,20,650,4,30,20,1,604,"Monster"
210,"Hovernyan",0,"Hovernyans",0,0,1,0,0,"ModelChara#1400",100,10,0,0,0,"Independent",0,8,324,True,False,True,False,True,0,False,True,"ui/icon/004000/004585.tex",13013,False,0,10,365,1,30,30,1,606,"Monster"
211,"Robonyan F-type",0,"Robonyan F-types",0,0,1,0,0,"ModelChara#1401",100,10,0,0,0,"Independent",0,8,324,True,False,True,False,True,0,False,True,"ui/icon/004000/004593.tex",13014,False,0,10,400,5,360,30,1,600,"Monster"
212,"USApyon",0,"USApyons",0,1,1,0,0,"ModelChara#1402",100,10,0,0,0,"Independent",0,8,324,True,False,False,True,True,0,False,True,"ui/icon/004000/004589.tex",13015,False,0,15,550,1,30,20,1,612,"Monster"
213,"",0,"",0,0,0,0,0,"ModelChara#0",0,0,0,0,0,"",0,0,0,False,False,False,False,False,0,False,False,,0,False,0,0,0,0,0,0,0,0,""
214,"Namingway",0,"Namingways",0,0,1,0,0,"ModelChara#1614",100,0,10,0,0,"Independent",0,8,325,True,False,False,False,True,0,False,True,"ui/icon/004000/004614.tex",12043,True,0,20,450,29,360,20,1,623,"Poppet"
215,"toy Alexander",0,"toy Alexanders",0,0,1,0,0,"ModelChara#1618",100,10,0,0,0,"Independent",0,8,326,False,False,False,False,False,0,False,True,"ui/icon/004000/004615.tex",2006,True,0,25,600,12,360,20,1,626,"Monster"
216,"shaggy shoat",0,"shaggy shoats",0,0,1,0,0,"ModelChara#1615",100,10,0,0,0,"Independent",0,8,327,True,False,False,False,True,0,False,True,"ui/icon/004000/004616.tex",1062,True,0,30,450,11,360,20,1,617,"Critter"
217,"dress-up Thancred",0,"dress-up Thancreds",0,0,1,0,0,"ModelChara#1616",100,10,0,0,0,"Obedient",0,8,262,False,True,False,True,False,0,False,True,"ui/icon/004000/004617.tex",9003,True,0,15,420,19,120,30,1,608,"Poppet"
218,"dress-up Alisaie",0,"dress-up Alisaies",0,0,1,0,0,"ModelChara#1617",100,10,0,0,0,"Obedient",0,8,262,False,True,False,True,False,0,False,True,"ui/icon/004000/004618.tex",9009,True,0,10,390,9,0,20,1,620,"Poppet"
219,"wind-up Edda",0,"wind-up Eddas",0,0,1,0,0,"ModelChara#1626",100,10,0,0,0,"Obedient",0,8,330,False,True,False,False,False,0,False,True,"ui/icon/004000/004619.tex",9025,True,0,25,420,14,30,20,1,604,"Monster"
220,"wind-up Yuna",0,"wind-up Yunas",0,0,1,0,0,"ModelChara#1611",100,10,0,0,0,"Obedient",0,8,331,False,True,False,True,False,0,False,True,"ui/icon/004000/004620.tex",12101,True,0,30,500,27,360,30,1,615,"Poppet"
221,"wind-up Rikku",0,"wind-up Rikkus",0,0,1,0,0,"ModelChara#1612",100,10,0,0,0,"Obedient",0,8,331,False,True,False,True,False,0,False,True,"ui/icon/004000/004621.tex",12102,True,0,15,420,35,360,25,1,634,"Poppet"
222,"wind-up Lulu",0,"wind-up Lulus",0,0,1,0,0,"ModelChara#1613",100,10,0,0,0,"Obedient",0,8,331,False,True,False,True,False,0,False,True,"ui/icon/004000/004622.tex",12103,True,0,20,430,1,120,20,1,616,"Poppet"
223,"",0,"",0,0,0,0,0,"ModelChara#0",0,0,0,0,0,"",0,0,0,False,False,False,False,False,0,False,False,,0,False,0,0,0,0,0,0,0,0,""
224,"wind-up Moenbryda",0,"wind-up Moenbrydas",0,0,1,0,0,"ModelChara#1651",100,10,0,0,0,"Obedient",0,8,262,False,True,False,True,False,0,False,True,"ui/icon/004000/004624.tex",9013,True,0,10,400,32,0,30,1,620,"Poppet"
225,"Continental eye",0,"Continental eyes",0,0,1,0,0,"ModelChara#1769",100,30,0,0,0,"Independent",0,8,30,True,False,False,True,True,0,False,True,"ui/icon/004000/004625.tex",1024,True,0,15,430,28,120,20,1,605,"Monster"
226,"bullpup",0,"bullpups",0,0,1,0,0,"ModelChara#1690",100,30,0,0,0,"Independent",0,8,88,True,False,True,False,True,0,False,True,"ui/icon/004000/004626.tex",1063,True,0,10,420,22,360,20,1,632,"Critter"
227,"angel of mercy",0,"angels of mercy",0,1,1,0,0,"ModelChara#1691",100,30,0,0,0,"Obedient",0,8,335,False,True,True,False,False,0,False,True,"ui/icon/004000/004627.tex",10014,True,0,15,450,39,0,20,1,620,"Poppet"
228,"wind-up Estinien",0,"wind-up Estiniens",0,0,1,0,0,"ModelChara#1693",100,30,0,0,0,"Obedient",0,8,336,False,True,False,True,False,233,True,True,"ui/icon/004000/004628.tex",9026,True,0,10,380,40,0,30,1,631,"Poppet"
229,"wind-up Hraesvelgr",0,"wind-up Hraesvelgrs",0,0,1,0,0,"ModelChara#1694",100,30,0,0,0,"Obedient",0,8,269,False,True,True,False,False,0,False,True,"ui/icon/004000/004629.tex",9505,True,0,25,500,29,360,20,1,623,"Monster"
230,"Gigi",0,"Gigis",0,0,1,0,1,"ModelChara#1695",100,30,0,0,0,"Obedient",0,8,268,False,True,False,True,False,0,False,True,"ui/icon/004000/004630.tex",10005,True,0,20,445,31,0,30,1,620,"Poppet"
231,"anima",0,"animas",0,1,1,0,0,"ModelChara#1697",100,30,0,0,0,"Independent",0,8,338,True,False,True,False,True,0,False,True,"ui/icon/004000/004631.tex",10015,True,0,25,480,11,360,20,1,618,"Poppet"
232,"wind-up Scathach",0,"wind-up Scathachs",0,0,1,0,0,"ModelChara#1782",100,30,0,0,0,"Obedient",0,8,339,False,True,False,True,False,0,False,True,"ui/icon/004000/004632.tex",2104,True,0,10,420,38,120,20,2,609,"Monster"
233,"wind-up Nidhogg",0,"wind-up Nidhoggs",0,0,1,0,0,"ModelChara#1783",100,30,0,0,0,"Obedient",0,8,340,False,True,False,True,False,228,False,True,"ui/icon/004000/004633.tex",9506,True,0,30,450,1,120,20,1,616,"Monster"
234,"hellpup",0,"hellpups",0,0,1,0,0,"ModelChara#1791",100,30,0,0,0,"Independent",0,8,89,True,False,True,False,True,0,False,True,"ui/icon/004000/004634.tex",1064,True,0,15,420,43,0,20,1,620,"Critter"
235,"wind-up Ohl Deeh",0,"wind-up Ohl Deehs",0,0,1,0,0,"ModelChara#1856",100,10,0,0,0,"Obedient",2,8,308,False,True,False,True,True,0,False,True,"ui/icon/004000/004636.tex",7012,True,0,20,450,35,360,30,1,634,"Critter"
236,"wind-up moon",0,"wind-up moons",0,0,1,0,0,"ModelChara#1855",100,0,0,0,0,"Stationary",8,8,0,False,False,False,False,False,0,False,True,"ui/icon/004000/004637.tex",11502,True,0,30,500,11,360,20,1,617,"Gadget"
237,"castaway chocobo chick",0,"castaway chocobo chicks",0,0,1,0,0,"ModelChara#1696",100,30,0,0,0,"Independent",0,8,3,True,False,True,False,True,0,False,True,"ui/icon/004000/004638.tex",9,True,0,25,580,4,30,20,1,604,"Critter"
238,"wind-up Bartz",0,"wind-up Bartzes",0,0,1,0,0,"ModelChara#1692",100,30,0,0,0,"Independent",0,8,279,False,True,False,True,False,0,False,True,"ui/icon/004000/004639.tex",12051,True,0,30,450,5,360,30,2,619,"Poppet"
239,"wind-up red mage",0,"wind-up red mages",0,0,1,0,0,"ModelChara#1698",100,30,0,0,0,"Obedient",0,8,223,False,True,False,True,False,0,False,True,"ui/icon/004000/004640.tex",12011,True,0,20,445,18,360,30,1,624,"Poppet"
240,"faepup",0,"faepups",0,0,1,0,0,"ModelChara#1859",100,30,0,0,0,"Independent",0,8,89,True,False,True,False,True,0,False,True,"ui/icon/004000/004635.tex",1065,True,0,20,440,34,0,30,1,620,"Critter"
241,"odder otter",0,"odder otters",0,1,1,0,0,"ModelChara#1786",100,30,0,0,0,"Independent",0,8,280,True,False,True,False,True,0,False,True,"ui/icon/004000/004641.tex",4003,True,0,20,500,23,120,30,1,631,"Critter"
242,"fox kit",0,"fox kits",0,0,1,0,0,"ModelChara#1784",100,10,0,0,0,"Independent",0,8,281,True,False,True,False,True,0,False,True,"ui/icon/004000/004642.tex",3010,True,0,25,500,27,360,30,2,615,"Critter"
243,"Tora-jiro",0,"Tora-jiros",0,0,1,0,0,"ModelChara#1785",100,10,0,0,0,"Independent",0,8,13,True,False,True,False,True,0,False,True,"ui/icon/004000/004643.tex",3011,True,90,20,440,19,120,30,1,608,"Critter"
244,"tiny tatsunoko",0,"tiny tatsunoko",0,0,1,0,0,"ModelChara#1787",100,10,0,0,0,"Independent",0,8,282,True,False,True,False,True,0,False,True,"ui/icon/004000/004644.tex",1066,True,0,10,300,49,0,30,1,620,"Critter"
245,"bombfish",0,"bombfish",0,0,1,0,0,"ModelChara#1790",100,10,0,0,0,"Independent",0,8,284,True,False,True,False,False,0,False,True,"ui/icon/004000/004645.tex",1067,True,90,10,470,12,360,20,1,626,"Monster"
246,"Bom Boko",0,"Bom Bokos",0,0,1,0,0,"ModelChara#1788",100,10,0,0,0,"Independent",0,8,281,True,False,True,False,True,0,False,True,"ui/icon/004000/004646.tex",3012,True,0,20,450,10,0,20,2,620,"Critter"
247,"road sparrow",0,"road sparrows",0,0,1,0,0,"ModelChara#1789",100,10,0,0,0,"Independent",3,8,285,True,False,True,False,True,0,False,True,"ui/icon/004000/004647.tex",5007,True,0,10,450,14,30,20,1,607,"Critter"
248,"wind-up Lyse",0,"wind-up Lyses",0,0,1,0,0,"ModelChara#1824",100,10,10,0,0,"Obedient",0,8,262,False,True,False,True,False,0,False,True,"ui/icon/004000/004648.tex",9004,True,0,25,500,1,30,20,1,606,"Poppet"
249,"dress-up Yugiri",0,"dress-up Yugiris",0,0,1,1,0,"ModelChara#1825",100,10,0,0,0,"Obedient",0,8,271,False,True,False,True,False,0,False,True,"ui/icon/004000/004649.tex",9021,True,0,30,310,20,120,20,1,631,"Poppet"
250,"wind-up Gosetsu",0,"wind-up Gosetsus",0,0,1,0,0,"ModelChara#1826",100,10,0,0,0,"Obedient",0,8,271,False,True,False,True,False,0,False,True,"ui/icon/004000/004650.tex",9027,True,0,15,320,4,30,20,2,604,"Poppet"
251,"wind-up Yotsuyu",0,"wind-up Yotsuyus",0,0,1,0,0,"ModelChara#1827",100,10,0,0,0,"Obedient",0,8,287,False,True,False,True,False,0,False,True,"ui/icon/004000/004651.tex",9028,True,0,10,290,35,360,30,1,634,"Poppet"
252,"mock-up Grynewaht",0,"mock-up Grynewahts",0,0,1,0,0,"ModelChara#1828",100,10,10,0,0,"Obedient",0,8,289,False,True,False,True,False,0,False,True,"ui/icon/004000/004652.tex",9035,True,0,30,590,38,30,20,1,604,"Monster"
253,"wind-up Namazu",0,"wind-up Namazu",0,0,1,0,0,"ModelChara#1830",100,10,0,0,0,"Independent",0,8,290,False,True,True,False,False,0,False,True,"ui/icon/004000/004653.tex",6002,True,0,25,510,28,120,20,1,605,"Poppet"
254,"Ivon Coeurlfist doll",0,"Ivon Coeurlfist dolls",0,1,1,0,0,"ModelChara#1831",100,10,0,0,0,"Independent",0,8,291,False,True,True,False,False,0,False,True,"ui/icon/004000/004654.tex",1068,True,0,20,390,42,0,20,1,620,"Monster"
255,"wind-up chimera",0,"wind-up chimeras",0,0,1,0,0,"ModelChara#1832",100,10,0,0,0,"Obedient",0,8,292,False,True,False,True,False,0,False,True,"ui/icon/004000/004655.tex",10016,True,0,25,510,26,120,20,1,622,"Monster"
256,"wind-up meateater",0,"wind-up meateaters",0,0,1,0,0,"ModelChara#1833",100,10,0,0,0,"Obedient",0,8,206,False,True,False,True,False,0,False,True,"ui/icon/004000/004656.tex",6001,True,0,25,480,37,0,20,1,620,"Poppet"
257,"magitek avenger F1",0,"magitek avengers F1",0,0,1,0,0,"ModelChara#1834",100,10,0,0,0,"Obedient",0,8,320,False,True,False,True,False,0,False,True,"ui/icon/004000/004657.tex",11007,True,0,15,360,15,0,20,1,620,"Poppet"
258,"Ghido",0,"Ghidos",0,0,1,0,0,"ModelChara#1895",100,10,0,0,0,"Independent",0,8,293,True,False,True,False,True,259,False,True,"ui/icon/004000/004658.tex",4004,True,0,10,330,43,0,20,1,620,"Critter"
259,"wind-up Exdeath",0,"wind-up Exdeaths",0,0,1,0,0,"ModelChara#1896",100,10,0,0,0,"Obedient",0,8,294,False,True,False,True,False,258,False,True,"ui/icon/004000/004659.tex",2007,True,0,25,440,41,0,20,1,620,"Monster"
260,"wind-up Khloe",0,"wind-up Khloes",0,0,1,1,0,"ModelChara#1897",100,10,0,0,0,"Obedient",0,8,295,False,True,False,True,False,0,False,True,"ui/icon/004000/004660.tex",9031,True,0,15,520,25,360,20,1,625,"Poppet"
261,"wind-up Susano",0,"wind-up Susanos",0,0,1,0,0,"ModelChara#1898",100,10,0,0,0,"Obedient",0,8,83,False,True,False,True,False,0,False,True,"ui/icon/004000/004661.tex",8010,True,0,20,400,38,30,20,1,640,"Monster"
262,"wind-up Lakshmi",0,"wind-up Lakshmis",0,0,1,1,0,"ModelChara#1899",100,10,0,0,0,"Obedient",0,8,83,False,True,False,True,False,0,False,True,"ui/icon/004000/004662.tex",8011,True,0,10,320,27,360,30,1,615,"Monster"
263,"wind-up Bismarck",0,"wind-up Bismarcks",0,0,1,0,0,"ModelChara#1968",100,10,0,0,0,"Obedient",0,8,83,False,True,False,True,False,0,False,True,"ui/icon/004000/004663.tex",8008,True,0,15,550,34,0,30,1,620,"Monster"
264,"wind-up Hien",0,"wind-up Hiens",0,0,1,0,0,"ModelChara#1978",100,10,0,0,0,"Obedient",0,8,271,False,True,False,True,False,0,False,True,"ui/icon/004000/004664.tex",9029,True,0,25,520,11,360,30,2,617,"Poppet"
265,"wind-up Ravana",0,"wind-up Ravanas",0,0,1,0,0,"ModelChara#1979",100,10,0,0,0,"Obedient",0,8,83,False,True,False,True,False,0,False,True,"ui/icon/004000/004665.tex",8009,True,0,25,550,38,120,30,2,605,"Monster"
266,"wind-up Kojin",0,"wind-up Kojin",0,0,1,0,0,"ModelChara#1980",100,10,0,0,0,"Obedient",0,8,209,False,True,False,True,False,0,False,True,"ui/icon/004000/004666.tex",7013,True,0,15,430,27,360,30,1,615,"Poppet"
267,"mameshiba",0,"mameshiba",0,0,1,0,0,"ModelChara#1981",100,10,0,0,0,"Independent",0,8,341,True,False,True,False,True,0,False,True,"ui/icon/004000/004667.tex",3013,True,0,20,500,4,30,20,1,601,"Critter"
268,"tengu doll",0,"tengu dolls",0,0,1,0,0,"ModelChara#1982",100,10,0,0,0,"Independent",0,8,342,True,False,True,False,True,0,False,True,"ui/icon/004000/004668.tex",10017,True,0,15,400,19,120,30,1,616,"Critter"
269,"wind-up Matanga",0,"wind-up Matangas",0,0,1,0,0,"ModelChara#1983",100,10,0,0,0,"Independent",0,8,343,True,False,True,False,True,0,False,True,"ui/icon/004000/004669.tex",1069,True,0,25,600,1,30,20,1,606,"Monster"
270,"wind-up Ramza",0,"wind-up Ramzas",0,0,1,0,0,"ModelChara#2046",100,10,0,0,0,"Obedient",0,8,345,False,True,False,True,False,0,False,True,"ui/icon/004000/004670.tex",12501,True,0,30,620,21,0,30,2,620,"Poppet"
271,"koala joey",0,"koala joeys",0,0,1,0,0,"ModelChara#2066",100,10,0,0,0,"Independent",9,8,346,True,False,True,False,True,0,False,True,"ui/icon/004000/004671.tex",3014,True,0,25,600,29,360,20,1,623,"Critter"
272,"salt & pepper seal",0,"salt & pepper seals",0,0,1,0,0,"ModelChara#2067",100,10,0,0,0,"Independent",0,8,347,True,False,True,False,True,0,False,True,"ui/icon/004000/004672.tex",4005,True,0,20,480,26,30,30,1,621,"Critter"
273,"axolotl eft",0,"axolotl efts",0,1,1,0,0,"ModelChara#2068",100,10,0,0,0,"Independent",0,8,348,True,False,True,False,True,0,False,True,"ui/icon/004000/004673.tex",4006,True,0,10,300,42,0,30,1,620,"Critter"
274,"wind-up Ixion",0,"wind-up Ixions",0,0,1,0,0,"ModelChara#2069",100,10,0,0,0,"Obedient",0,8,349,False,True,False,True,False,0,False,True,"ui/icon/004000/004674.tex",1070,True,0,30,560,20,360,40,1,637,"Monster"
275,"wind-up Shinryu",0,"wind-up Shinryus",0,0,1,0,0,"ModelChara#2124",100,10,0,0,0,"Obedient",10,8,350,False,True,False,False,False,305,False,True,"ui/icon/004000/004675.tex",8012,True,0,30,480,45,0,60,2,620,"Monster"
276,"dress-up Raubahn",0,"dress-up Raubahns",0,0,1,0,0,"ModelChara#2120",100,10,0,0,0,"Obedient",0,8,224,False,True,False,True,False,0,False,True,"ui/icon/004000/004676.tex",9018,True,0,20,400,38,30,20,2,604,"Poppet"
277,"wind-up Ananta",0,"wind-up Ananta",0,0,1,1,0,"ModelChara#2232",100,10,0,0,0,"Obedient",0,8,351,False,True,True,False,False,0,False,True,"ui/icon/004000/004677.tex",7014,True,0,20,450,27,360,60,1,615,"Poppet"
278,"private moai",0,"private moais",0,0,1,0,0,"ModelChara#2140",100,10,0,0,0,"Obedient",0,8,352,False,True,False,True,True,0,False,True,"ui/icon/004000/004678.tex",11510,True,0,20,450,12,360,20,1,626,"Gadget"
279,"white whittret",0,"white whittrets",0,0,1,0,0,"ModelChara#2141",100,10,0,0,0,"Independent",1,8,353,True,False,False,True,False,0,False,True,"ui/icon/004000/004679.tex",3015,True,0,15,440,1,120,20,1,605,"Critter"
280,"motley egg",0,"motley eggs",0,0,1,0,0,"ModelChara#2142",100,10,0,0,0,"Obedient",0,8,354,False,True,False,True,False,0,False,True,"ui/icon/004000/004680.tex",10018,True,0,10,350,29,360,20,2,623,"Poppet"
281,"wind-up Kefka",0,"wind-up Kefkas",0,0,1,0,0,"ModelChara#2143",100,10,0,0,0,"Obedient",0,8,355,False,True,False,True,False,0,False,True,"ui/icon/004000/004681.tex",2008,True,0,30,600,43,0,20,2,620,"Monster"
282,"wind-up Magnai",0,"wind-up Magnais",0,0,1,0,0,"ModelChara#2144",100,0,10,0,0,"Obedient",11,8,356,False,True,False,True,False,294,False,True,"ui/icon/004000/004682.tex",9033,True,0,30,650,31,0,50,2,620,"Poppet"
283,"aurelia polyp",0,"aurelia polyps",0,1,1,0,0,"ModelChara#2155",100,10,0,0,0,"Independent",0,8,357,True,False,False,True,False,0,False,True,"ui/icon/004000/004683.tex",4007,True,0,15,510,20,120,20,1,633,"Critter"
284,"Byakko cub",0,"Byakko cubs",0,0,1,0,0,"ModelChara#2156",100,5,10,0,0,"Independent",0,8,367,False,True,True,False,False,0,False,True,"ui/icon/004000/004684.tex",8201,True,0,20,500,38,120,20,2,609,"Monster"
285,"wind-up Fafnir",0,"wind-up Fafnirs",0,0,1,0,0,"ModelChara#2157",100,10,0,0,0,"Obedient",0,8,358,False,True,False,True,False,0,False,True,"ui/icon/004000/004685.tex",1071,True,0,10,300,38,30,20,1,606,"Monster"
286,"wind-up Mithra",0,"wind-up Mithra",0,0,1,1,0,"ModelChara#2168",100,10,0,0,0,"Obedient",0,8,358,False,True,True,False,False,0,False,True,"ui/icon/004000/004686.tex",10019,True,0,20,480,11,360,30,2,617,"Poppet"
287,"the Prince of Anemos",0,"Princes of Anemos",0,0,1,0,1,"ModelChara#2169",100,10,0,0,0,"Independent",0,8,358,True,False,True,False,False,0,False,True,"ui/icon/004000/004687.tex",1072,True,0,10,430,4,30,20,1,601,"Monster"
288,"komainu",0,"komainu",0,0,1,0,0,"ModelChara#2170",100,5,5,0,0,"Obedient",0,8,359,False,True,False,True,True,288,False,True,"ui/icon/004000/004688.tex",3016,True,0,20,460,37,0,20,1,620,"Poppet"
289,"the Gold Whisker",0,"Gold Whiskers",0,0,1,0,1,"ModelChara#2221",100,10,0,0,0,"Independent",0,8,290,False,True,True,False,False,0,False,True,"ui/icon/004000/004689.tex",6002,True,0,30,560,25,360,20,1,625,"Poppet"
290,"monkey king",0,"monkey kings",0,0,1,0,0,"ModelChara#2238",100,10,0,0,0,"Independent",0,8,360,False,False,True,False,True,0,False,True,"ui/icon/004000/004701.tex",1074,True,0,30,620,1,30,20,1,604,"Monster"
291,"clockwork lantern",0,"clockwork lanterns",0,0,1,0,0,"ModelChara#2239",100,10,0,0,0,"Obedient",0,8,0,False,False,False,False,False,0,False,True,"ui/icon/004000/004700.tex",11511,True,0,25,650,35,360,30,2,634,"Gadget"
292,"frilled dragon",0,"frilled dragons",0,0,1,0,0,"ModelChara#2240",100,10,0,0,0,"Independent",0,8,362,True,False,True,False,True,0,False,True,"ui/icon/004000/004695.tex",3017,True,0,10,400,18,360,30,1,624,"Critter"
293,"wind-up Cirina",0,"wind-up Cirinas",0,0,1,0,0,"ModelChara#2241",100,10,0,0,0,"Obedient",0,8,363,False,True,False,True,False,0,False,True,"ui/icon/004000/004697.tex",9032,True,0,10,410,43,0,20,1,620,"Poppet"
294,"wind-up Sadu",0,"wind-up Sadus",0,0,1,0,0,"ModelChara#2242",100,10,0,0,0,"Obedient",0,8,364,False,True,False,True,False,282,False,True,"ui/icon/004000/004696.tex",9034,True,0,30,500,5,360,30,2,600,"Poppet"
295,"copycat bulb",0,"copycat bulbs",0,0,1,0,0,"ModelChara#2243",100,10,0,0,0,"Independent",0,8,358,True,False,True,False,False,0,False,True,"ui/icon/004000/004690.tex",1073,True,0,15,450,19,30,30,1,621,"Monster"
296,"wind-up Tarutaru",0,"wind-up Tarutaru",0,0,1,0,0,"ModelChara#2244",100,10,0,0,0,"Obedient",0,8,358,False,True,False,True,False,0,False,True,"ui/icon/004000/004691.tex",10020,True,0,15,370,25,360,20,1,625,"Poppet"
297,"wind-up Tsukuyomi",0,"wind-up Tsukuyomis",0,0,1,0,0,"ModelChara#2245",100,10,0,0,0,"Obedient",0,8,83,False,True,False,True,False,0,False,True,"ui/icon/004000/004699.tex",8013,True,0,20,430,1,120,20,2,616,"Monster"
298,"wind-up Zhloe",0,"wind-up Zhloes",0,0,1,0,0,"ModelChara#2246",100,10,0,0,0,"Obedient",0,8,295,False,True,False,True,False,0,False,True,"ui/icon/004000/004698.tex",9030,True,0,10,410,27,360,30,1,615,"Poppet"
299,"Construct 8",0,"Construct 8s",0,0,1,0,0,"ModelChara#2247",100,10,0,0,0,"Obedient",0,8,365,False,True,False,True,False,0,False,True,"ui/icon/004000/004702.tex",2105,True,0,25,580,2,30,20,2,603,"Monster"
300,"Palico",0,"Palicoes",0,0,1,0,0,"ModelChara#2284",70,15,15,0,0,"Independent",0,8,366,True,False,True,False,True,0,False,True,"ui/icon/004000/004692.tex",13020,False,0,15,480,11,360,20,1,617,"Critter"
301,"Poogie",0,"Poogies",0,0,1,0,0,"ModelChara#2285",80,10,0,0,0,"Independent",0,8,366,True,False,True,False,True,0,False,True,"ui/icon/004000/004693.tex",13021,False,0,10,400,37,0,20,2,620,"Critter"
302,"attendee #777",0,"attendees #777",0,1,1,0,0,"ModelChara#2310",100,10,0,0,0,"Independent",0,8,290,False,True,True,False,False,0,False,True,"ui/icon/004000/004694.tex",6002,True,0,20,430,12,360,20,1,626,"Poppet"
303,"scarlet peacock",0,"scarlet peacocks",0,0,1,1,0,"ModelChara#2327",100,10,0,0,0,"Independent",2,8,367,False,True,True,False,False,0,False,True,"ui/icon/004000/004703.tex",8202,True,0,20,450,4,120,60,1,610,"Monster"
304,"wind-up Alpha",0,"wind-up Alphas",0,0,1,0,0,"ModelChara#2324",100,10,0,0,0,"Independent",0,8,3,False,True,True,False,False,0,False,True,"ui/icon/004000/004704.tex",9507,True,0,25,440,40,0,30,1,631,"Critter"
305,"OMG",0,"OMGs",0,0,1,0,0,"ModelChara#2328",100,10,0,0,0,"Independent",0,8,368,False,False,False,True,False,275,False,True,"ui/icon/004000/004705.tex",2009,True,0,30,540,6,30,60,1,603,"Monster"
306,"wind-up G'raha Tia",0,"wind-up G'raha Tias",0,0,1,0,0,"ModelChara#2329",100,10,0,0,0,"Obedient",0,8,369,False,True,False,True,False,0,False,True,"ui/icon/004000/004706.tex",9038,True,0,20,520,46,0,20,1,620,"Poppet"
307,"Little Yin",0,"Little Yins",0,0,1,1,0,"ModelChara#2325",100,10,0,0,0,"Independent",0,8,370,False,True,False,True,False,0,False,True,"ui/icon/004000/004707.tex",10021,True,0,10,410,28,120,20,2,605,"Monster"
308,"Little Yang",0,"Little Yangs",0,0,1,0,0,"ModelChara#2326",100,10,0,0,0,"Independent",0,8,370,False,True,False,True,False,0,False,True,"ui/icon/004000/004708.tex",10022,True,0,25,600,21,0,20,2,620,"Monster"
309,"wind-up Cloud",0,"wind-up Clouds",0,0,1,0,0,"ModelChara#2330",100,10,0,0,0,"Obedient",0,8,371,False,True,False,True,False,0,False,True,"ui/icon/004000/004709.tex",12071,True,0,30,490,1,30,60,1,604,"Poppet"
310,"wind-up Aerith",0,"wind-up Aeriths",0,0,1,1,0,"ModelChara#2331",100,10,0,0,0,"Obedient",0,8,371,False,True,True,False,False,0,False,True,"ui/icon/004000/004710.tex",12072,True,0,15,430,22,360,20,1,632,"Poppet"
311,"wind-up Tifa",0,"wind-up Tifas",0,0,1,1,0,"ModelChara#2332",100,10,0,0,0,"Obedient",0,8,371,False,True,False,True,False,0,False,True,"ui/icon/004000/004711.tex",12073,True,0,20,440,38,30,40,1,604,"Poppet"
312,"mudpie",0,"mudpies",0,0,1,0,0,"ModelChara#2341",100,10,0,0,0,"Independent",0,8,372,True,False,True,False,True,0,False,True,"ui/icon/004000/004712.tex",1075,True,0,15,380,6,360,30,1,600,"Monster"
313,"bridesmoogle",0,"bridesmoogles",0,0,1,0,0,"ModelChara#2344",100,10,0,0,0,"Obedient",4,8,233,False,True,True,False,False,0,False,True,"ui/icon/004000/004713.tex",14,True,0,10,420,11,360,20,1,617,"Poppet"
314,"wind-up Elvaan",0,"wind-up Elvaan",0,0,1,0,0,"ModelChara#2343",90,10,0,0,0,"Obedient",0,8,358,False,True,True,False,False,0,False,True,"ui/icon/004000/004714.tex",10020,True,0,20,470,10,0,20,1,620,"Poppet"
315,"dhalmel calf",0,"dhalmel calves",0,0,1,0,0,"ModelChara#1388",100,10,0,0,0,"Independent",0,8,358,True,False,True,False,True,0,False,True,"ui/icon/004000/004715.tex",1073,True,0,10,400,26,120,20,1,622,"Critter"
316,"capybara pup",0,"capybara pups",0,0,1,0,0,"ModelChara#2342",100,10,0,0,0,"Independent",0,8,373,True,False,False,True,True,0,False,True,"ui/icon/004000/004716.tex",3018,True,0,15,500,31,0,30,2,620,"Critter"
317,"baby gremlin",0,"baby gremlins",0,0,1,0,0,"ModelChara#2411",71,10,0,0,0,"Independent",0,8,374,True,False,False,True,True,0,False,True,"ui/icon/004000/004717.tex",1076,True,0,15,440,13,30,20,1,604,"Critter"
318,"Conditional Virtue",0,"Conditional Virtues",0,0,1,0,1,"ModelChara#2418",100,10,0,0,0,"Independent",0,8,358,True,False,False,True,True,0,False,True,"ui/icon/004000/004718.tex",1073,True,0,30,490,15,0,40,1,620,"Monster"
319,"yukinko snowflake",0,"yukinko snowflakes",0,0,1,0,0,"ModelChara#2417",100,10,0,0,0,"Independent",0,8,376,True,False,True,False,False,0,False,True,"ui/icon/004000/004719.tex",1077,True,0,10,400,6,360,40,1,600,"Critter"
320,"dress-up Tataru",0,"dress-up Tatarus",0,0,1,1,0,"ModelChara#2413",100,10,0,0,0,"Obedient",0,8,262,False,True,True,False,False,0,False,True,"ui/icon/004000/004720.tex",9010,True,0,10,440,43,0,20,1,620,"Poppet"
321,"wind-up weapon",0,"wind-up weapons",0,0,1,1,0,"ModelChara#2416",100,10,0,0,0,"Obedient",0,8,378,False,True,False,True,False,0,False,True,"ui/icon/004000/004721.tex",11007,True,0,20,500,35,360,30,1,634,"Monster"
322,"wind-up Qalyana",0,"wind-up Qalyana",0,0,1,1,0,"ModelChara#2139",100,10,0,0,0,"Obedient",0,8,351,False,True,True,False,False,0,False,True,"ui/icon/004000/004722.tex",7014,True,0,20,450,38,120,30,1,605,"Poppet"
323,"wind-up Redback",0,"wind-up Redbacks",0,0,1,0,0,"ModelChara#2543",100,10,0,0,0,"Obedient",0,8,209,False,True,False,True,False,0,False,True,"ui/icon/004000/004723.tex",7013,True,0,15,430,4,30,40,1,604,"Poppet"
324,"minitek conveyor",0,"minitek conveyors",0,0,1,0,0,"ModelChara#2415",100,10,0,0,0,"Obedient",0,8,379,False,True,False,True,False,0,False,True,"ui/icon/004000/004724.tex",11007,True,0,25,550,19,30,40,1,621,"Poppet"
325,"wind-up Fran",0,"wind-up Frans",0,0,1,1,0,"ModelChara#2412",100,10,0,0,0,"Obedient",0,8,380,False,True,True,False,False,0,False,True,"ui/icon/004000/004725.tex",9036,True,0,25,470,34,0,30,1,620,"Poppet"
326,"wind-up Nu Mou",0,"wind-up Nu Mou",0,0,1,0,0,"ModelChara#2441",100,10,0,0,0,"Obedient",0,8,381,False,True,True,False,False,0,False,True,"ui/icon/004000/004726.tex",7015,True,0,15,380,25,360,20,1,625,"Poppet"
327,"Seitei",0,"Seiteis",0,0,1,0,1,"ModelChara#2414",100,10,0,0,0,"Independent",0,8,367,False,True,True,False,False,0,False,True,"ui/icon/004000/004727.tex",8203,True,0,20,400,1,120,20,1,605,"Monster"
328,"zephyrous zabuton",0,"zephyrous zabuton",0,0,1,0,0,"ModelChara#2443",100,30,0,0,0,"Stationary",12,8,0,False,False,False,False,False,0,False,True,"ui/icon/004000/004728.tex",11503,True,80,10,390,40,0,30,1,631,"Gadget"
329,"abroader otter",0,"abroader otters",0,1,1,0,0,"ModelChara#2444",100,10,0,0,0,"Independent",0,8,280,True,False,True,False,True,0,False,True,"ui/icon/004000/004729.tex",4003,True,0,10,370,42,0,30,2,620,"Critter"
330,"hedgehoglet",0,"hedgehoglets",0,0,1,0,0,"ModelChara#2442",100,10,0,0,0,"Independent",0,8,382,True,False,True,False,True,0,False,True,"ui/icon/004000/004730.tex",3019,True,0,20,480,29,360,20,1,623,"Critter"
331,"brave new Y'shtola",0,"brave new Y'shtolas",0,0,1,1,0,"ModelChara#2485",100,10,0,0,0,"Obedient",0,8,262,False,True,True,False,False,0,False,True,"ui/icon/004000/004731.tex",9001,True,0,15,400,1,360,60,1,600,"Poppet"
332,"wind-up Ryne",0,"wind-up Rynes",0,0,1,1,0,"ModelChara#2486",100,10,0,0,0,"Obedient",0,8,262,False,True,True,False,False,0,False,True,"ui/icon/004000/004732.tex",9039,True,0,20,430,42,0,20,1,620,"Poppet"
333,"black hayate",0,"black hayate",0,0,1,0,0,"ModelChara#2483",100,10,0,0,0,"Independent",0,8,341,True,False,True,False,True,0,False,True,"ui/icon/004000/004733.tex",3013,True,0,20,500,9,0,20,1,620,"Critter"
334,"chameleon",0,"chameleons",0,0,1,0,0,"ModelChara#2484",100,10,0,0,0,"Independent",0,8,383,True,False,False,True,True,0,False,True,"ui/icon/004000/004734.tex",3020,True,0,10,410,32,0,30,1,620,"Critter"
335,"wind-up Fuath",0,"wind-up Fuath",0,0,1,0,0,"ModelChara#2490",100,10,0,0,0,"Obedient",0,8,384,False,True,True,False,False,0,False,True,"ui/icon/004000/004735.tex",6003,True,0,15,390,36,360,30,1,634,"Poppet"
336,"armadillo bowler",0,"armadillo bowlers",0,1,1,0,0,"ModelChara#2492",100,10,0,0,0,"Independent",0,8,385,True,False,False,True,True,0,False,True,"ui/icon/004000/004736.tex",1078,True,0,10,350,21,0,20,1,620,"Critter"
337,"the Great Serpent of Ronka",0,"Great Serpents of Ronka",0,0,1,0,1,"ModelChara#2493",100,10,0,0,0,"Independent",0,8,386,True,False,True,False,True,0,False,True,"ui/icon/004000/004737.tex",3021,True,0,15,460,17,0,30,1,620,"Critter"
338,"micro gigantender",0,"micro gigantenders",0,0,1,0,0,"ModelChara#2491",100,10,0,0,0,"Independent",0,8,27,True,False,False,True,False,0,False,True,"ui/icon/004000/004738.tex",1079,True,0,25,565,31,0,40,1,620,"Monster"
339,"clionid larva",0,"clionid larvae",0,0,1,0,0,"ModelChara#2494",100,10,0,0,0,"Independent",0,8,388,True,False,True,False,True,0,False,True,"ui/icon/004000/004739.tex",1080,True,0,15,420,33,0,20,1,620,"Monster"
340,"bitty duckbill",0,"bitty duckbills",0,0,1,0,0,"ModelChara#2495",100,10,0,0,0,"Independent",0,8,389,True,False,True,False,True,0,False,True,"ui/icon/004000/004740.tex",4008,True,0,25,540,20,30,60,1,604,"Critter"
341,"Eden Minor",0,"Eden Minors",0,1,1,0,1,"ModelChara#2566",100,10,0,0,0,"Obedient",0,8,390,False,True,False,True,False,0,False,True,"ui/icon/004000/004741.tex",2010,True,0,30,450,1,30,60,1,603,"Monster"
342,"giant beaver",0,"giant beavers",0,0,1,0,0,"ModelChara#2564",100,10,5,0,0,"Independent",0,8,391,True,False,True,False,True,0,False,True,"ui/icon/004000/004742.tex",6004,True,0,20,460,39,0,20,1,620,"Critter"
343,"wind-up Suzaku",0,"wind-up Suzakus",0,0,1,0,0,"ModelChara#2565",100,10,0,0,0,"Obedient",4,8,387,False,True,True,False,False,0,False,True,"ui/icon/004000/004743.tex",8202,True,0,20,480,1,120,30,1,608,"Monster"
344,"wind-up Omega-M",0,"wind-up Omegas-M",0,0,1,0,0,"ModelChara#2567",100,10,0,0,0,"Obedient",0,8,368,False,True,False,True,False,345,False,True,"ui/icon/004000/004744.tex",2009,True,0,15,440,51,360,20,1,618,"Monster"
345,"wind-up Omega-F",0,"wind-up Omegas-F",0,0,1,0,0,"ModelChara#2568",100,10,0,0,0,"Obedient",0,8,368,False,True,False,True,False,344,False,True,"ui/icon/004000/004745.tex",2009,True,0,25,400,50,360,20,1,617,"Monster"
346,"tinker's bell",0,"tinker's bells",0,0,1,0,0,"ModelChara#1829",100,10,0,0,0,"Obedient",0,8,392,False,True,False,True,False,0,False,True,"ui/icon/004000/004746.tex",11512,True,0,15,400,4,120,30,1,608,"Gadget"
347,"tiny echevore",0,"tiny echevores",0,0,1,0,0,"ModelChara#2602",100,10,0,0,0,"Independent",0,8,393,True,False,True,False,True,0,False,True,"ui/icon/004000/004747.tex",1081,True,0,15,380,44,0,30,1,620,"Monster"
348,"sharksucker-class insubmersible",0,"sharksucker-class insubmersibles",0,0,1,0,0,"ModelChara#2603",100,10,0,0,0,"Obedient",0,8,394,False,True,False,True,False,0,False,True,"ui/icon/004000/004748.tex",11007,True,0,15,415,8,30,20,1,621,"Gadget"
349,"shoebill",0,"shoebills",0,0,1,0,0,"ModelChara#2604",100,3,0,0,0,"Obedient",13,8,395,True,False,False,True,True,0,False,True,"ui/icon/004000/004749.tex",5008,True,0,10,430,13,120,20,1,622,"Critter"
350,"butterfly effect",0,"butterfly effects",0,0,1,0,0,"ModelChara#2605",100,10,0,0,0,"Obedient",0,8,396,False,False,False,True,False,0,False,True,"ui/icon/004000/004750.tex",3022,True,0,10,400,25,360,20,1,625,"Critter"
351,"ironfrog ambler",0,"ironfrog amblers",0,1,1,0,0,"ModelChara#2606",100,10,0,0,0,"Obedient",0,8,397,False,True,False,True,False,0,False,True,"ui/icon/004000/004751.tex",11008,True,0,20,435,31,0,30,1,620,"Gadget"
352,"forgiven hate",0,"forgiven hates",0,0,1,0,0,"ModelChara#2607",100,10,0,0,0,"Independent",0,8,398,True,False,False,True,False,0,False,True,"ui/icon/004000/004752.tex",1082,True,0,20,510,38,120,30,1,609,"Monster"
353,"bacon bits",0,"bacon bits",0,0,1,0,0,"ModelChara#2741",100,10,0,0,0,"Independent",2,8,399,True,False,True,False,True,0,False,True,"ui/icon/004000/004753.tex",1083,True,0,30,510,30,360,20,1,623,"Monster"
354,"wind-up pixie",0,"wind-up pixies",0,0,1,0,0,"ModelChara#2742",100,10,0,0,0,"Obedient",0,8,400,False,True,False,True,False,0,False,True,"ui/icon/004000/004754.tex",7016,True,80,20,510,27,360,30,1,615,"Poppet"
355,"mystic weapon",0,"mystic weapons",0,0,1,0,0,"ModelChara#2756",100,10,0,0,0,"Independent",0,8,401,True,False,True,False,True,0,False,True,"ui/icon/004000/004755.tex",1084,True,90,20,390,1,30,20,1,604,"Monster"
356,"meerkat",0,"meerkats",0,0,1,0,0,"ModelChara#2755",100,10,0,0,0,"Independent",1,8,402,True,False,True,False,True,0,False,True,"ui/icon/004000/004756.tex",3023,True,0,15,400,29,360,20,2,623,"Critter"
357,"miniature white knight",0,"miniature white knights",0,0,1,0,0,"ModelChara#2773",100,10,0,0,0,"Obedient",0,8,403,False,True,False,True,False,0,False,True,"ui/icon/004000/004757.tex",1085,True,0,10,420,10,0,20,2,620,"Poppet"
358,"Cute Justice",0,"Cute Justices",0,0,1,0,1,"ModelChara#2774",100,10,0,0,0,"Obedient",0,8,404,False,True,False,True,False,0,False,True,"ui/icon/004000/004758.tex",2005,True,0,30,500,41,0,20,2,620,"Poppet"
359,"domakin",0,"domakin",0,0,1,0,0,"ModelChara#2775",100,10,0,0,0,"Independent",5,8,405,True,False,True,False,True,0,False,True,"ui/icon/004000/004759.tex",4009,True,0,20,510,38,120,30,1,609,"Critter"
360,"dress-up Estinien",0,"dress-up Estiniens",0,0,1,0,0,"ModelChara#2801",100,30,0,0,0,"Obedient",0,8,336,False,True,False,True,False,0,False,True,"ui/icon/004000/004760.tex",9026,True,0,20,420,8,30,20,2,621,"Poppet"
361,"little leannan",0,"little leannain",0,0,1,0,0,"ModelChara#2800",100,10,0,0,0,"Independent",0,8,406,True,False,True,False,True,0,False,True,"ui/icon/004000/004761.tex",1086,True,0,15,460,32,0,30,2,620,"Monster"
362,"wind-up hobgoblin",0,"wind-up hobgoblins",0,0,1,0,0,"ModelChara#2802",100,10,0,0,0,"Obedient",0,8,207,False,True,False,True,False,0,False,True,"ui/icon/004000/004762.tex",7001,True,0,20,510,35,360,30,1,634,"Poppet"
363,"Cerberpup",0,"Cerberpups",0,0,1,0,0,"ModelChara#2803",100,10,0,0,0,"Independent",0,8,407,True,False,True,False,False,0,False,True,"ui/icon/004000/004763.tex",2106,True,0,25,540,26,120,20,1,622,"Monster"
364,"pod 054",0,"pods 054",0,0,1,0,0,"ModelChara#2818",100,0,10,0,0,"Obedient",0,8,408,False,True,True,False,False,0,False,True,"ui/icon/004000/004764.tex",13022,False,0,10,280,25,360,20,2,625,"Gadget"
365,"pod 316",0,"pods 316",0,0,1,0,0,"ModelChara#2819",100,0,10,0,0,"Obedient",0,8,408,False,True,True,False,False,0,False,True,"ui/icon/004000/004765.tex",13022,False,0,15,520,18,360,30,2,624,"Gadget"
366,"sungold Talos",0,"sungold Talos",0,0,1,0,0,"ModelChara#2855",100,10,0,0,0,"Obedient",0,8,409,False,True,True,False,False,0,False,True,"ui/icon/004000/004766.tex",1087,True,0,25,550,32,0,40,1,620,"Monster"
367,"Malone",0,"Malones",0,0,1,0,1,"ModelChara#2856",100,10,0,0,0,"Independent",0,8,410,True,False,True,False,True,0,False,True,"ui/icon/004000/004767.tex",1088,True,0,10,300,18,360,30,1,624,"Critter"
368,"little leafman",0,"little leafmen",0,0,1,0,0,"ModelChara#2857",100,10,0,0,0,"Obedient",0,8,411,False,True,True,False,False,0,False,True,"ui/icon/004000/004768.tex",10023,True,0,30,700,11,360,20,1,617,"Gadget"
369,"the Behelmeted Serpent of Ronka",0,"Behelmeted Serpents of Ronka",0,0,1,0,1,"ModelChara#2890",100,10,0,0,0,"Independent",0,8,386,True,False,True,False,True,0,False,True,"ui/icon/004000/004769.tex",3021,True,0,15,470,31,0,50,1,620,"Critter"
370,"the Behatted Serpent of Ronka",0,"Behatted Serpents of Ronka",0,0,1,0,1,"ModelChara#2891",100,10,0,0,0,"Independent",0,8,386,True,False,True,False,True,0,False,True,"ui/icon/004000/004770.tex",3021,True,0,20,430,1,120,20,1,605,"Critter"
371,"silver dasher",0,"silver dashers",0,0,1,0,0,"ModelChara#2858",100,10,0,0,0,"Independent",3,8,285,True,False,True,False,True,0,False,True,"ui/icon/004000/004771.tex",5009,True,0,10,280,14,30,20,1,607,"Critter"
372,"paissa patissier",0,"paissa patissiers",0,0,1,0,0,"ModelChara#2892",100,5,5,0,0,"Independent",0,8,273,True,False,False,True,True,0,False,True,"ui/icon/004000/004772.tex",1049,True,0,30,330,28,120,20,1,605,"Monster"
373,"paissa threadpuller",0,"paissa threadpullers",0,0,1,0,0,"ModelChara#2893",100,5,5,0,0,"Independent",0,8,273,True,False,False,True,True,0,False,True,"ui/icon/004000/004773.tex",1049,True,0,25,490,29,360,20,2,623,"Monster"
374,"ancient one",0,"ancient ones",0,1,1,0,0,"ModelChara#2894",90,10,0,0,0,"Obedient",0,8,412,False,True,True,False,False,0,False,True,"ui/icon/004000/004774.tex",10023,True,0,20,470,22,360,20,1,632,"Poppet"
375,"the Major-General",0,"Major-Generals",0,0,1,0,1,"ModelChara#2895",100,10,0,0,0,"Independent",0,8,413,True,False,True,False,True,0,False,True,"ui/icon/004000/004775.tex",4010,True,0,15,450,38,30,20,1,640,"Monster"
376,"wind-up Dulia-Chai",0,"wind-up Dulia-Chais",0,0,1,1,0,"ModelChara#2896",100,10,0,0,0,"Obedient",0,8,414,False,True,True,False,False,0,False,True,"ui/icon/004000/004776.tex",9040,True,0,30,660,20,120,20,2,631,"Poppet"
377,"amaro hatchling",0,"amaro hatchlings",0,1,1,0,0,"ModelChara#2897",100,10,0,0,0,"Independent",0,8,417,True,False,True,False,True,0,False,True,"ui/icon/004000/004777.tex",1093,True,0,15,430,43,0,20,1,620,"Monster"
378,"Laladile",0,"Laladiles",0,0,1,0,0,"ModelChara#2898",100,10,1,0,0,"Independent",0,8,415,True,False,True,False,True,0,False,True,"ui/icon/004000/004778.tex",4011,True,0,20,470,46,0,20,1,620,"Critter"
379,"unlucky rabbit",0,"unlucky rabbits",0,1,1,0,0,"ModelChara#2899",100,10,0,0,0,"Obedient",0,8,416,False,True,True,False,False,0,False,True,"ui/icon/004000/004779.tex",10025,True,0,25,480,17,0,30,1,620,"Poppet"
380,"Lalinator 5.H0",0,"Lalinator 5.H0s",0,0,1,0,0,"ModelChara#2977",100,10,0,0,0,"Obedient",0,8,418,False,True,False,True,False,0,False,True,"ui/icon/004000/004780.tex",12903,True,0,10,430,19,30,30,1,601,"Poppet"
381,"wind-up Mystel",0,"wind-up Mystels",0,0,1,0,0,"ModelChara#2978",100,10,0,0,0,"Obedient",0,8,419,False,True,False,True,False,0,False,True,"ui/icon/004000/004781.tex",9041,True,0,30,620,12,360,20,2,626,"Poppet"
382,"wind-up Ardbert",0,"wind-up Ardberts",0,0,1,0,0,"ModelChara#2979",100,10,0,0,0,"Obedient",0,8,420,False,True,False,True,False,0,False,True,"ui/icon/004000/004782.tex",9042,True,0,20,430,46,0,20,1,620,"Poppet"
383,"magitek helldiver F1",0,"magitek helldivers F1",0,0,1,0,0,"ModelChara#2980",100,5,5,0,0,"Obedient",0,8,421,False,True,False,True,False,0,False,True,"ui/icon/004000/004783.tex",11021,True,0,25,480,31,0,50,1,620,"Gadget"
384,"weatherproof gaelicat",0,"weatherproof gaelicats",0,0,1,0,0,"ModelChara#2981",100,10,0,0,0,"Independent",0,8,72,True,False,True,False,True,0,False,True,"ui/icon/004000/004784.tex",1045,True,0,15,490,4,120,20,2,605,"Critter"
385,"ephemeral necromancer",0,"ephemeral necromancers",0,1,1,0,0,"ModelChara#2982",100,10,0,0,0,"Obedient",0,8,422,False,True,False,True,False,0,False,True,"ui/icon/004000/004785.tex",1089,True,0,10,380,39,0,20,1,620,"Poppet"
386,"Allagan melon",0,"Allagan melons",0,1,1,0,0,"ModelChara#2983",100,10,0,0,0,"Obedient",0,8,0,False,True,False,True,False,0,False,True,"ui/icon/004000/004786.tex",11513,True,0,30,690,35,360,30,1,634,"Gadget"
387,"sand fox",0,"sand foxes",0,0,1,0,0,"ModelChara#2984",100,5,5,0,0,"Independent",0,8,423,True,False,True,False,True,0,False,True,"ui/icon/004000/004787.tex",3024,True,0,15,490,37,0,20,2,620,"Critter"
388,"petit pteranodon",0,"petit pteranodons",0,0,1,0,0,"ModelChara#2985",100,10,0,0,0,"Independent",2,8,424,True,False,True,False,True,0,False,True,"ui/icon/004000/004788.tex",1090,True,0,20,430,17,0,30,1,620,"Monster"
389,"Dáinsleif F1",0,"Dáinsleif F1",0,0,1,0,1,"ModelChara#2986",100,10,0,0,0,"Obedient",0,8,425,False,True,False,True,False,0,False,True,"ui/icon/004000/004789.tex",11022,True,0,25,530,33,0,20,1,620,"Gadget"
390,"Lord Enma",0,"Lord Enmas",0,0,1,0,1,"ModelChara#2987",100,10,0,0,0,"Independent",0,8,324,True,False,True,False,True,0,False,True,"ui/icon/004000/004790.tex",13016,False,0,30,510,1,30,20,1,604,"Monster"
391,"Lord Ananta",0,"Lord Anantas",0,0,1,0,1,"ModelChara#2988",100,10,0,0,0,"Independent",0,8,324,True,False,True,False,True,0,False,True,"ui/icon/004000/004791.tex",13017,False,0,10,280,28,120,20,1,605,"Monster"
392,"Zazel",0,"Zazels",0,0,1,0,1,"ModelChara#2989",100,10,0,0,0,"Independent",0,8,324,True,False,True,False,True,0,False,True,"ui/icon/004000/004792.tex",13018,False,0,20,480,25,360,20,1,625,"Monster"
393,"Damona",0,"Damonas",0,0,1,1,1,"ModelChara#2990",100,10,0,0,0,"Independent",0,8,324,True,False,True,False,True,0,False,True,"ui/icon/004000/004793.tex",13019,False,0,15,430,19,30,30,1,611,"Monster"
394,"2B automaton",0,"2B automata",0,0,1,1,0,"ModelChara#2991",100,10,0,0,0,"Obedient",0,8,426,False,True,False,True,False,0,False,True,"ui/icon/004000/004794.tex",13023,False,0,25,550,38,30,40,1,604,"Poppet"
395,"2P automaton",0,"2P automata",0,0,1,1,0,"ModelChara#2992",100,10,0,0,0,"Obedient",0,8,426,False,True,False,True,False,0,False,True,"ui/icon/004000/004795.tex",13023,False,0,20,380,26,120,20,1,622,"Poppet"
396,"much-coveted Mora",0,"much-coveted Moras",0,0,1,0,0,"ModelChara#3032",100,10,0,0,0,"Independent",5,8,427,True,False,True,False,True,0,False,True,"ui/icon/004000/004796.tex",4012,True,0,25,530,40,0,30,1,631,"Critter"
397,"Syldrion-class insubmersible",0,"Syldrion-class insubmersibles",0,0,1,0,0,"ModelChara#3033",100,10,0,0,0,"Obedient",0,8,428,False,True,False,True,False,0,False,True,"ui/icon/004000/004797.tex",11007,True,0,30,470,1,30,20,1,604,"Gadget"
398,"wind-up Gaia",0,"wind-up Gaias",0,0,1,1,0,"ModelChara#3034",100,10,0,0,0,"Obedient",0,8,429,False,True,False,True,False,0,False,True,"ui/icon/004000/004798.tex",9043,True,0,10,240,32,0,30,1,620,"Poppet"
399,"wind-up Palom",0,"wind-up Paloms",0,0,1,0,0,"ModelChara#3035",100,0,10,0,0,"Obedient",16,8,242,False,True,False,True,False,400,False,True,"ui/icon/004000/004799.tex",12044,True,0,15,480,12,360,20,2,626,"Poppet"
400,"wind-up Porom",0,"wind-up Poroms",0,0,1,1,0,"ModelChara#3036",100,0,10,0,0,"Obedient",16,8,242,False,True,False,True,False,399,False,True,"ui/icon/004000/004800.tex",12045,True,0,20,740,4,30,20,2,601,"Poppet"
401,"wind-up Edge",0,"wind-up Edges",0,0,1,0,0,"ModelChara#3037",100,10,0,0,0,"Obedient",0,8,242,False,True,False,True,False,0,False,True,"ui/icon/004000/004801.tex",12046,True,0,25,500,11,360,20,1,617,"Poppet"
402,"wind-up Rydia",0,"wind-up Rydias",0,0,1,1,0,"ModelChara#3038",100,10,0,0,0,"Obedient",0,8,242,False,True,False,True,False,0,False,True,"ui/icon/004000/004802.tex",12047,True,0,30,440,39,0,20,1,620,"Poppet"
403,"wind-up Rosa",0,"wind-up Rosas",0,0,1,1,0,"ModelChara#3039",100,10,0,0,0,"Obedient",0,8,242,False,True,False,True,False,0,False,True,"ui/icon/004000/004803.tex",12048,True,0,10,380,27,360,30,1,615,"Poppet"
404,"Save the Princess",0,"Save the Princesses",0,0,1,1,0,"ModelChara#3040",100,10,0,0,0,"Obedient",0,8,430,False,True,False,True,False,0,False,True,"ui/icon/004000/004804.tex",2107,True,0,15,400,25,360,20,1,625,"Monster"
405,"Drippy",0,"Drippies",0,0,1,0,0,"ModelChara#3106",100,10,0,0,0,"Independent",0,8,431,True,False,True,False,True,0,False,True,"ui/icon/004000/004805.tex",1091,True,0,20,380,31,0,30,2,620,"Monster"
406,"Trike",0,"Trikes",0,0,1,0,0,"ModelChara#3107",100,10,0,0,0,"Independent",0,8,432,True,False,True,False,True,0,False,True,"ui/icon/004000/004806.tex",1092,True,0,30,800,28,120,20,1,605,"Monster"
407,"golden beaver",0,"golden beavers",0,0,1,0,0,"ModelChara#3156",100,10,5,0,0,"Independent",0,8,391,True,False,True,False,True,0,False,True,"ui/icon/004000/004807.tex",6004,True,0,25,520,34,0,30,1,620,"Critter"
408,"gull",0,"gulls",0,0,1,0,0,"ModelChara#3108",100,10,0,0,0,"Independent",2,8,433,True,False,True,False,True,0,False,True,"ui/icon/004000/004808.tex",5010,True,0,10,440,18,360,30,1,624,"Critter"
409,"anteater",0,"anteaters",0,1,1,0,0,"ModelChara#3109",100,10,0,0,0,"Independent",0,8,434,True,False,True,False,True,0,False,True,"ui/icon/004000/004809.tex",3025,True,0,15,450,14,30,20,1,607,"Critter"
410,"dolphin calf",0,"dolphin calves",0,0,1,0,0,"ModelChara#3110",120,10,0,0,0,"Independent",5,8,435,True,False,True,False,True,0,False,True,"ui/icon/004000/004810.tex",4013,True,0,20,450,19,120,30,1,608,"Critter"
411,"magitek predator F1",0,"magitek predators F1",0,0,1,0,0,"ModelChara#3111",100,10,0,0,0,"Obedient",0,8,436,False,True,False,True,False,0,False,True,"ui/icon/004000/004811.tex",11023,True,0,25,490,33,0,20,1,620,"Monster"
412,"Senorita Sabotender",0,"Senorita Sabotenders",0,0,1,1,1,"ModelChara#3152",80,10,10,0,0,"Obedient",0,8,437,False,True,False,True,False,0,False,True,"ui/icon/004000/004812.tex",9044,True,0,30,640,43,0,20,2,620,"Poppet"
413,"Benben stone",0,"Benben stones",0,0,1,0,0,"ModelChara#3153",100,10,0,0,0,"Obedient",0,8,438,False,True,False,True,False,0,False,True,"ui/icon/004000/004813.tex",11514,True,0,10,360,31,0,30,1,620,"Gadget"
414,"wanderer's campfire",0,"wanderer's campfires",0,0,1,0,0,"ModelChara#3154",100,0,0,0,0,"Stationary",14,8,439,False,True,False,False,False,0,False,True,"ui/icon/004000/004814.tex",11515,True,0,15,550,27,360,60,1,615,"Gadget"
415,"smaller stubby",0,"smaller stubbies",0,0,1,0,0,"ModelChara#3155",100,10,0,0,0,"Obedient",0,8,440,False,True,False,True,False,0,False,True,"ui/icon/004000/004815.tex",13024,False,0,20,490,38,120,30,1,609,"Gadget"
416,"wind-up Lyna",0,"wind-up Lynas",0,0,1,1,0,"ModelChara#3214",100,0,10,0,0,"Obedient",15,8,441,False,True,False,True,False,381,False,True,"ui/icon/004000/004816.tex",9045,True,0,25,540,10,0,20,1,620,"Poppet"
417,"wind-up Runar",0,"wind-up Runars",0,0,1,0,0,"ModelChara#3215",100,0,10,0,0,"Obedient",15,8,442,False,True,False,True,False,331,False,True,"ui/icon/004000/004817.tex",9046,True,0,30,540,25,360,20,1,625,"Poppet"
418,"wind-up Gunnhildr",0,"wind-up Gunnhildrs",0,0,1,1,0,"ModelChara#3216",100,10,0,0,0,"Obedient",0,8,443,False,True,False,True,False,0,False,True,"ui/icon/004000/004818.tex",9047,True,0,30,450,36,360,30,1,634,"Poppet"
419,"9S automaton",0,"9S automata",0,0,1,0,0,"ModelChara#3217",100,10,0,0,0,"Obedient",0,8,445,False,True,False,True,False,0,False,True,"ui/icon/004000/004819.tex",13024,False,0,25,500,8,30,20,1,621,"Poppet"
420,"wind-up Rudy",0,"wind-up Rudys",0,0,1,0,0,"ModelChara#3218",100,10,0,0,0,"Obedient",0,8,446,False,True,False,True,False,0,False,True,"ui/icon/004000/004820.tex",1042,True,0,15,410,4,30,20,1,611,"Monster"
421,"squirrel emperor",0,"squirrel emperors",0,0,1,0,0,"ModelChara#3219",100,10,0,0,0,"Independent",1,8,447,True,False,True,False,True,0,False,True,"ui/icon/004000/004821.tex",3003,True,0,30,450,35,360,30,1,634,"Critter"
422,"Flag",0,"Flags",0,0,1,0,1,"ModelChara#3220",100,10,0,0,0,"Independent",0,8,448,True,False,True,False,True,0,False,True,"ui/icon/004000/004822.tex",3026,True,0,25,580,27,360,30,1,615,"Critter"
423,"wee Ea",0,"wee Ea",0,0,1,0,0,"ModelChara#3221",70,10,5,0,0,"Independent",0,8,449,True,False,True,False,False,0,False,True,"ui/icon/004000/004823.tex",1094,True,0,20,460,42,0,30,2,620,"Monster"
424,"wind-up Magus Sisters",0,"wind-up Magus Sisters",0,0,1,1,0,"ModelChara#3222",50,10,0,0,0,"Obedient",0,8,450,False,True,False,True,False,0,False,True,"ui/icon/004000/004824.tex",1099,True,0,15,530,25,360,20,1,625,"Monster"
425,"optimus Omicron",0,"optimus Omicrons",0,1,1,0,0,"ModelChara#3223",100,10,0,0,0,"Obedient",0,8,451,False,True,False,True,False,0,False,True,"ui/icon/004000/004825.tex",11024,True,0,10,400,12,360,20,1,626,"Poppet"
426,"wind-up Anima",0,"wind-up Animas",0,0,1,0,0,"ModelChara#3224",100,10,0,0,0,"Obedient",0,8,452,False,True,False,True,False,0,False,True,"ui/icon/004000/004826.tex",1100,True,0,15,390,38,120,30,1,609,"Monster"
427,"starbird",0,"starbirds",0,0,1,0,0,"ModelChara#3523",100,10,0,0,0,"Independent",2,8,453,True,False,True,False,True,0,False,True,"ui/icon/004000/004827.tex",9510,True,0,30,720,39,0,20,1,620,"Critter"
428,"Nagxian cat",0,"Nagxian cats",0,0,1,0,0,"ModelChara#3226",100,10,0,0,0,"Independent",0,8,454,True,False,True,False,True,0,False,True,"ui/icon/004000/004828.tex",3027,True,0,25,470,30,360,20,1,623,"Critter"
429,"brave new Urianger",0,"brave new Uriangers",0,0,1,0,0,"ModelChara#3227",100,10,0,0,0,"Obedient",0,8,262,False,True,False,True,False,0,False,True,"ui/icon/004000/004829.tex",9006,True,0,20,435,27,360,30,1,615,"Poppet"
430,"wind-up Vrtra",0,"wind-up Vrtras",0,0,1,0,0,"ModelChara#3228",100,10,0,0,0,"Obedient",0,8,255,False,True,False,True,False,0,False,True,"ui/icon/004000/004830.tex",9506,True,0,25,400,1,120,20,1,616,"Monster"
431,"hippo calf",0,"hippo calves",0,0,1,0,0,"ModelChara#3350",100,10,0,0,0,"Independent",0,8,456,True,False,True,False,True,0,False,True,"ui/icon/004000/004831.tex",3028,True,0,20,600,19,30,30,1,601,"Critter"
432,"crabe de la crabe",0,"crabes de la...crabes",0,0,1,0,0,"ModelChara#3351",100,10,0,0,0,"Independent",0,8,457,True,False,True,False,False,0,False,True,"ui/icon/004000/004832.tex",3029,True,0,30,640,22,360,20,1,632,"Critter"
433,"Prince Lunatender",0,"Prince Lunatenders",0,0,1,0,0,"ModelChara#3352",100,10,0,0,0,"Independent",0,8,458,True,False,True,False,False,0,False,True,"ui/icon/004000/004833.tex",1095,True,0,25,500,35,360,25,1,634,"Monster"
434,"tiny troll",0,"tiny trolls",0,0,1,0,0,"ModelChara#3353",100,10,0,0,0,"Independent",0,8,459,True,False,False,True,False,0,False,True,"ui/icon/004000/004834.tex",1096,True,0,20,500,23,30,20,1,606,"Monster"
435,"Caduceus",0,"Caducei",0,0,1,0,1,"ModelChara#3354",150,10,0,0,0,"Independent",0,8,460,True,False,True,False,True,0,False,True,"ui/icon/004000/004835.tex",3030,True,0,15,400,13,120,20,1,631,"Critter"
436,"adventure basket",0,"adventure baskets",0,1,1,0,0,"ModelChara#3355",100,10,0,0,0,"Stationary",14,8,461,False,True,False,False,False,0,False,True,"ui/icon/004000/004836.tex",11516,True,0,10,320,10,0,20,1,620,"Gadget"
437,"Golden Dhyata",0,"Golden Dhyatas",0,0,1,0,0,"ModelChara#3356",100,10,0,0,0,"Obedient",0,8,462,False,True,False,True,False,0,False,True,"ui/icon/004000/004837.tex",11025,True,0,15,380,29,360,20,1,623,"Gadget"
438,"greener gleaner",0,"greener gleaners",0,0,1,0,0,"ModelChara#3357",100,10,0,0,0,"Independent",0,8,463,True,False,True,False,False,0,False,True,"ui/icon/004000/004838.tex",1097,True,0,20,650,20,120,20,1,602,"Monster"
439,"wind-up Grebuloff",0,"wind-up Grebuloffs",0,0,1,0,0,"ModelChara#3358",100,10,0,0,0,"Obedient",0,8,464,False,True,False,True,False,0,False,True,"ui/icon/004000/004839.tex",6005,True,0,25,600,43,0,20,1,620,"Poppet"
440,"nosferatu",0,"nosferatus",0,0,1,0,0,"ModelChara#3359",100,10,0,0,0,"Independent",0,8,465,True,False,True,False,True,0,False,True,"ui/icon/004000/004840.tex",2011,True,0,30,570,41,0,20,1,620,"Monster"
441,"wind-up herois",0,"wind-up herois",0,0,1,0,0,"ModelChara#3360",100,10,0,0,0,"Obedient",0,8,466,False,True,False,True,False,0,False,True,"ui/icon/004000/004841.tex",9048,True,0,25,550,19,30,30,1,613,"Poppet"
442,"wind-up Daivadipa",0,"wind-up Daivadipas",0,0,1,0,0,"ModelChara#3361",100,10,5,0,0,"Obedient",0,8,467,False,True,False,True,False,0,False,True,"ui/icon/004000/004842.tex",1098,True,0,20,430,11,360,20,1,617,"Monster"
443,"royal lunatender",0,"royal lunatenders",0,0,1,0,0,"ModelChara#3481",100,10,0,0,0,"Independent",0,8,458,True,False,True,False,False,0,False,True,"ui/icon/004000/004843.tex",1095,True,0,25,540,42,0,20,1,620,"Monster"
444,"wind-up Arkasodara",0,"wind-up Arkasodara",0,0,1,0,0,"ModelChara#3555",100,10,0,0,0,"Obedient",0,8,468,False,True,False,True,False,0,False,True,"ui/icon/004000/004844.tex",7017,True,0,20,500,20,120,20,1,602,"Monster"
445,"wind-up kangaroo",0,"wind-up kangaroos",0,0,1,0,0,"ModelChara#3556",100,10,0,0,0,"Obedient",0,8,469,False,True,False,True,False,0,False,True,"ui/icon/004000/004845.tex",3031,True,0,15,320,6,360,30,1,600,"Poppet"
446,"protonaught",0,"protonaughts",0,0,1,0,0,"ModelChara#3557",100,10,0,0,0,"Obedient",0,8,470,False,True,False,True,False,0,False,True,"ui/icon/004000/004846.tex",11026,True,0,10,370,10,0,20,1,620,"Monster"
447,"teacup Kapikulu",0,"teacup Kapikulus",0,0,1,0,0,"ModelChara#3558",80,10,0,0,0,"Obedient",0,8,471,False,True,False,True,False,0,False,True,"ui/icon/004000/004847.tex",11027,True,0,15,200,21,0,30,1,620,"Poppet"
448,"Chewy",0,"Chewys",0,0,1,0,1,"ModelChara#3559",100,10,0,0,0,"Independent",0,8,472,True,False,True,False,True,0,False,True,"ui/icon/004000/004848.tex",3032,True,0,20,480,25,360,20,1,625,"Critter"
449,"clockwork Novus D",0,"clockwork Novus Ds",0,0,1,0,0,"ModelChara#3560",70,10,0,0,0,"Obedient",0,8,473,False,True,False,True,False,0,False,True,"ui/icon/004000/004849.tex",11028,True,0,25,300,18,360,30,1,624,"Gadget"
450,"hatching bunny",0,"hatching bunnies",0,0,1,0,0,"ModelChara#3561",100,10,0,0,0,"Obedient",0,8,474,False,True,False,True,False,0,False,True,"ui/icon/004000/004850.tex",1101,True,0,10,340,41,0,20,1,620,"Monster"
451,"wind-up Azeyma",0,"wind-up Azeymas",0,0,1,1,0,"ModelChara#3562",100,10,0,0,0,"Obedient",0,8,475,False,True,False,True,False,0,False,True,"ui/icon/004000/004851.tex",2108,True,0,15,380,11,360,20,1,617,"Poppet"
452,"wind-up Ragnarok",0,"wind-up Ragnaroks",0,0,1,0,0,"ModelChara#3563",80,10,0,0,0,"Obedient",0,8,476,False,True,False,True,False,0,False,True,"ui/icon/004000/004852.tex",11029,True,0,20,490,43,0,20,1,620,"Gadget"
453,"blue-footed booby",0,"blue-footed boobies",0,0,1,0,0,"ModelChara#3564",100,10,0,0,0,"Independent",0,8,477,True,False,True,False,True,0,False,True,"ui/icon/004000/004853.tex",5011,True,0,25,550,41,0,20,1,620,"Critter"
454,"wind-up PuPu",0,"wind-up PuPus",0,0,1,0,0,"ModelChara#3565",100,10,0,0,0,"Obedient",0,8,478,False,True,False,True,False,0,False,True,"ui/icon/004000/004854.tex",12081,False,0,30,620,39,0,20,1,620,"Poppet"
455,"clockwork Solus",0,"clockwork Soluses",0,0,1,0,0,"ModelChara#3566",100,10,5,0,0,"Obedient",0,8,479,False,True,False,True,False,0,False,True,"ui/icon/004000/004855.tex",9049,True,0,25,520,40,0,30,1,631,"Poppet"
456,"Felicitous Fuzzball",0,"Felicitous Fuzzballs",0,0,1,0,0,"ModelChara#3627",90,10,0,0,0,"Obedient",0,8,480,False,True,False,True,False,0,False,True,"ui/icon/004000/004856.tex",10027,True,0,20,500,26,120,20,1,622,"Poppet"
457,"lumini",0,"luminis",0,0,1,0,0,"ModelChara#3628",100,10,0,0,0,"Obedient",0,8,481,False,True,False,True,False,0,False,True,"ui/icon/004000/004857.tex",1101,True,0,25,500,42,0,20,1,620,"Poppet"
458,"clockwork crimson chaser",0,"clockwork crimson chasers",0,0,1,0,0,"ModelChara#3629",100,10,0,0,0,"Obedient",0,8,482,False,True,False,True,False,0,False,True,"ui/icon/004000/004858.tex",11026,True,0,30,550,17,0,30,2,620,"Poppet"
459,"clockwork cerulean chaser",0,"clockwork cerulean chasers",0,0,1,0,0,"ModelChara#3630",100,10,0,0,0,"Obedient",0,8,482,False,True,False,True,False,0,False,True,"ui/icon/004000/004859.tex",11026,True,0,30,550,17,0,30,2,620,"Poppet"
460,"wind-up Scarmiglione",0,"wind-up Scarmigliones",0,0,1,0,0,"ModelChara#3681",100,10,0,0,0,"Obedient",0,8,483,False,True,False,True,False,0,False,True,"ui/icon/004000/004860.tex",8401,True,0,25,570,31,0,30,1,620,"Monster"
461,"Ryunosuke",0,"Ryunosukes",0,0,1,0,1,"ModelChara#3682",100,10,0,0,0,"Independent",0,8,3,True,False,True,False,True,0,False,True