﻿key,0,1,2,3,4,5,6,7,8,9,10,11,12,13,14,15,16,17,18,19,20,21,22,23,24,25,26,27,28,29,30,31,32,33,34,35,36,37,38,39,40,41,42,43,44,45,46,47,48,49,50,51,52,53,54,55,56,57,58,59,60,61,62,63,64,65,66,67,68,69,70,71,72,73,74,75,76,77,78,79,80,81,82,83,84,85,86,87,88,89,90,91,92,93,94,95,96,97,98,99,100,101,102,103,104,105,106,107,108,109,110,111,112,113,114,115,116,117,118,119,120,121,122,123,124,125,126,127,128,129,130,131,132,133,134,135,136,137,138,139,140,141,142,143,144,145,146,147,148,149,150,151,152,153,154,155,156,157,158,159,160,161,162,163,164,165,166,167,168,169,170,171,172,173,174,175,176,177
#,RoutePointTime[0],RoutePointTime[1],RoutePointTime[2],RoutePointTime[3],RoutePointTime[4],RoutePointTime[5],RoutePointTime[6],RoutePointTime[7],BaseID[0],BaseID[1],BaseID[2],BaseID[3],BaseID[4],BaseID[5],BaseID[6],BaseID[7],EnemyLevel[0],EnemyLevel[1],EnemyLevel[2],EnemyLevel[3],EnemyLevel[4],EnemyLevel[5],EnemyLevel[6],EnemyLevel[7],BNpcName[0],BNpcName[1],BNpcName[2],BNpcName[3],BNpcName[4],BNpcName[5],BNpcName[6],BNpcName[7],ItemsInvolved[0],ItemsInvolved[1],ItemsInvolved[2],ItemsInvolved[3],ItemsInvolved[4],ItemsInvolved[5],ItemsInvolved[6],ItemsInvolved[7],ItemsInvolvedQty[0],ItemsInvolvedQty[1],ItemsInvolvedQty[2],ItemsInvolvedQty[3],ItemsInvolvedQty[4],ItemsInvolvedQty[5],ItemsInvolvedQty[6],ItemsInvolvedQty[7],ItemDropRate[0],ItemDropRate[1],ItemDropRate[2],ItemDropRate[3],ItemDropRate[4],ItemDropRate[5],ItemDropRate[6],ItemDropRate[7],ToDoParam[0][0],ToDoParam[1][0],ToDoParam[2][0],ToDoParam[3][0],ToDoParam[4][0],ToDoParam[5][0],ToDoParam[6][0],ToDoParam[7][0],ToDoParam[0][1],ToDoParam[1][1],ToDoParam[2][1],ToDoParam[3][1],ToDoParam[4][1],ToDoParam[5][1],ToDoParam[6][1],ToDoParam[7][1],ToDoParam[0][2],ToDoParam[1][2],ToDoParam[2][2],ToDoParam[3][2],ToDoParam[4][2],ToDoParam[5][2],ToDoParam[6][2],ToDoParam[7][2],ToDoParam[0][3],ToDoParam[1][3],ToDoParam[2][3],ToDoParam[3][3],ToDoParam[4][3],ToDoParam[5][3],ToDoParam[6][3],ToDoParam[7][3],ToDoParam[0][4],ToDoParam[1][4],ToDoParam[2][4],ToDoParam[3][4],ToDoParam[4][4],ToDoParam[5][4],ToDoParam[6][4],ToDoParam[7][4],ToDoParam[0][5],ToDoParam[1][5],ToDoParam[2][5],ToDoParam[3][5],ToDoParam[4][5],ToDoParam[5][5],ToDoParam[6][5],ToDoParam[7][5],NumOfAppearance[0][0],NumOfAppearance[1][0],NumOfAppearance[2][0],NumOfAppearance[3][0],NumOfAppearance[4][0],NumOfAppearance[5][0],NumOfAppearance[6][0],NumOfAppearance[7][0],NumOfAppearance[0][1],NumOfAppearance[1][1],NumOfAppearance[2][1],NumOfAppearance[3][1],NumOfAppearance[4][1],NumOfAppearance[5][1],NumOfAppearance[6][1],NumOfAppearance[7][1],NumOfAppearance[0][2],NumOfAppearance[1][2],NumOfAppearance[2][2],NumOfAppearance[3][2],NumOfAppearance[4][2],NumOfAppearance[5][2],NumOfAppearance[6][2],NumOfAppearance[7][2],NumOfAppearance[0][3],NumOfAppearance[1][3],NumOfAppearance[2][3],NumOfAppearance[3][3],NumOfAppearance[4][3],NumOfAppearance[5][3],NumOfAppearance[6][3],NumOfAppearance[7][3],NumOfAppearance[0][4],NumOfAppearance[1][4],NumOfAppearance[2][4],NumOfAppearance[3][4],NumOfAppearance[4][4],NumOfAppearance[5][4],NumOfAppearance[6][4],NumOfAppearance[7][4],NumOfAppearance[0][5],NumOfAppearance[1][5],NumOfAppearance[2][5],NumOfAppearance[3][5],NumOfAppearance[4][5],NumOfAppearance[5][5],NumOfAppearance[6][5],NumOfAppearance[7][5],NumOfAppearance[0][6],NumOfAppearance[1][6],NumOfAppearance[2][6],NumOfAppearance[3][6],NumOfAppearance[4][6],NumOfAppearance[5][6],NumOfAppearance[6][6],NumOfAppearance[7][6],NumOfAppearance[0][7],NumOfAppearance[1][7],NumOfAppearance[2][7],NumOfAppearance[3][7],NumOfAppearance[4][7],NumOfAppearance[5][7],NumOfAppearance[6][7],NumOfAppearance[7][7],ToDoSequence[0],ToDoSequence[1],ToDoSequence[2],ToDoSequence[3],ToDoSequence[4],ToDoSequence[5],ToDoSequence[6],ToDoSequence[7],Rule,RuleParam
int32,uint16,uint16,uint16,uint16,uint16,uint16,uint16,uint16,Row,Row,Row,Row,Row,Row,Row,Row,uint16,uint16,uint16,uint16,uint16,uint16,uint16,uint16,BNpcName,BNpcName,BNpcName,BNpcName,BNpcName,BNpcName,BNpcName,BNpcName,EventItem,EventItem,EventItem,EventItem,EventItem,EventItem,EventItem,EventItem,byte,byte,byte,byte,byte,byte,byte,byte,byte,byte,byte,byte,byte,byte,byte,byte,uint32,uint32,uint32,uint32,uint32,uint32,uint32,uint32,uint32,uint32,uint32,uint32,uint32,uint32,uint32,uint32,uint32,uint32,uint32,uint32,uint32,uint32,uint32,uint32,uint32,uint32,uint32,uint32,uint32,uint32,uint32,uint32,uint32,uint32,uint32,uint32,uint32,uint32,uint32,uint32,uint32,uint32,uint32,uint32,uint32,uint32,uint32,uint32,byte,byte,byte,byte,byte,byte,byte,byte,byte,byte,byte,byte,byte,byte,byte,byte,byte,byte,byte,byte,byte,byte,byte,byte,byte,byte,byte,byte,byte,byte,byte,byte,byte,byte,byte,byte,byte,byte,byte,byte,byte,byte,byte,byte,byte,byte,byte,byte,byte,byte,byte,byte,byte,byte,byte,byte,byte,byte,byte,byte,byte,byte,byte,byte,byte,byte,byte,byte,byte,byte,byte,byte,CompanyLeveRule,byte
196608,0,0,0,0,0,0,0,0,"BNpcBase#0","BNpcBase#0","BNpcBase#0","BNpcBase#0","BNpcBase#0","BNpcBase#0","BNpcBase#0","BNpcBase#0",0,0,0,0,0,0,0,0,"","","","","","","","",,,,,,,,,0,0,0,0,0,0,0,0,0,0,0,0,0,0,0,0,0,0,0,0,0,0,0,0,0,0,0,0,0,0,0,0,0,0,0,0,0,0,0,0,0,0,0,0,0,0,0,0,0,0,0,0,0,0,0,0,0,0,0,0,0,0,0,0,0,0,0,0,0,0,0,0,0,0,0,0,0,0,0,0,0,0,0,0,0,0,0,0,0,0,0,0,0,0,0,0,0,0,0,0,0,0,0,0,0,0,0,0,0,0,0,0,0,0,0,0,0,0,0,0,0,0,0,0,0,0,0,0,0,0,0,0,0,0,0,0,"",1
196609,0,0,0,0,0,0,0,0,"BNpcBase#17","BNpcBase#20","BNpcBase#4","BNpcBase#15","BNpcBase#0","BNpcBase#0","BNpcBase#0","BNpcBase#0",10,10,10,10,0,0,0,0,"balloon","skeleton soldier","thickfur doe","wild boar","","","","",,,,,,,,,0,0,0,0,0,0,0,0,0,0,0,0,0,0,0,0,3,3,3,6,0,0,0,0,1,2,2,3,0,0,0,0,20,20,20,40,0,0,0,0,5,5,5,2,0,0,0,0,0,0,0,0,0,0,0,0,0,0,0,0,0,0,0,0,0,0,0,0,0,0,0,0,0,0,0,0,0,0,0,0,0,0,0,0,0,0,0,0,0,0,0,0,0,0,0,0,0,0,0,0,0,0,0,0,0,0,0,0,0,0,0,0,0,0,0,0,0,0,0,0,0,0,0,0,0,0,0,0,0,0,0,0,0,0,0,0,"CompanyLeveInterception",1
196610,0,0,0,0,0,0,0,0,"BNpcBase#17","BNpcBase#20","BNpcBase#4","BNpcBase#15","BNpcBase#0","BNpcBase#0","BNpcBase#0","BNpcBase#0",10,10,10,10,0,0,0,0,"balloon","skeleton soldier","thickfur doe","wild boar","","","","","water sprite core",,,,,,,,4,0,0,0,0,0,0,0,0,0,0,0,0,0,0,0,3,2,2,4,0,0,0,0,0,0,0,0,0,0,0,0,0,0,0,0,0,0,0,0,0,0,0,0,0,0,0,0,0,0,0,0,0,0,0,0,0,0,0,0,0,0,0,0,0,0,0,0,0,0,0,0,0,0,0,0,0,0,0,0,0,0,0,0,0,0,0,0,0,0,0,0,0,0,0,0,0,0,0,0,0,0,0,0,0,0,0,0,0,0,0,0,0,0,0,0,0,0,0,0,0,0,0,0,0,0,0,0,0,0,0,0,0,0,0,0,"CompanyLevePenetration",1
196611,0,0,0,0,0,0,0,0,"BNpcBase#17","BNpcBase#20","BNpcBase#4","BNpcBase#15","BNpcBase#0","BNpcBase#0","BNpcBase#0","BNpcBase#0",20,10,10,10,0,0,0,0,"balloon","skeleton soldier","thickfur doe","wild boar","","","","",,,,,,,,,0,0,0,0,0,0,0,0,0,0,0,0,0,0,0,0,80,60,40,0,0,0,0,0,2,3,4,5,6,0,0,0,0,0,0,0,0,0,0,0,0,0,0,0,0,0,0,0,0,0,0,0,0,0,0,0,0,0,0,0,0,0,0,0,0,0,0,0,0,0,0,0,0,0,0,0,0,0,0,0,0,0,0,0,0,0,0,0,0,0,0,0,0,0,0,0,0,0,0,0,0,0,0,0,0,0,0,0,0,0,0,0,0,0,0,0,0,0,0,0,0,0,0,0,0,0,0,0,0,0,0,0,0,0,0,0,"CompanyLeveSummon",1
196612,0,0,0,0,0,0,0,0,"BNpcBase#17","BNpcBase#20","BNpcBase#4","BNpcBase#15","BNpcBase#0","BNpcBase#0","BNpcBase#0","BNpcBase#0",20,10,10,10,0,0,0,0,"balloon","skeleton soldier","thickfur doe","wild boar","","","","",,,,,,,,,0,0,0,0,0,0,0,0,0,0,0,0,0,0,0,0,0,0,0,0,0,0,0,0,1,0,0,0,0,0,0,0,0,0,0,0,0,0,0,0,0,0,0,0,0,0,0,0,0,0,0,0,0,0,0,0,0,0,0,0,0,0,0,0,1,1,0,0,0,0,0,0,0,2,2,0,0,0,0,0,0,0,1,1,0,0,0,0,0,0,0,3,0,0,0,0,0,0,0,0,0,0,0,0,0,0,0,0,0,0,0,0,0,0,0,0,0,0,0,0,0,0,0,0,0,0,0,0,1,2,1,3,0,0,0,0,"CompanyLeveProtection",1
196613,0,0,0,0,0,0,0,0,"BNpcBase#0","BNpcBase#0","BNpcBase#0","BNpcBase#0","BNpcBase#0","BNpcBase#0","BNpcBase#0","BNpcBase#0",0,0,0,0,0,0,0,0,"","","","","","","","",,,,,,,,,0,0,0,0,0,0,0,0,0,0,0,0,0,0,0,0,0,0,0,0,0,0,0,0,0,0,0,0,0,0,0,0,0,0,0,0,0,0,0,0,0,0,0,0,0,0,0,0,0,0,0,0,0,0,0,0,0,0,0,0,0,0,0,0,0,0,0,0,0,0,0,0,0,0,0,0,0,0,0,0,0,0,0,0,0,0,0,0,0,0,0,0,0,0,0,0,0,0,0,0,0,0,0,0,0,0,0,0,0,0,0,0,0,0,0,0,0,0,0,0,0,0,0,0,0,0,0,0,0,0,0,0,0,0,0,0,"",1
196614,0,0,0,0,0,0,0,0,"BNpcBase#0","BNpcBase#0","BNpcBase#0","BNpcBase#0","BNpcBase#0","BNpcBase#0","BNpcBase#0","BNpcBase#0",0,0,0,0,0,0,0,0,"","","","","","","","",,,,,,,,,0,0,0,0,0,0,0,0,0,0,0,0,0,0,0,0,0,0,0,0,0,0,0,0,0,0,0,0,0,0,0,0,0,0,0,0,0,0,0,0,0,0,0,0,0,0,0,0,0,0,0,0,0,0,0,0,0,0,0,0,0,0,0,0,0,0,0,0,0,0,0,0,0,0,0,0,0,0,0,0,0,0,0,0,0,0,0,0,0,0,0,0,0,0,0,0,0,0,0,0,0,0,0,0,0,0,0,0,0,0,0,0,0,0,0,0,0,0,0,0,0,0,0,0,0,0,0,0,0,0,0,0,0,0,0,0,"",1
196615,0,0,0,0,0,0,0,0,"BNpcBase#0","BNpcBase#0","BNpcBase#0","BNpcBase#0","BNpcBase#0","BNpcBase#0","BNpcBase#0","BNpcBase#0",0,0,0,0,0,0,0,0,"","","","","","","","",,,,,,,,,0,0,0,0,0,0,0,0,0,0,0,0,0,0,0,0,0,0,0,0,0,0,0,0,0,0,0,0,0,0,0,0,0,0,0,0,0,0,0,0,0,0,0,0,0,0,0,0,0,0,0,0,0,0,0,0,0,0,0,0,0,0,0,0,0,0,0,0,0,0,0,0,0,0,0,0,0,0,0,0,0,0,0,0,0,0,0,0,0,0,0,0,0,0,0,0,0,0,0,0,0,0,0,0,0,0,0,0,0,0,0,0,0,0,0,0,0,0,0,0,0,0,0,0,0,0,0,0,0,0,0,0,0,0,0,0,"",1
196616,0,0,0,0,0,0,0,0,"BNpcBase#0","BNpcBase#0","BNpcBase#0","BNpcBase#0","BNpcBase#0","BNpcBase#0","BNpcBase#0","BNpcBase#0",0,0,0,0,0,0,0,0,"","","","","","","","",,,,,,,,,0,0,0,0,0,0,0,0,0,0,0,0,0,0,0,0,0,0,0,0,0,0,0,0,0,0,0,0,0,0,0,0,0,0,0,0,0,0,0,0,0,0,0,0,0,0,0,0,0,0,0,0,0,0,0,0,0,0,0,0,0,0,0,0,0,0,0,0,0,0,0,0,0,0,0,0,0,0,0,0,0,0,0,0,0,0,0,0,0,0,0,0,0,0,0,0,0,0,0,0,0,0,0,0,0,0,0,0,0,0,0,0,0,0,0,0,0,0,0,0,0,0,0,0,0,0,0,0,0,0,0,0,0,0,0,0,"",1
196617,0,0,0,0,0,0,0,0,"BNpcBase#0","BNpcBase#0","BNpcBase#0","BNpcBase#0","BNpcBase#0","BNpcBase#0","BNpcBase#0","BNpcBase#0",0,0,0,0,0,0,0,0,"","","","","","","","",,,,,,,,,0,0,0,0,0,0,0,0,0,0,0,0,0,0,0,0,0,0,0,0,0,0,0,0,0,0,0,0,0,0,0,0,0,0,0,0,0,0,0,0,0,0,0,0,0,0,0,0,0,0,0,0,0,0,0,0,0,0,0,0,0,0,0,0,0,0,0,0,0,0,0,0,0,0,0,0,0,0,0,0,0,0,0,0,0,0,0,0,0,0,0,0,0,0,0,0,0,0,0,0,0,0,0,0,0,0,0,0,0,0,0,0,0,0,0,0,0,0,0,0,0,0,0,0,0,0,0,0,0,0,0,0,0,0,0,0,"",1
196618,0,0,0,0,0,0,0,0,"BNpcBase#0","BNpcBase#0","BNpcBase#0","BNpcBase#0","BNpcBase#0","BNpcBase#0","BNpcBase#0","BNpcBase#0",0,0,0,0,0,0,0,0,"","","","","","","","",,,,,,,,,0,0,0,0,0,0,0,0,0,0,0,0,0,0,0,0,0,0,0,0,0,0,0,0,0,0,0,0,0,0,0,0,0,0,0,0,0,0,0,0,0,0,0,0,0,0,0,0,0,0,0,0,0,0,0,0,0,0,0,0,0,0,0,0,0,0,0,0,0,0,0,0,0,0,0,0,0,0,0,0,0,0,0,0,0,0,0,0,0,0,0,0,0,0,0,0,0,0,0,0,0,0,0,0,0,0,0,0,0,0,0,0,0,0,0,0,0,0,0,0,0,0,0,0,0,0,0,0,0,0,0,0,0,0,0,0,"",1
196619,0,0,0,0,0,0,0,0,"BNpcBase#138","BNpcBase#170","BNpcBase#12","BNpcBase#320","BNpcBase#0","BNpcBase#0","BNpcBase#0","BNpcBase#0",20,21,21,21,0,0,0,0,"raggedy jackal","Qiqirn egglifter","bald buzzard","sweet tooth goobbue","","","","",,,,,,,,,0,0,0,0,0,0,0,0,0,0,0,0,0,0,0,0,4178129,4392499,0,0,0,0,0,0,1232,1232,0,0,0,0,0,0,0,0,0,0,0,0,0,0,0,0,0,0,0,0,0,0,0,0,0,0,0,0,0,0,0,0,0,0,0,0,0,0,1,0,0,0,0,0,0,0,0,1,0,0,0,0,0,0,0,0,1,0,0,0,0,0,1,0,0,1,0,0,0,0,0,0,0,0,0,0,0,0,0,0,0,0,0,0,0,0,0,0,0,0,0,0,0,0,0,0,0,0,0,0,0,0,1,2,3,4,0,0,0,0,"CompanyLeveProtection",1
196620,0,0,0,0,0,0,0,0,"BNpcBase#1087","BNpcBase#317","BNpcBase#318","BNpcBase#320","BNpcBase#0","BNpcBase#0","BNpcBase#0","BNpcBase#0",20,20,20,20,0,0,0,0,"Serpent Reaver deckhound","drowned butcher","drowned outranger","sweet tooth goobbue","","","","",,,,,,,,,0,0,0,0,0,0,0,0,0,0,0,0,0,0,0,0,1,1,1,1,0,0,0,0,2,2,1,1,0,0,0,0,20,20,20,40,0,0,0,0,5,5,5,2,0,0,0,0,0,0,0,0,0,0,0,0,0,0,0,0,0,0,0,0,0,0,0,0,0,0,0,0,0,0,0,0,0,0,0,0,0,0,0,0,0,0,0,0,0,0,0,0,0,0,0,0,0,0,0,0,0,0,0,0,0,0,0,0,0,0,0,0,0,0,0,0,0,0,0,0,0,0,0,0,0,0,0,0,1,2,3,0,0,0,0,0,"CompanyLeveInterception",1
196621,0,0,0,0,0,0,0,0,"BNpcBase#342","BNpcBase#1850","BNpcBase#1102","BNpcBase#1101","BNpcBase#0","BNpcBase#0","BNpcBase#0","BNpcBase#0",21,18,20,20,0,0,0,0,"wicked soul","lightning sprite","raggedy jackal","wet rat","","","","","luminous crystal",,,,,,,,4,0,0,0,0,0,0,0,0,0,0,0,0,0,0,0,2,1,2,1,0,0,0,0,0,0,0,0,0,0,0,0,0,0,0,0,0,0,0,0,0,0,0,0,0,0,0,0,0,0,0,0,0,0,0,0,0,0,0,0,0,0,0,0,0,0,0,0,0,0,0,0,0,0,0,0,0,0,0,0,0,0,0,0,0,0,0,0,0,0,0,0,0,0,0,0,0,0,0,0,0,0,0,0,0,0,0,0,0,0,0,0,0,0,0,0,0,0,0,0,0,0,0,0,0,0,0,0,1,2,3,0,0,0,0,0,"CompanyLevePenetration",1
196622,0,0,0,0,0,0,0,0,"BNpcBase#1088","BNpcBase#7","BNpcBase#17","BNpcBase#405","BNpcBase#0","BNpcBase#0","BNpcBase#0","BNpcBase#0",21,13,13,13,0,0,0,0,"Wormwix Scribbletalk","void jumper","void flame","moldy pudding","","","","",,,,,,,,,0,0,0,0,0,0,0,0,0,0,0,0,0,0,0,0,90,60,30,0,0,0,0,0,741,745,744,743,742,0,0,0,0,0,0,0,0,0,0,0,0,0,0,0,0,0,0,0,0,0,0,0,0,0,0,0,0,0,0,0,0,0,0,0,0,0,0,0,0,0,0,0,0,0,0,0,0,0,0,0,0,0,0,0,0,0,0,0,0,0,0,0,0,0,0,0,0,0,0,0,0,0,0,0,0,0,0,0,0,0,0,0,0,0,0,0,0,0,0,0,0,0,0,0,0,0,0,0,1,2,3,0,0,0,0,0,"CompanyLeveSummon",1
196623,0,0,0,0,0,0,0,0,"BNpcBase#52","BNpcBase#53","BNpcBase#0","BNpcBase#0","BNpcBase#0","BNpcBase#0","BNpcBase#0","BNpcBase#0",21,21,0,0,0,0,0,0,"goblin roper","snapscales","","","","","","",,,,,,,,,0,0,0,0,0,0,0,0,0,0,0,0,0,0,0,0,4178212,4392495,0,0,0,0,0,0,1230,1230,0,0,0,0,0,0,0,0,0,0,0,0,0,0,0,0,0,0,0,0,0,0,0,0,0,0,0,0,0,0,0,0,0,0,0,0,0,0,1,0,0,0,0,0,0,0,0,1,0,0,0,0,0,0,1,0,0,0,0,0,0,0,1,1,0,0,0,0,0,0,0,0,0,0,0,0,0,0,0,0,0,0,0,0,0,0,0,0,0,0,0,0,0,0,0,0,0,0,0,0,0,0,1,2,3,4,0,0,0,0,"CompanyLeveProtection",1
196624,0,0,0,0,0,0,0,0,"BNpcBase#44","BNpcBase#12","BNpcBase#38","BNpcBase#40","BNpcBase#0","BNpcBase#0","BNpcBase#0","BNpcBase#0",20,20,20,20,0,0,0,0,"carrion djigga","bald buzzard","wingrat","leafbleed hare","","","","",,,,,,,,,0,0,0,0,0,0,0,0,0,0,0,0,0,0,0,0,1,1,1,1,0,0,0,0,1,2,1,2,0,0,0,0,20,20,20,40,0,0,0,0,5,5,5,2,0,0,0,0,0,0,0,0,0,0,0,0,0,0,0,0,0,0,0,0,0,0,0,0,0,0,0,0,0,0,0,0,0,0,0,0,0,0,0,0,0,0,0,0,0,0,0,0,0,0,0,0,0,0,0,0,0,0,0,0,0,0,0,0,0,0,0,0,0,0,0,0,0,0,0,0,0,0,0,0,0,0,0,0,1,2,3,0,0,0,0,0,"CompanyLeveInterception",1
196625,0,0,0,0,0,0,0,0,"BNpcBase#21","BNpcBase#1861","BNpcBase#1106","BNpcBase#1107","BNpcBase#0","BNpcBase#0","BNpcBase#0","BNpcBase#0",21,18,20,20,0,0,0,0,"trickster imp","wind sprite","charging hog","long-winded lemur","","","","","luminous crystal",,,,,,,,5,0,0,0,0,0,0,0,0,0,0,0,0,0,0,0,2,1,1,3,0,0,0,0,0,0,0,0,0,0,0,0,0,0,0,0,0,0,0,0,0,0,0,0,0,0,0,0,0,0,0,0,0,0,0,0,0,0,0,0,0,0,0,0,0,0,0,0,0,0,0,0,0,0,0,0,0,0,0,0,0,0,0,0,0,0,0,0,0,0,0,0,0,0,0,0,0,0,0,0,0,0,0,0,0,0,0,0,0,0,0,0,0,0,0,0,0,0,0,0,0,0,0,0,0,0,0,0,1,2,3,0,0,0,0,0,"CompanyLevePenetration",1
196626,0,0,0,0,0,0,0,0,"BNpcBase#1090","BNpcBase#18","BNpcBase#19","BNpcBase#388","BNpcBase#0","BNpcBase#0","BNpcBase#0","BNpcBase#0",20,13,14,16,0,0,0,0,"Lefquene the Mystic","zombie pikeman","zombie wizard","vodoriga cur","","","","",,,,,,,,,0,0,0,0,0,0,0,0,0,0,0,0,0,0,0,0,90,60,30,0,0,0,0,0,746,750,747,748,749,0,0,0,0,0,0,0,0,0,0,0,0,0,0,0,0,0,0,0,0,0,0,0,0,0,0,0,0,0,0,0,0,0,0,0,0,0,0,0,0,0,0,0,0,0,0,0,0,0,0,0,0,0,0,0,0,0,0,0,0,0,0,0,0,0,0,0,0,0,0,0,0,0,0,0,0,0,0,0,0,0,0,0,0,0,0,0,0,0,0,0,0,0,0,0,0,0,0,0,1,2,3,0,0,0,0,0,"CompanyLeveSummon",1
196627,0,0,0,0,0,0,0,0,"BNpcBase#167","BNpcBase#166","BNpcBase#1096","BNpcBase#0","BNpcBase#0","BNpcBase#0","BNpcBase#0","BNpcBase#0",21,21,22,0,0,0,0,0,"Amalj'aa bruiser","Amalj'aa seer","battle drake","","","","","",,,,,,,,,0,0,0,0,0,0,0,0,0,0,0,0,0,0,0,0,4178230,4392500,0,0,0,0,0,0,1227,1227,0,0,0,0,0,0,0,0,0,0,0,0,0,0,0,0,0,0,0,0,0,0,0,0,0,0,0,0,0,0,0,0,0,0,0,0,0,0,1,0,0,0,0,0,0,0,0,1,0,0,0,0,0,0,0,0,1,0,0,0,0,0,1,0,1,0,0,0,0,0,0,0,0,0,0,0,0,0,0,0,0,0,0,0,0,0,0,0,0,0,0,0,0,0,0,0,0,0,0,0,0,0,1,2,3,4,0,0,0,0,"CompanyLeveProtection",1
196628,0,0,0,0,0,0,0,0,"BNpcBase#206","BNpcBase#131","BNpcBase#41","BNpcBase#193","BNpcBase#0","BNpcBase#0","BNpcBase#0","BNpcBase#0",20,20,20,20,0,0,0,0,"Drybone tuco-tuco","earth sprite","stinging syrphid cloud","ravenous billygoat","","","","",,,,,,,,,0,0,0,0,0,0,0,0,0,0,0,0,0,0,0,0,1,1,1,1,0,0,0,0,1,1,1,1,0,0,0,0,20,20,20,40,0,0,0,0,5,5,5,2,0,0,0,0,0,0,0,0,0,0,0,0,0,0,0,0,0,0,0,0,0,0,0,0,0,0,0,0,0,0,0,0,0,0,0,0,0,0,0,0,0,0,0,0,0,0,0,0,0,0,0,0,0,0,0,0,0,0,0,0,0,0,0,0,0,0,0,0,0,0,0,0,0,0,0,0,0,0,0,0,0,0,0,0,1,2,3,0,0,0,0,0,"CompanyLeveInterception",1
196629,0,0,0,0,0,0,0,0,"BNpcBase#305","BNpcBase#1863","BNpcBase#1102","BNpcBase#847","BNpcBase#0","BNpcBase#0","BNpcBase#0","BNpcBase#0",21,17,21,21,0,0,0,0,"wicked soul","earth sprite","dirty mongrel","bald buzzard","","","","","luminous crystal",,,,,,,,2,0,0,0,0,0,0,0,0,0,0,0,0,0,0,0,3,2,1,1,0,0,0,0,0,0,0,0,0,0,0,0,0,0,0,0,0,0,0,0,0,0,0,0,0,0,0,0,0,0,0,0,0,0,0,0,0,0,0,0,0,0,0,0,0,0,0,0,0,0,0,0,0,0,0,0,0,0,0,0,0,0,0,0,0,0,0,0,0,0,0,0,0,0,0,0,0,0,0,0,0,0,0,0,0,0,0,0,0,0,0,0,0,0,0,0,0,0,0,0,0,0,0,0,0,0,0,0,1,2,3,0,0,0,0,0,"CompanyLevePenetration",1
196630,0,0,0,0,0,0,0,0,"BNpcBase#1097","BNpcBase#7","BNpcBase#17","BNpcBase#66","BNpcBase#0","BNpcBase#0","BNpcBase#0","BNpcBase#0",21,13,15,13,0,0,0,0,"Mamanzo the Charred","void jumper","void flame","moldy pudding","","","","",,,,,,,,,0,0,0,0,0,0,0,0,0,0,0,0,0,0,0,0,90,60,30,0,0,0,0,0,751,755,752,753,754,0,0,0,0,0,0,0,0,0,0,0,0,0,0,0,0,0,0,0,0,0,0,0,0,0,0,0,0,0,0,0,0,0,0,0,0,0,0,0,0,0,0,0,0,0,0,0,0,0,0,0,0,0,0,0,0,0,0,0,0,0,0,0,0,0,0,0,0,0,0,0,0,0,0,0,0,0,0,0,0,0,0,0,0,0,0,0,0,0,0,0,0,0,0,0,0,0,0,0,1,2,3,0,0,0,0,0,"CompanyLeveSummon",1
196631,0,0,0,0,0,0,0,0,"BNpcBase#326","BNpcBase#170","BNpcBase#0","BNpcBase#0","BNpcBase#0","BNpcBase#0","BNpcBase#0","BNpcBase#0",24,22,0,0,0,0,0,0,"decoy crab","Qiqirn egglifter","","","","","","",,,,,,,,,0,0,0,0,0,0,0,0,0,0,0,0,0,0,0,0,4178137,4185314,4185361,0,0,0,0,0,1231,0,0,0,0,0,0,0,0,0,0,0,0,0,0,0,0,0,0,0,0,0,0,0,0,0,0,0,0,0,0,0,0,0,0,0,0,0,0,0,1,0,0,0,0,0,0,0,1,1,0,0,0,0,0,0,1,0,0,0,0,0,0,0,1,1,0,0,0,0,0,0,0,0,0,0,0,0,0,0,0,0,0,0,0,0,0,0,0,0,0,0,0,0,0,0,0,0,0,0,0,0,0,0,1,2,3,4,0,0,0,0,"CompanyLeveProtection",1
196632,0,0,0,0,0,0,0,0,"BNpcBase#334","BNpcBase#335","BNpcBase#382","BNpcBase#312","BNpcBase#0","BNpcBase#0","BNpcBase#0","BNpcBase#0",25,25,25,25,0,0,0,0,"Sahagin spy","Sahagin sapper","Moraby stoneshell","wandering waterskin","","","","",,,,,,,,,0,0,0,0,0,0,0,0,0,0,0,0,0,0,0,0,1,1,1,1,0,0,0,0,1,1,1,1,0,0,0,0,20,20,20,40,0,0,0,0,5,5,5,2,0,0,0,0,0,0,0,0,0,0,0,0,0,0,0,0,0,0,0,0,0,0,0,0,0,0,0,0,0,0,0,0,0,0,0,0,0,0,0,0,0,0,0,0,0,0,0,0,0,0,0,0,0,0,0,0,0,0,0,0,0,0,0,0,0,0,0,0,0,0,0,0,0,0,0,0,0,0,0,0,0,0,0,0,1,2,3,0,0,0,0,0,"CompanyLeveInterception",1
196633,0,0,0,0,0,0,0,0,"BNpcBase#513","BNpcBase#1850","BNpcBase#1103","BNpcBase#1101","BNpcBase#0","BNpcBase#0","BNpcBase#0","BNpcBase#0",26,23,25,25,0,0,0,0,"darkwing devilet","lightning sprite","sweet tooth goobbue","wet rat","","","","","luminous crystal",,,,,,,,6,0,0,0,0,0,0,0,0,0,0,0,0,0,0,0,3,1,1,3,0,0,0,0,0,0,0,0,0,0,0,0,0,0,0,0,0,0,0,0,0,0,0,0,0,0,0,0,0,0,0,0,0,0,0,0,0,0,0,0,0,0,0,0,0,0,0,0,0,0,0,0,0,0,0,0,0,0,0,0,0,0,0,0,0,0,0,0,0,0,0,0,0,0,0,0,0,0,0,0,0,0,0,0,0,0,0,0,0,0,0,0,0,0,0,0,0,0,0,0,0,0,0,0,0,0,0,0,1,2,3,0,0,0,0,0,"CompanyLevePenetration",1
196634,0,0,0,0,0,0,0,0,"BNpcBase#1089","BNpcBase#18","BNpcBase#19","BNpcBase#1092","BNpcBase#0","BNpcBase#0","BNpcBase#0","BNpcBase#0",26,16,16,22,0,0,0,0,"Twin-tongued Mansel","zombie pikeman","zombie wizard","void warrior","","","","",,,,,,,,,0,0,0,0,0,0,0,0,0,0,0,0,0,0,0,0,90,60,30,0,0,0,0,0,756,760,757,758,759,0,0,0,0,0,0,0,0,0,0,0,0,0,0,0,0,0,0,0,0,0,0,0,0,0,0,0,0,0,0,0,0,0,0,0,0,0,0,0,0,0,0,0,0,0,0,0,0,0,0,0,0,0,0,0,0,0,0,0,0,0,0,0,0,0,0,0,0,0,0,0,0,0,0,0,0,0,0,0,0,0,0,0,0,0,0,0,0,0,0,0,0,0,0,0,0,0,0,0,1,2,3,0,0,0,0,0,"CompanyLeveSummon",1
196635,0,0,0,0,0,0,0,0,"BNpcBase#57","BNpcBase#385","BNpcBase#0","BNpcBase#0","BNpcBase#0","BNpcBase#0","BNpcBase#0","BNpcBase#0",22,24,0,0,0,0,0,0,"honeybee cloud","giant bee","","","","","","",,,,,,,,,0,0,0,0,0,0,0,0,0,0,0,0,0,0,0,0,4178217,4186417,4186418,0,0,0,0,0,1229,0,0,0,0,0,0,0,0,0,0,0,0,0,0,0,0,0,0,0,0,0,0,0,0,0,0,0,0,0,0,0,0,0,0,0,0,0,0,0,1,0,0,0,0,0,0,0,1,1,0,0,0,0,0,0,1,0,0,0,0,0,0,0,1,1,0,0,0,0,0,0,0,0,0,0,0,0,0,0,0,0,0,0,0,0,0,0,0,0,0,0,0,0,0,0,0,0,0,0,0,0,0,0,1,2,3,4,0,0,0,0,"CompanyLeveProtection",1
196636,0,0,0,0,0,0,0,0,"BNpcBase#70","BNpcBase#23","BNpcBase#73","BNpcBase#133","BNpcBase#0","BNpcBase#0","BNpcBase#0","BNpcBase#0",25,25,25,25,0,0,0,0,"tempered sylvan scream","poisonous flytrap","tempered sylvan sough","wind sprite","","","","",,,,,,,,,0,0,0,0,0,0,0,0,0,0,0,0,0,0,0,0,1,1,1,1,0,0,0,0,1,1,1,1,0,0,0,0,20,20,20,40,0,0,0,0,5,5,5,2,0,0,0,0,0,0,0,0,0,0,0,0,0,0,0,0,0,0,0,0,0,0,0,0,0,0,0,0,0,0,0,0,0,0,0,0,0,0,0,0,0,0,0,0,0,0,0,0,0,0,0,0,0,0,0,0,0,0,0,0,0,0,0,0,0,0,0,0,0,0,0,0,0,0,0,0,0,0,0,0,0,0,0,0,1,2,3,0,0,0,0,0,"CompanyLeveInterception",1
196637,0,0,0,0,0,0,0,0,"BNpcBase#305","BNpcBase#1861","BNpcBase#1108","BNpcBase#1109","BNpcBase#0","BNpcBase#0","BNpcBase#0","BNpcBase#0",26,22,26,26,0,0,0,0,"wicked soul","wind sprite","gnarled treant","leafbleed ochu","","","","","luminous crystal",,,,,,,,3,0,0,0,0,0,0,0,0,0,0,0,0,0,0,0,2,2,2,3,0,0,0,0,0,0,0,0,0,0,0,0,0,0,0,0,0,0,0,0,0,0,0,0,0,0,0,0,0,0,0,0,0,0,0,0,0,0,0,0,0,0,0,0,0,0,0,0,0,0,0,0,0,0,0,0,0,0,0,0,0,0,0,0,0,0,0,0,0,0,0,0,0,0,0,0,0,0,0,0,0,0,0,0,0,0,0,0,0,0,0,0,0,0,0,0,0,0,0,0,0,0,0,0,0,0,0,0,1,2,3,0,0,0,0,0,"CompanyLevePenetration",1
196638,0,0,0,0,0,0,0,0,"BNpcBase#1094","BNpcBase#33","BNpcBase#23","BNpcBase#24","BNpcBase#0","BNpcBase#0","BNpcBase#0","BNpcBase#0",25,18,18,21,0,0,0,0,"Pannixia of the Woven Wing","leafbleed ochu","poisonous flytrap","gnarled treant","","","","",,,,,,,,,0,0,0,0,0,0,0,0,0,0,0,0,0,0,0,0,90,60,30,0,0,0,0,0,761,765,762,763,764,0,0,0,0,0,0,0,0,0,0,0,0,0,0,0,0,0,0,0,0,0,0,0,0,0,0,0,0,0,0,0,0,0,0,0,0,0,0,0,0,0,0,0,0,0,0,0,0,0,0,0,0,0,0,0,0,0,0,0,0,0,0,0,0,0,0,0,0,0,0,0,0,0,0,0,0,0,0,0,0,0,0,0,0,0,0,0,0,0,0,0,0,0,0,0,0,0,0,0,1,2,3,0,0,0,0,0,"CompanyLeveSummon",2
196639,0,0,0,0,0,0,0,0,"BNpcBase#167","BNpcBase#168","BNpcBase#169","BNpcBase#0","BNpcBase#0","BNpcBase#0","BNpcBase#0","BNpcBase#0",24,22,22,0,0,0,0,0,"Amalj'aa bruiser","Amalj'aa ranger","Amalj'aa seer","","","","","",,,,,,,,,0,0,0,0,0,0,0,0,0,0,0,0,0,0,0,0,4178232,4186129,4186130,0,0,0,0,0,1226,0,0,0,0,0,0,0,0,0,0,0,0,0,0,0,0,0,0,0,0,0,0,0,0,0,0,0,0,0,0,0,0,0,0,0,0,0,0,0,0,0,1,0,0,0,0,0,1,1,0,0,0,0,0,0,1,0,0,0,0,0,0,0,1,0,1,0,0,0,0,0,0,0,0,0,0,0,0,0,0,0,0,0,0,0,0,0,0,0,0,0,0,0,0,0,0,0,0,0,0,0,0,0,1,2,3,4,0,0,0,0,"CompanyLeveProtection",1
196640,0,0,0,0,0,0,0,0,"BNpcBase#138","BNpcBase#172","BNpcBase#181","BNpcBase#12","BNpcBase#0","BNpcBase#0","BNpcBase#0","BNpcBase#0",25,25,25,25,0,0,0,0,"raggedy jackal","fellbite peiste","gaunt beak","bald buzzard","","","","",,,,,,,,,0,0,0,0,0,0,0,0,0,0,0,0,0,0,0,0,1,1,1,1,0,0,0,0,1,1,1,1,0,0,0,0,20,20,20,40,0,0,0,0,5,5,5,2,0,0,0,0,0,0,0,0,0,0,0,0,0,0,0,0,0,0,0,0,0,0,0,0,0,0,0,0,0,0,0,0,0,0,0,0,0,0,0,0,0,0,0,0,0,0,0,0,0,0,0,0,0,0,0,0,0,0,0,0,0,0,0,0,0,0,0,0,0,0,0,0,0,0,0,0,0,0,0,0,0,0,0,0,1,2,3,0,0,0,0,0,"CompanyLeveInterception",1
196641,0,0,0,0,0,0,0,0,"BNpcBase#21","BNpcBase#1863","BNpcBase#1112","BNpcBase#1113","BNpcBase#0","BNpcBase#0","BNpcBase#0","BNpcBase#0",26,23,25,25,0,0,0,0,"trickster imp","earth sprite","ravenous billygoat","ravenous nannygoat","","","","","luminous crystal",,,,,,,,3,0,0,0,0,0,0,0,0,0,0,0,0,0,0,0,2,2,1,4,0,0,0,0,0,0,0,0,0,0,0,0,0,0,0,0,0,0,0,0,0,0,0,0,0,0,0,0,0,0,0,0,0,0,0,0,0,0,0,0,0,0,0,0,0,0,0,0,0,0,0,0,0,0,0,0,0,0,0,0,0,0,0,0,0,0,0,0,0,0,0,0,0,0,0,0,0,0,0,0,0,0,0,0,0,0,0,0,0,0,0,0,0,0,0,0,0,0,0,0,0,0,0,0,0,0,0,0,1,2,3,0,0,0,0,0,"CompanyLevePenetration",1
196642,0,0,0,0,0,0,0,0,"BNpcBase#1098","BNpcBase#513","BNpcBase#17","BNpcBase#1093","BNpcBase#0","BNpcBase#0","BNpcBase#0","BNpcBase#0",25,20,19,18,0,0,0,0,"Margry Flintheart","darkwing devilet","void flame","void mine","","","","",,,,,,,,,0,0,0,0,0,0,0,0,0,0,0,0,0,0,0,0,90,60,30,0,0,0,0,0,766,770,767,768,769,0,0,0,0,0,0,0,0,0,0,0,0,0,0,0,0,0,0,0,0,0,0,0,0,0,0,0,0,0,0,0,0,0,0,0,0,0,0,0,0,0,0,0,0,0,0,0,0,0,0,0,0,0,0,0,0,0,0,0,0,0,0,0,0,0,0,0,0,0,0,0,0,0,0,0,0,0,0,0,0,0,0,0,0,0,0,0,0,0,0,0,0,0,0,0,0,0,0,0,1,2,3,0,0,0,0,0,"CompanyLeveSummon",1
196643,0,0,0,0,0,0,0,0,"BNpcBase#328","BNpcBase#329","BNpcBase#330","BNpcBase#331","BNpcBase#0","BNpcBase#0","BNpcBase#0","BNpcBase#0",28,28,28,28,0,0,0,0,"426th Order patrolman","426th Order pitman","426th Order bedesman","426th Order missionary","","","","",,,,,,,,,0,0,0,0,0,0,0,0,0,0,0,0,0,0,0,0,4178198,4185437,4185438,4185439,0,0,0,0,1225,0,0,0,0,0,0,0,0,0,0,0,0,0,0,0,0,0,0,0,0,0,0,0,0,0,0,0,0,0,0,0,0,0,0,0,0,0,0,0,1,0,0,0,0,0,0,0,0,1,1,0,0,0,0,0,1,1,0,0,0,0,0,0,1,0,0,1,0,0,0,0,0,0,0,0,0,0,0,0,0,0,0,0,0,0,0,0,0,0,0,0,0,0,0,0,0,0,0,0,0,0,0,0,1,2,3,4,0,0,0,0,"CompanyLeveProtection",1
196644,0,0,0,0,0,0,0,0,"BNpcBase#315","BNpcBase#318","BNpcBase#334","BNpcBase#335","BNpcBase#0","BNpcBase#0","BNpcBase#0","BNpcBase#0",29,29,29,29,0,0,0,0,"drowned crofter","drowned outranger","Sahagin spy","Sahagin sapper","","","","",,,,,,,,,0,0,0,0,0,0,0,0,0,0,0,0,0,0,0,0,1,1,1,1,0,0,0,0,1,1,1,1,0,0,0,0,20,20,20,40,0,0,0,0,5,5,5,2,0,0,0,0,0,0,0,0,0,0,0,0,0,0,0,0,0,0,0,0,0,0,0,0,0,0,0,0,0,0,0,0,0,0,0,0,0,0,0,0,0,0,0,0,0,0,0,0,0,0,0,0,0,0,0,0,0,0,0,0,0,0,0,0,0,0,0,0,0,0,0,0,0,0,0,0,0,0,0,0,0,0,0,0,1,2,3,0,0,0,0,0,"CompanyLeveInterception",1
196645,0,0,0,0,0,0,0,0,"BNpcBase#55","BNpcBase#1860","BNpcBase#1104","BNpcBase#1105","BNpcBase#0","BNpcBase#0","BNpcBase#0","BNpcBase#0",31,27,31,31,0,0,0,0,"imperial tesserarius","Qiqirn egglifter","shifty-eyed sailor","shifty-eyed sailor","","","","","magitek transceiver",,,,,,,,2,0,0,0,0,0,0,0,0,0,0,0,0,0,0,0,2,2,2,2,0,0,0,0,0,0,0,0,0,0,0,0,0,0,0,0,0,0,0,0,0,0,0,0,0,0,0,0,0,0,0,0,0,0,0,0,0,0,0,0,0,0,0,0,0,0,0,0,0,0,0,0,0,0,0,0,0,0,0,0,0,0,0,0,0,0,0,0,0,0,0,0,0,0,0,0,0,0,0,0,0,0,0,0,0,0,0,0,0,0,0,0,0,0,0,0,0,0,0,0,0,0,0,0,0,0,0,0,1,2,3,0,0,0,0,0,"CompanyLevePenetration",2
196646,0,0,0,0,0,0,0,0,"BNpcBase#1086","BNpcBase#131","BNpcBase#17","BNpcBase#1093","BNpcBase#0","BNpcBase#0","BNpcBase#0","BNpcBase#0",30,22,23,24,0,0,0,0,"426th Order Mendicant Zi Gu","earth sprite","void flame","void mine","","","","",,,,,,,,,0,0,0,0,0,0,0,0,0,0,0,0,0,0,0,0,90,60,30,0,0,0,0,0,771,775,772,773,774,0,0,0,0,0,0,0,0,0,0,0,0,0,0,0,0,0,0,0,0,0,0,0,0,0,0,0,0,0,0,0,0,0,0,0,0,0,0,0,0,0,0,0,0,0,0,0,0,0,0,0,0,0,0,0,0,0,0,0,0,0,0,0,0,0,0,0,0,0,0,0,0,0,0,0,0,0,0,0,0,0,0,0,0,0,0,0,0,0,0,0,0,0,0,0,0,0,0,0,1,2,3,0,0,0,0,0,"CompanyLeveSummon",2
196647,0,0,0,0,0,0,0,0,"BNpcBase#0","BNpcBase#0","BNpcBase#0","BNpcBase#0","BNpcBase#0","BNpcBase#0","BNpcBase#0","BNpcBase#0",0,0,0,0,0,0,0,0,"","","","","","","","",,,,,,,,,0,0,0,0,0,0,0,0,0,0,0,0,0,0,0,0,0,0,0,0,0,0,0,0,0,0,0,0,0,0,0,0,0,0,0,0,0,0,0,0,0,0,0,0,0,0,0,0,0,0,0,0,0,0,0,0,0,0,0,0,0,0,0,0,0,0,0,0,0,0,0,0,0,0,0,0,0,0,0,0,0,0,0,0,0,0,0,0,0,0,0,0,0,0,0,0,0,0,0,0,0,0,0,0,0,0,0,0,0,0,0,0,0,0,0,0,0,0,0,0,0,0,0,0,0,0,0,0,1,2,3,0,0,0,0,0,"",1
196648,0,0,0,0,0,0,0,0,"BNpcBase#509","BNpcBase#510","BNpcBase#34","BNpcBase#0","BNpcBase#0","BNpcBase#0","BNpcBase#0","BNpcBase#0",27,27,29,0,0,0,0,0,"Redbelly runner","Redbelly snatcher","spawning adamantoise","","","","","",,,,,,,,,0,0,0,0,0,0,0,0,0,0,0,0,0,0,0,0,4178223,4186390,4186391,4186392,0,0,0,0,1228,0,0,0,0,0,0,0,0,0,0,0,0,0,0,0,0,0,0,0,0,0,0,0,0,0,0,0,0,0,0,0,0,0,0,0,0,0,0,0,1,0,0,0,0,0,0,0,1,1,0,0,0,0,0,0,0,1,1,0,0,0,0,0,1,0,1,0,0,0,0,0,0,0,0,0,0,0,0,0,0,0,0,0,0,0,0,0,0,0,0,0,0,0,0,0,0,0,0,0,0,0,0,0,1,2,3,4,0,0,0,0,"CompanyLeveProtection",1
196649,0,0,0,0,0,0,0,0,"BNpcBase#302","BNpcBase#139","BNpcBase#34","BNpcBase#13","BNpcBase#0","BNpcBase#0","BNpcBase#0","BNpcBase#0",29,29,29,29,0,0,0,0,"sharptooth orobon","spotted eft","spawning adamantoise","craven condor","","","","",,,,,,,,,0,0,0,0,0,0,0,0,0,0,0,0,0,0,0,0,1,1,1,1,0,0,0,0,1,1,1,1,0,0,0,0,20,20,20,40,0,0,0,0,5,5,5,2,0,0,0,0,0,0,0,0,0,0,0,0,0,0,0,0,0,0,0,0,0,0,0,0,0,0,0,0,0,0,0,0,0,0,0,0,0,0,0,0,0,0,0,0,0,0,0,0,0,0,0,0,0,0,0,0,0,0,0,0,0,0,0,0,0,0,0,0,0,0,0,0,0,0,0,0,0,0,0,0,0,0,0,0,1,2,3,0,0,0,0,0,"CompanyLeveInterception",1
196650,0,0,0,0,0,0,0,0,"BNpcBase#55","BNpcBase#1862","BNpcBase#1110","BNpcBase#1111","BNpcBase#0","BNpcBase#0","BNpcBase#0","BNpcBase#0",31,27,30,30,0,0,0,0,"imperial tesserarius","goblin roper","shifty-eyed poacher","shifty-eyed poacher","","","","","magitek transceiver",,,,,,,,3,0,0,0,0,0,0,0,0,0,0,0,0,0,0,0,3,2,1,2,0,0,0,0,0,0,0,0,0,0,0,0,0,0,0,0,0,0,0,0,0,0,0,0,0,0,0,0,0,0,0,0,0,0,0,0,0,0,0,0,0,0,0,0,0,0,0,0,0,0,0,0,0,0,0,0,0,0,0,0,0,0,0,0,0,0,0,0,0,0,0,0,0,0,0,0,0,0,0,0,0,0,0,0,0,0,0,0,0,0,0,0,0,0,0,0,0,0,0,0,0,0,0,0,0,0,0,0,1,2,3,0,0,0,0,0,"CompanyLevePenetration",2
196651,0,0,0,0,0,0,0,0,"BNpcBase#1091","BNpcBase#388","BNpcBase#327","BNpcBase#327","BNpcBase#0","BNpcBase#0","BNpcBase#0","BNpcBase#0",30,25,23,23,0,0,0,0,"Turncloak Clairvisse","vodoriga cur","void mine","void mine","","","","",,,,,,,,,0,0,0,0,0,0,0,0,0,0,0,0,0,0,0,0,90,60,30,0,0,0,0,0,776,780,777,778,779,0,0,0,0,0,0,0,0,0,0,0,0,0,0,0,0,0,0,0,0,0,0,0,0,0,0,0,0,0,0,0,0,0,0,0,0,0,0,0,0,0,0,0,0,0,0,0,0,0,0,0,0,0,0,0,0,0,0,0,0,0,0,0,0,0,0,0,0,0,0,0,0,0,0,0,0,0,0,0,0,0,0,0,0,0,0,0,0,0,0,0,0,0,0,0,0,0,0,0,1,2,3,0,0,0,0,0,"CompanyLeveSummon",1
196652,0,0,0,0,0,0,0,0,"BNpcBase#0","BNpcBase#0","BNpcBase#0","BNpcBase#0","BNpcBase#0","BNpcBase#0","BNpcBase#0","BNpcBase#0",0,0,0,0,0,0,0,0,"","","","","","","","",,,,,,,,,0,0,0,0,0,0,0,0,0,0,0,0,0,0,0,0,0,0,0,0,0,0,0,0,0,0,0,0,0,0,0,0,0,0,0,0,0,0,0,0,0,0,0,0,0,0,0,0,0,0,0,0,0,0,0,0,0,0,0,0,0,0,0,0,0,0,0,0,0,0,0,0,0,0,0,0,0,0,0,0,0,0,0,0,0,0,0,0,0,0,0,0,0,0,0,0,0,0,0,0,0,0,0,0,0,0,0,0,0,0,0,0,0,0,0,0,0,0,0,0,0,0,0,0,0,0,0,0,1,2,3,0,0,0,0,0,"",1
196653,0,0,0,0,0,0,0,0,"BNpcBase#170","BNpcBase#362","BNpcBase#171","BNpcBase#0","BNpcBase#0","BNpcBase#0","BNpcBase#0","BNpcBase#0",27,28,30,0,0,0,0,0,"Qiqirn yolkdrainer","Qiqirn yolkdrainer","Mumuroon Yellowtooth","","","","","",,,,,,,,,0,0,0,0,0,0,0,0,0,0,0,0,0,0,0,0,4178234,4186186,4186187,4186188,0,0,0,0,1225,0,0,0,0,0,0,0,0,0,0,0,0,0,0,0,0,0,0,0,0,0,0,0,0,0,0,0,0,0,0,0,0,0,0,0,0,0,0,0,1,0,0,0,0,0,0,0,1,1,0,0,0,0,0,0,1,1,0,0,0,0,0,0,1,0,1,0,0,0,0,0,0,0,0,0,0,0,0,0,0,0,0,0,0,0,0,0,0,0,0,0,0,0,0,0,0,0,0,0,0,0,0,0,1,2,3,4,0,0,0,0,"CompanyLeveProtection",1
196654,0,0,0,0,0,0,0,0,"BNpcBase#167","BNpcBase#168","BNpcBase#1096","BNpcBase#1099","BNpcBase#0","BNpcBase#0","BNpcBase#0","BNpcBase#0",29,29,29,29,0,0,0,0,"Amalj'aa bruiser","Amalj'aa ranger","battle drake","tempered slave","","","","",,,,,,,,,0,0,0,0,0,0,0,0,0,0,0,0,0,0,0,0,1,1,1,1,0,0,0,0,1,1,1,1,0,0,0,0,20,20,20,40,0,0,0,0,5,5,5,2,0,0,0,0,0,0,0,0,0,0,0,0,0,0,0,0,0,0,0,0,0,0,0,0,0,0,0,0,0,0,0,0,0,0,0,0,0,0,0,0,0,0,0,0,0,0,0,0,0,0,0,0,0,0,0,0,0,0,0,0,0,0,0,0,0,0,0,0,0,0,0,0,0,0,0,0,0,0,0,0,0,0,0,0,1,2,3,0,0,0,0,0,"CompanyLeveInterception",1
196655,0,0,0,0,0,0,0,0,"BNpcBase#55","BNpcBase#1100","BNpcBase#1114","BNpcBase#1115","BNpcBase#0","BNpcBase#0","BNpcBase#0","BNpcBase#0",31,29,29,31,0,0,0,0,"imperial tesserarius","shifty-eyed merchant","shifty-eyed vagrant","shifty-eyed vagrant","","","","","magitek transceiver",,,,,,,,5,0,0,0,0,0,0,0,0,0,0,0,0,0,0,0,3,1,1,3,0,0,0,0,0,0,0,0,0,0,0,0,0,0,0,0,0,0,0,0,0,0,0,0,0,0,0,0,0,0,0,0,0,0,0,0,0,0,0,0,0,0,0,0,0,0,0,0,0,0,0,0,0,0,0,0,0,0,0,0,0,0,0,0,0,0,0,0,0,0,0,0,0,0,0,0,0,0,0,0,0,0,0,0,0,0,0,0,0,0,0,0,0,0,0,0,0,0,0,0,0,0,0,0,0,0,0,0,1,2,3,0,0,0,0,0,"CompanyLevePenetration",2
196656,0,0,0,0,0,0,0,0,"BNpcBase#1095","BNpcBase#327","BNpcBase#134","BNpcBase#646","BNpcBase#0","BNpcBase#0","BNpcBase#0","BNpcBase#0",30,21,16,26,0,0,0,0,"Blackstake Rodegg Chah","void mine","fire sprite","Headrip ogre","","","","",,,,,,,,,0,0,0,0,0,0,0,0,0,0,0,0,0,0,0,0,90,60,30,0,0,0,0,0,781,785,782,783,784,0,0,0,0,0,0,0,0,0,0,0,0,0,0,0,0,0,0,0,0,0,0,0,0,0,0,0,0,0,0,0,0,0,0,0,0,0,0,0,0,0,0,0,0,0,0,0,0,0,0,0,0,0,0,0,0,0,0,0,0,0,0,0,0,0,0,0,0,0,0,0,0,0,0,0,0,0,0,0,0,0,0,0,0,0,0,0,0,0,0,0,0,0,0,0,0,0,0,0,1,2,3,0,0,0,0,0,"CompanyLeveSummon",1
196657,0,0,0,0,0,0,0,0,"BNpcBase#0","BNpcBase#0","BNpcBase#0","BNpcBase#0","BNpcBase#0","BNpcBase#0","BNpcBase#0","BNpcBase#0",0,0,0,0,0,0,0,0,"","","","","","","","",,,,,,,,,0,0,0,0,0,0,0,0,0,0,0,0,0,0,0,0,0,0,0,0,0,0,0,0,0,0,0,0,0,0,0,0,0,0,0,0,0,0,0,0,0,0,0,0,0,0,0,0,0,0,0,0,0,0,0,0,0,0,0,0,0,0,0,0,0,0,0,0,0,0,0,0,0,0,0,0,0,0,0,0,0,0,0,0,0,0,0,0,0,0,0,0,0,0,0,0,0,0,0,0,0,0,0,0,0,0,0,0,0,0,0,0,0,0,0,0,0,0,0,0,0,0,0,0,0,0,0,0,0,0,0,0,0,0,0,0,"",1
196658,0,0,0,0,0,0,0,0,"BNpcBase#113","BNpcBase#1841","BNpcBase#115","BNpcBase#0","BNpcBase#0","BNpcBase#0","BNpcBase#0","BNpcBase#0",33,33,34,0,0,0,0,0,"Ixali fencer","Ixali watchwolf","Ixali frostbeak","","","","","",,,,,,,,,0,0,0,0,0,0,0,0,0,0,0,0,0,0,0,0,4296356,4296357,4296359,4296365,0,0,0,0,1794,0,0,0,0,0,0,0,0,0,0,0,0,0,0,0,0,0,0,0,0,0,0,0,0,0,0,0,0,0,0,0,0,0,0,0,0,0,0,0,1,1,0,0,0,0,0,0,0,1,1,0,0,0,0,0,0,0,1,0,0,0,0,0,1,0,1,0,0,0,0,0,0,0,0,0,0,0,0,0,0,0,0,0,0,0,0,0,0,0,0,0,0,0,0,0,0,0,0,0,0,0,0,0,1,2,3,4,0,0,0,0,"CompanyLeveProtection",1
196659,0,0,0,0,0,0,0,0,"BNpcBase#1853","BNpcBase#133","BNpcBase#404","BNpcBase#388","BNpcBase#0","BNpcBase#0","BNpcBase#0","BNpcBase#0",30,29,30,32,0,0,0,0,"Lotoli Ahuatan the Glider","wind sprite","frozen bavarois","vodoriga shade","","","","",,,,,,,,,0,0,0,0,0,0,0,0,0,0,0,0,0,0,0,0,90,60,30,0,0,0,0,0,1010,1014,1011,1012,1013,0,0,0,0,0,0,0,0,0,0,0,0,0,0,0,0,0,0,0,0,0,0,0,0,0,0,0,0,0,0,0,0,0,0,0,0,0,0,0,0,0,0,0,0,0,0,0,0,0,0,0,0,0,0,0,0,0,0,0,0,0,0,0,0,0,0,0,0,0,0,0,0,0,0,0,0,0,0,0,0,0,0,0,0,0,0,0,0,0,0,0,0,0,0,0,0,0,0,0,1,2,3,0,0,0,0,0,"CompanyLeveSummon",1
196660,0,0,0,0,0,0,0,0,"BNpcBase#395","BNpcBase#646","BNpcBase#720","BNpcBase#731","BNpcBase#0","BNpcBase#0","BNpcBase#0","BNpcBase#0",35,35,35,35,0,0,0,0,"snapjaw","wrathful ogre","frostbitten goobbue","white wolf","","","","",,,,,,,,,0,0,0,0,0,0,0,0,0,0,0,0,0,0,0,0,1,1,1,1,0,0,0,0,1,1,1,1,0,0,0,0,20,20,20,40,0,0,0,0,5,5,5,2,0,0,0,0,0,0,0,0,0,0,0,0,0,0,0,0,0,0,0,0,0,0,0,0,0,0,0,0,0,0,0,0,0,0,0,0,0,0,0,0,0,0,0,0,0,0,0,0,0,0,0,0,0,0,0,0,0,0,0,0,0,0,0,0,0,0,0,0,0,0,0,0,0,0,0,0,0,0,0,0,0,0,0,0,1,2,3,0,0,0,0,0,"CompanyLeveInterception",1
196661,0,0,0,0,0,0,0,0,"BNpcBase#113","BNpcBase#115","BNpcBase#114","BNpcBase#116","BNpcBase#0","BNpcBase#0","BNpcBase#0","BNpcBase#0",35,35,35,35,0,0,0,0,"Ixali fencer","Ixali frostbeak","Ixali frostwing","Ixali frostcaller","","","","",,,,,,,,,0,0,0,0,0,0,0,0,0,0,0,0,0,0,0,0,1,1,1,1,0,0,0,0,1,1,1,1,0,0,0,0,20,20,20,40,0,0,0,0,5,5,5,2,0,0,0,0,0,0,0,0,0,0,0,0,0,0,0,0,0,0,0,0,0,0,0,0,0,0,0,0,0,0,0,0,0,0,0,0,0,0,0,0,0,0,0,0,0,0,0,0,0,0,0,0,0,0,0,0,0,0,0,0,0,0,0,0,0,0,0,0,0,0,0,0,0,0,0,0,0,0,0,0,0,0,0,0,1,2,3,0,0,0,0,0,"CompanyLeveInterception",1
196662,0,0,0,0,0,0,0,0,"BNpcBase#305","BNpcBase#1842","BNpcBase#1843","BNpcBase#1844","BNpcBase#0","BNpcBase#0","BNpcBase#0","BNpcBase#0",35,34,35,35,0,0,0,0,"wandering soul","ice sprite","Ixali fencer","Ixali frostwing","","","","","luminous crystal",,,,,,,,5,0,0,0,0,0,0,0,0,0,0,0,0,0,0,0,3,1,1,3,0,0,0,0,0,0,0,0,0,0,0,0,0,0,0,0,0,0,0,0,0,0,0,0,0,0,0,0,0,0,0,0,0,0,0,0,0,0,0,0,0,0,0,0,0,0,0,0,0,0,0,0,0,0,0,0,0,0,0,0,0,0,0,0,0,0,0,0,0,0,0,0,0,0,0,0,0,0,0,0,0,0,0,0,0,0,0,0,0,0,0,0,0,0,0,0,0,0,0,0,0,0,0,0,0,0,0,0,1,2,3,0,0,0,0,0,"CompanyLevePenetration",1
196663,0,0,0,0,0,0,0,0,"BNpcBase#1854","BNpcBase#731","BNpcBase#722","BNpcBase#721","BNpcBase#0","BNpcBase#0","BNpcBase#0","BNpcBase#0",40,32,30,30,0,0,0,0,"Mimas","white wolf","giant drubber","giant ripper","","","","",,,,,,,,,0,0,0,0,0,0,0,0,0,0,0,0,0,0,0,0,90,60,30,0,0,0,0,0,1015,1019,1016,1017,1018,0,0,0,0,0,0,0,0,0,0,0,0,0,0,0,0,0,0,0,0,0,0,0,0,0,0,0,0,0,0,0,0,0,0,0,0,0,0,0,0,0,0,0,0,0,0,0,0,0,0,0,0,0,0,0,0,0,0,0,0,0,0,0,0,0,0,0,0,0,0,0,0,0,0,0,0,0,0,0,0,0,0,0,0,0,0,0,0,0,0,0,0,0,0,0,0,0,0,0,1,2,3,0,0,0,0,0,"CompanyLeveSummon",2
196664,0,0,0,0,0,0,0,0,"BNpcBase#513","BNpcBase#1845","BNpcBase#1846","BNpcBase#1847","BNpcBase#0","BNpcBase#0","BNpcBase#0","BNpcBase#0",40,39,40,40,0,0,0,0,"dusty devilet","wandering wisp","blood bateleur","dragonfly chaser","","","","","luminous crystal",,,,,,,,2,0,0,0,0,0,0,0,0,0,0,0,0,0,0,0,2,2,2,2,0,0,0,0,0,0,0,0,0,0,0,0,0,0,0,0,0,0,0,0,0,0,0,0,0,0,0,0,0,0,0,0,0,0,0,0,0,0,0,0,0,0,0,0,0,0,0,0,0,0,0,0,0,0,0,0,0,0,0,0,0,0,0,0,0,0,0,0,0,0,0,0,0,0,0,0,0,0,0,0,0,0,0,0,0,0,0,0,0,0,0,0,0,0,0,0,0,0,0,0,0,0,0,0,0,0,0,0,1,2,3,0,0,0,0,0,"CompanyLevePenetration",1
196665,0,0,0,0,0,0,0,0,"BNpcBase#139","BNpcBase#27","BNpcBase#191","BNpcBase#720","BNpcBase#0","BNpcBase#0","BNpcBase#0","BNpcBase#0",39,39,39,39,0,0,0,0,"snowpuppy","winter nix","blizzard biast","frostbitten goobbue","","","","",,,,,,,,,0,0,0,0,0,0,0,0,0,0,0,0,0,0,0,0,1,1,1,1,0,0,0,0,1,1,1,1,0,0,0,0,20,20,20,40,0,0,0,0,5,5,5,2,0,0,0,0,0,0,0,0,0,0,0,0,0,0,0,0,0,0,0,0,0,0,0,0,0,0,0,0,0,0,0,0,0,0,0,0,0,0,0,0,0,0,0,0,0,0,0,0,0,0,0,0,0,0,0,0,0,0,0,0,0,0,0,0,0,0,0,0,0,0,0,0,0,0,0,0,0,0,0,0,0,0,0,0,1,2,3,0,0,0,0,0,"CompanyLeveInterception",1
196666,0,0,0,0,0,0,0,0,"BNpcBase#721","BNpcBase#722","BNpcBase#644","BNpcBase#0","BNpcBase#0","BNpcBase#0","BNpcBase#0","BNpcBase#0",39,39,37,0,0,0,0,0,"giant ripper","giant drubber","downcast hippocerf","","","","","",,,,,,,,,0,0,0,0,0,0,0,0,0,0,0,0,0,0,0,0,4296409,4296411,4296412,4296413,0,0,0,0,1232,0,0,0,0,0,0,0,0,0,0,0,0,0,0,0,0,0,0,0,0,0,0,0,0,0,0,0,0,0,0,0,0,0,0,0,0,0,0,0,1,0,1,0,0,0,0,0,0,1,1,0,0,0,0,0,0,1,0,0,0,0,0,0,1,1,0,0,0,0,0,0,0,0,0,0,0,0,0,0,0,0,0,0,0,0,0,0,0,0,0,0,0,0,0,0,0,0,0,0,0,0,0,0,1,2,3,4,0,0,0,0,"CompanyLeveProtection",1
196667,0,0,0,0,0,0,0,0,"BNpcBase#342","BNpcBase#1842","BNpcBase#1848","BNpcBase#1849","BNpcBase#0","BNpcBase#0","BNpcBase#0","BNpcBase#0",40,39,40,40,0,0,0,0,"wandering bogy","ice sprite","giant drubber","giant talker","","","","","luminous crystal",,,,,,,,2,0,0,0,0,0,0,0,0,0,0,0,0,0,0,0,3,2,1,1,0,0,0,0,0,0,0,0,0,0,0,0,0,0,0,0,0,0,0,0,0,0,0,0,0,0,0,0,0,0,0,0,0,0,0,0,0,0,0,0,0,0,0,0,0,0,0,0,0,0,0,0,0,0,0,0,0,0,0,0,0,0,0,0,0,0,0,0,0,0,0,0,0,0,0,0,0,0,0,0,0,0,0,0,0,0,0,0,0,0,0,0,0,0,0,0,0,0,0,0,0,0,0,0,0,0,0,0,1,2,3,0,0,0,0,0,"CompanyLevePenetration",1
196668,0,0,0,0,0,0,0,0,"BNpcBase#727","BNpcBase#728","BNpcBase#729","BNpcBase#730","BNpcBase#0","BNpcBase#0","BNpcBase#0","BNpcBase#0",45,45,44,45,0,0,0,0,"beggar shramana","beggar bonze","beggar sozu","beggar bhikkhu","","","","",,,,,,,,,0,0,0,0,0,0,0,0,0,0,0,0,0,0,0,0,1,1,1,1,0,0,0,0,1,1,1,1,0,0,0,0,20,20,20,40,0,0,0,0,5,5,5,2,0,0,0,0,0,0,0,0,0,0,0,0,0,0,0,0,0,0,0,0,0,0,0,0,0,0,0,0,0,0,0,0,0,0,0,0,0,0,0,0,0,0,0,0,0,0,0,0,0,0,0,0,0,0,0,0,0,0,0,0,0,0,0,0,0,0,0,0,0,0,0,0,0,0,0,0,0,0,0,0,0,0,0,0,1,2,3,0,0,0,0,0,"CompanyLeveInterception",1
196669,0,0,0,0,0,0,0,0,"BNpcBase#1855","BNpcBase#387","BNpcBase#191","BNpcBase#398","BNpcBase#0","BNpcBase#0","BNpcBase#0","BNpcBase#0",45,35,35,37,0,0,0,0,"Armantel Scaletalker","dragonfly chaser","blizzard biast","red aevis","","","","",,,,,,,,,0,0,0,0,0,0,0,0,0,0,0,0,0,0,0,0,90,60,30,0,0,0,0,0,1020,1024,1021,1022,1023,0,0,0,0,0,0,0,0,0,0,0,0,0,0,0,0,0,0,0,0,0,0,0,0,0,0,0,0,0,0,0,0,0,0,0,0,0,0,0,0,0,0,0,0,0,0,0,0,0,0,0,0,0,0,0,0,0,0,0,0,0,0,0,0,0,0,0,0,0,0,0,0,0,0,0,0,0,0,0,0,0,0,0,0,0,0,0,0,0,0,0,0,0,0,0,0,0,0,0,1,2,3,0,0,0,0,0,"CompanyLeveSummon",2
196670,0,0,0,0,0,0,0,0,"BNpcBase#730","BNpcBase#728","BNpcBase#645","BNpcBase#0","BNpcBase#0","BNpcBase#0","BNpcBase#0","BNpcBase#0",43,44,42,0,0,0,0,0,"beggar bhikkhu","beggar bonze","hippogryph pup","","","","","",,,,,,,,,0,0,0,0,0,0,0,0,0,0,0,0,0,0,0,0,4296668,4296669,4296670,4296671,0,0,0,0,1795,0,0,0,0,0,0,0,0,0,0,0,0,0,0,0,0,0,0,0,0,0,0,0,0,0,0,0,0,0,0,0,0,0,0,0,0,0,0,0,1,0,1,0,0,0,0,0,0,1,0,0,0,0,0,0,0,1,1,0,0,0,0,0,1,1,0,0,0,0,0,0,0,0,0,0,0,0,0,0,0,0,0,0,0,0,0,0,0,0,0,0,0,0,0,0,0,0,0,0,0,0,0,0,1,2,3,4,0,0,0,0,"CompanyLeveProtection",1
196671,0,0,0,0,0,0,0,0,"BNpcBase#513","BNpcBase#1850","BNpcBase#1851","BNpcBase#1852","BNpcBase#0","BNpcBase#0","BNpcBase#0","BNpcBase#0",45,44,45,45,0,0,0,0,"dusty devilet","lightning sprite","downcast hippocerf","Foul River hapalit","","","","","luminous crystal",,,,,,,,3,0,0,0,0,0,0,0,0,0,0,0,0,0,0,0,2,2,1,4,0,0,0,0,0,0,0,0,0,0,0,0,0,0,0,0,0,0,0,0,0,0,0,0,0,0,0,0,0,0,0,0,0,0,0,0,0,0,0,0,0,0,0,0,0,0,0,0,0,0,0,0,0,0,0,0,0,0,0,0,0,0,0,0,0,0,0,0,0,0,0,0,0,0,0,0,0,0,0,0,0,0,0,0,0,0,0,0,0,0,0,0,0,0,0,0,0,0,0,0,0,0,0,0,0,0,0,0,1,2,3,0,0,0,0,0,"CompanyLevePenetration",1
196672,0,0,0,0,0,0,0,0,"BNpcBase#1856","BNpcBase#644","BNpcBase#729","BNpcBase#728","BNpcBase#0","BNpcBase#0","BNpcBase#0","BNpcBase#0",45,32,31,31,0,0,0,0,"Okeanos the Red","gigas mastiff","beggar sozu","beggar bonze","","","","",,,,,,,,,0,0,0,0,0,0,0,0,0,0,0,0,0,0,0,0,90,60,30,0,0,0,0,0,1025,1029,1026,1027,1028,0,0,0,0,0,0,0,0,0,0,0,0,0,0,0,0,0,0,0,0,0,0,0,0,0,0,0,0,0,0,0,0,0,0,0,0,0,0,0,0,0,0,0,0,0,0,0,0,0,0,0,0,0,0,0,0,0,0,0,0,0,0,0,0,0,0,0,0,0,0,0,0,0,0,0,0,0,0,0,0,0,0,0,0,0,0,0,0,0,0,0,0,0,0,0,0,0,0,0,1,2,3,0,0,0,0,0,"CompanyLeveSummon",2
196673,0,0,0,0,0,0,0,0,"BNpcBase#21","BNpcBase#1845","BNpcBase#1846","BNpcBase#1847","BNpcBase#0","BNpcBase#0","BNpcBase#0","BNpcBase#0",36,32,35,35,0,0,0,0,"dusty imp","wandering wisp","blood bateleur","dragonfly chaser","","","","","luminous crystal",,,,,,,,3,0,0,0,0,0,0,0,0,0,0,0,0,0,0,0,2,2,1,4,0,0,0,0,0,0,0,0,0,0,0,0,0,0,0,0,0,0,0,0,0,0,0,0,0,0,0,0,0,0,0,0,0,0,0,0,0,0,0,0,0,0,0,0,0,0,0,0,0,0,0,0,0,0,0,0,0,0,0,0,0,0,0,0,0,0,0,0,0,0,0,0,0,0,0,0,0,0,0,0,0,0,0,0,0,0,0,0,0,0,0,0,0,0,0,0,0,0,0,0,0,0,0,0,0,0,0,0,1,2,3,0,0,0,0,0,"CompanyLevePenetration",1
196674,0,0,0,0,0,0,0,0,"BNpcBase#2489","BNpcBase#719","BNpcBase#731","BNpcBase#720","BNpcBase#0","BNpcBase#0","BNpcBase#0","BNpcBase#0",35,25,28,28,0,0,0,0,"snowblown goobbue","mad karakul ram","white wolf","frostbitten goobbue","","","","",,,,,,,,,0,0,0,0,0,0,0,0,0,0,0,0,0,0,0,0,80,45,25,0,0,0,0,0,0,0,0,0,0,0,0,0,0,0,0,0,0,0,0,0,0,0,0,0,0,0,0,0,0,0,0,0,0,0,0,0,0,0,0,0,0,0,0,0,0,0,0,0,0,0,0,0,0,0,0,0,0,0,0,0,0,0,0,0,0,0,0,0,0,0,0,0,0,0,0,0,0,0,0,0,0,0,0,0,0,0,0,0,0,0,0,0,0,0,0,0,0,0,0,0,0,0,0,0,0,0,0,0,1,2,3,0,0,0,0,0,"CompanyLeveSummon",2
196675,0,0,0,0,0,0,0,0,"BNpcBase#44","BNpcBase#1845","BNpcBase#2490","BNpcBase#2491","BNpcBase#0","BNpcBase#0","BNpcBase#0","BNpcBase#0",36,33,35,35,0,0,0,0,"parasitic djigga","wandering wisp","stray karakul ewe","stray karakul ram","","","","","brightseed",,,,,,,,3,0,0,0,0,0,0,0,0,0,0,0,0,0,0,0,2,2,1,4,0,0,0,0,0,0,0,0,0,0,0,0,0,0,0,0,0,0,0,0,0,0,0,0,0,0,0,0,0,0,0,0,0,0,0,0,0,0,0,0,0,0,0,0,0,0,0,0,0,0,0,0,0,0,0,0,0,0,0,0,0,0,0,0,0,0,0,0,0,0,0,0,0,0,0,0,0,0,0,0,0,0,0,0,0,0,0,0,0,0,0,0,0,0,0,0,0,0,0,0,0,0,0,0,0,0,0,0,1,2,3,0,0,0,0,0,"CompanyLevePenetration",1
196676,0,0,0,0,0,0,0,0,"BNpcBase#725","BNpcBase#724","BNpcBase#726","BNpcBase#2497","BNpcBase#0","BNpcBase#0","BNpcBase#0","BNpcBase#0",32,32,32,35,0,0,0,0,"heretical harrier","ravaging harrier","witching harrier","red aevis","","","","",,,,,,,,,0,0,0,0,0,0,0,0,0,0,0,0,0,0,0,0,4406097,4406098,4406099,0,0,0,0,0,2241,0,0,0,0,0,0,0,0,0,0,0,0,0,0,0,0,0,0,0,0,0,0,0,0,0,0,0,0,0,0,0,0,0,0,0,0,0,0,0,1,0,1,0,0,0,0,0,0,1,0,0,0,0,0,0,0,1,1,0,0,0,0,0,0,0,0,1,0,0,0,0,0,0,0,0,0,0,0,0,0,0,0,0,0,0,0,0,0,0,0,0,0,0,0,0,0,0,0,0,0,0,0,0,1,2,3,4,0,0,0,0,"CompanyLeveProtection",1
196677,0,0,0,0,0,0,0,0,"BNpcBase#644","BNpcBase#403","BNpcBase#191","BNpcBase#143","BNpcBase#0","BNpcBase#0","BNpcBase#0","BNpcBase#0",40,40,40,40,0,0,0,0,"downcast hippocerf","blood bateleur","blizzard biast","snowshoe mouse","","","","",,,,,,,,,0,0,0,0,0,0,0,0,0,0,0,0,0,0,0,0,1,1,1,1,0,0,0,0,1,1,1,1,0,0,0,0,20,20,20,40,0,0,0,0,5,5,5,2,0,0,0,0,0,0,0,0,0,0,0,0,0,0,0,0,0,0,0,0,0,0,0,0,0,0,0,0,0,0,0,0,0,0,0,0,0,0,0,0,0,0,0,0,0,0,0,0,0,0,0,0,0,0,0,0,0,0,0,0,0,0,0,0,0,0,0,0,0,0,0,0,0,0,0,0,0,0,0,0,0,0,0,0,1,2,3,0,0,0,0,0,"CompanyLeveInterception",1
196678,0,0,0,0,0,0,0,0,"BNpcBase#2500","BNpcBase#388","BNpcBase#646","BNpcBase#650","BNpcBase#0","BNpcBase#0","BNpcBase#0","BNpcBase#0",40,30,33,35,0,0,0,0,"Bezul Huizan the Screamer","vodoriga snatcher","wrathful ogre","hollow gargoyle","","","","",,,,,,,,,0,0,0,0,0,0,0,0,0,0,0,0,0,0,0,0,80,45,25,0,0,0,0,0,1987,1991,1988,1989,1990,0,0,0,0,0,0,0,0,0,0,0,0,0,0,0,0,0,0,0,0,0,0,0,0,0,0,0,0,0,0,0,0,0,0,0,0,0,0,0,0,0,0,0,0,0,0,0,0,0,0,0,0,0,0,0,0,0,0,0,0,0,0,0,0,0,0,0,0,0,0,0,0,0,0,0,0,0,0,0,0,0,0,0,0,0,0,0,0,0,0,0,0,0,0,0,0,0,0,0,1,2,3,0,0,0,0,0,"CompanyLeveSummon",1
196679,0,0,0,0,0,0,0,0,"BNpcBase#387","BNpcBase#403","BNpcBase#143","BNpcBase#2497","BNpcBase#0","BNpcBase#0","BNpcBase#0","BNpcBase#0",37,37,37,40,0,0,0,0,"dragonfly chaser","blood bateleur","snowshoe mouse","red aevis","","","","",,,,,,,,,0,0,0,0,0,0,0,0,0,0,0,0,0,0,0,0,4406119,4406123,4406124,0,0,0,0,0,2242,0,0,0,0,0,0,0,0,0,0,0,0,0,0,0,0,0,0,0,0,0,0,0,0,0,0,0,0,0,0,0,0,0,0,0,0,0,0,0,1,0,1,0,0,0,0,0,0,1,0,0,0,0,0,0,1,1,0,0,0,0,0,0,0,0,0,1,0,0,0,0,0,0,0,0,0,0,0,0,0,0,0,0,0,0,0,0,0,0,0,0,0,0,0,0,0,0,0,0,0,0,0,0,1,2,3,4,0,0,0,0,"CompanyLeveProtection",1
196680,0,0,0,0,0,0,0,0,"BNpcBase#2492","BNpcBase#387","BNpcBase#191","BNpcBase#398","BNpcBase#0","BNpcBase#0","BNpcBase#0","BNpcBase#0",40,28,31,31,0,0,0,0,"frost aevis","dragonfly chaser","blizzard biast","red aevis","","","","",,,,,,,,,0,0,0,0,0,0,0,0,0,0,0,0,0,0,0,0,80,45,25,0,0,0,0,0,0,0,0,0,0,0,0,0,0,0,0,0,0,0,0,0,0,0,0,0,0,0,0,0,0,0,0,0,0,0,0,0,0,0,0,0,0,0,0,0,0,0,0,0,0,0,0,0,0,0,0,0,0,0,0,0,0,0,0,0,0,0,0,0,0,0,0,0,0,0,0,0,0,0,0,0,0,0,0,0,0,0,0,0,0,0,0,0,0,0,0,0,0,0,0,0,0,0,0,0,0,0,0,0,1,2,3,0,0,0,0,0,"CompanyLeveSummon",2
196681,0,0,0,0,0,0,0,0,"BNpcBase#55","BNpcBase#63","BNpcBase#64","BNpcBase#2498","BNpcBase#0","BNpcBase#0","BNpcBase#0","BNpcBase#0",42,42,42,45,0,0,0,0,"imperial hoplomachus","imperial secutor","imperial signifer","magitek packer","","","","",,,,,,,,,0,0,0,0,0,0,0,0,0,0,0,0,0,0,0,0,4406129,4406130,4406131,0,0,0,0,0,2243,0,0,0,0,0,0,0,0,0,0,0,0,0,0,0,0,0,0,0,0,0,0,0,0,0,0,0,0,0,0,0,0,0,0,0,0,0,0,0,1,1,0,0,0,0,0,0,0,1,0,0,0,0,0,0,1,0,1,0,0,0,0,0,0,0,0,1,0,0,0,0,0,0,0,0,0,0,0,0,0,0,0,0,0,0,0,0,0,0,0,0,0,0,0,0,0,0,0,0,0,0,0,0,1,2,3,4,0,0,0,0,"CompanyLeveProtection",1
196682,0,0,0,0,0,0,0,0,"BNpcBase#55","BNpcBase#62","BNpcBase#63","BNpcBase#64","BNpcBase#0","BNpcBase#0","BNpcBase#0","BNpcBase#0",44,44,44,44,0,0,0,0,"imperial hoplomachus","imperial eques","imperial secutor","imperial signifer","","","","",,,,,,,,,0,0,0,0,0,0,0,0,0,0,0,0,0,0,0,0,1,1,1,1,0,0,0,0,1,1,1,1,0,0,0,0,20,20,20,40,0,0,0,0,5,5,5,2,0,0,0,0,0,0,0,0,0,0,0,0,0,0,0,0,0,0,0,0,0,0,0,0,0,0,0,0,0,0,0,0,0,0,0,0,0,0,0,0,0,0,0,0,0,0,0,0,0,0,0,0,0,0,0,0,0,0,0,0,0,0,0,0,0,0,0,0,0,0,0,0,0,0,0,0,0,0,0,0,0,0,0,0,1,2,3,0,0,0,0,0,"CompanyLeveInterception",1
196683,0,0,0,0,0,0,0,0,"BNpcBase#645","BNpcBase#777","BNpcBase#647","BNpcBase#135","BNpcBase#0","BNpcBase#0","BNpcBase#0","BNpcBase#0",45,45,45,45,0,0,0,0,"hippogryph pup","Silvertear cobra","Foul River hapalit","lightning sprite","","","","",,,,,,,,,0,0,0,0,0,0,0,0,0,0,0,0,0,0,0,0,1,1,1,1,0,0,0,0,1,1,1,1,0,0,0,0,20,20,20,40,0,0,0,0,5,5,5,2,0,0,0,0,0,0,0,0,0,0,0,0,0,0,0,0,0,0,0,0,0,0,0,0,0,0,0,0,0,0,0,0,0,0,0,0,0,0,0,0,0,0,0,0,0,0,0,0,0,0,0,0,0,0,0,0,0,0,0,0,0,0,0,0,0,0,0,0,0,0,0,0,0,0,0,0,0,0,0,0,0,0,0,0,1,2,3,0,0,0,0,0,"CompanyLeveInterception",1
196684,0,0,0,0,0,0,0,0,"BNpcBase#647","BNpcBase#135","BNpcBase#645","BNpcBase#2499","BNpcBase#0","BNpcBase#0","BNpcBase#0","BNpcBase#0",42,42,42,45,0,0,0,0,"Foul River hapalit","lightning sprite","hippogryph pup","lake nix","","","","",,,,,,,,,0,0,0,0,0,0,0,0,0,0,0,0,0,0,0,0,4406140,4406141,4406142,0,0,0,0,0,2244,0,0,0,0,0,0,0,0,0,0,0,0,0,0,0,0,0,0,0,0,0,0,0,0,0,0,0,0,0,0,0,0,0,0,0,0,0,0,0,1,0,1,0,0,0,0,0,0,1,0,0,0,0,0,0,0,1,1,0,0,0,0,0,0,0,0,1,0,0,0,0,0,0,0,0,0,0,0,0,0,0,0,0,0,0,0,0,0,0,0,0,0,0,0,0,0,0,0,0,0,0,0,0,1,2,3,4,0,0,0,0,"CompanyLeveProtection",1
