﻿key,0,1,2,3,4,5,6,7,8
#,Type,ContentTalk[0],ContentTalk[1],ContentTalk[2],ContentTalk[3],ContentTalk[4],ContentTalk[5],ContentTalk[6],ContentTalk[7]
int32,int32,ContentTalk,ContentTalk,ContentTalk,ContentTalk,ContentTalk,ContentTalk,ContentTalk,ContentTalk
0,0,"","","","","","","",""
1,1,"テスト用トークテキスト1","テスト用トークテキスト2","","","","","",""
2,2,"テスト用トークテキスト3","テスト用トークテキスト4","","","","","",""
3,1,"テスト用トークテキスト5","テスト用トークテキスト1","","","","","",""
4,1,"Shkoh! Shkoh! Gobbieflock in danger! Uplanders take gatekey! Open Headgate!","","","","","","",""
5,1,"Twist gatekey! Open Headgate with much fastness!","","","","","","",""
6,1,"It begins! Gird your loins!","","","","","","",""
7,1,"Contests pitting man against cyclops have ever drawn large crowds...and spilled copious amounts of blood!","","","","","","",""
8,1,"Amazing! But few can claim to have bested Pyracmon!","","","","","","",""
9,1,"One look from the catoblepas can freeze a man's blood in his veins. Ware its accursed gaze!","","","","","","",""
10,1,"Wh-What's this? The catoblepas was as a docile lamb before you!","","","","","","",""
11,1,"You've surpassed all my expectations, but the final test is yet to come. Prepare to face the elite among elite!","","","","","","",""
12,1,"By the gods, that was a contest for the ages! 'Twas all I could do to refrain from joining the fray!","","","","","","",""
13,2,"Proceed to the second stage?","Your skills are beyond doubt, adventurers. Keep your wits about you, and you may yet go far. On to the next stage!","","","","","",""
14,2,"Proceed to the third stage?","That was a most impressive showing. The third and final stage awaits you!","","","","","",""
15,1,"I welcome you to Neverreap, brave netherling. Take thunder eggs in hand. Place thunder eggs on an altar of the clouds, and winds will swirl and carry you deeper into Neverreap. But be warned, for there great dangers await.","","","","","","",""
16,2,"Begin the training exercise?","Prepared to start then, are ye?","","","","","",""
17,2,"Begin the training exercise?","You are prepared to commence training, then?","","","","","",""
18,2,"Begin the training exercise?","Your preparations are complete, then?","","","","","",""
19,2,"Exit the training exercise?","Oi! We're in the middle o' trainin'!
...Had enough already, have ye?","","","","","",""
20,2,"Exit the training exercise?","The exercise is not yet done!
...But mayhap you are done with the exercise?","","","","","",""
21,2,"Exit the training exercise?","I cannot help you during the exercise!
Unless you simply wish to quit...?","","","","","",""
22,1,"Outstandin'! Learnin' to avoid the obvious attacks is a skill all adventurers need!","Those who insist on standin' still won't long survive the profession!","And speakin' o' survival, perfectin' each o' me lessons will earn ye a piece o' armor to help ye in yer chosen role. Ye can also repeat this same lesson with the other masters, an' be rewarded with equipment what works best for students o' their combat style.","Here's yer bonus for completin' the exercise! Remember this trainin' on the field o' battle!","","","",""
23,1,"Nicely done! Learning to avoid the obvious attacks is a skill all adventurers need!","Those who insist on standing still won't long survive the profession!","And speaking of survival, perfecting each of my lessons will earn you a piece of armor to aid you in your chosen role. Should you feel so inclined, repeat this same lesson with the other masters that they might reward you with equipment tailored towards their fields of expertise.","Here is your prize for completing the exercise. But remember: the real prize is the lesson you've learned!","","","",""
24,1,"Good show! Learning to avoid the obvious attacks is a skill all adventurers need!","Those who insist on standing still won't long survive the profession!","And speaking of survival, perfecting each of my lessons will earn you a piece of equipment to aid you in your chosen role. Should you decide you'd like to have a more versatile wardrobe, simply repeat this same lesson with the other masters to receive armor suited to their specialities.","That's all for now! I hope this lesson will serve you well in your adventures!","","","",""
25,1,"Use that combination in battle, an' ye'll build all the enmity ye need.","When faced with a single foe, it's the simple methods that're often the most effective!","Here's yer bonus for completin' the exercise! Remember this trainin' on the field o' battle!","","","","",""
26,1,"As ye've seen, combinations're a fine way o' buildin' enmity.","When a party is relyin' on ye to take the hits, ye need a reliable method for grabbin' the enemy's attention!","Here's yer bonus for completin' the exercise! Remember this trainin' on the field o' battle!","","","","",""
27,1,"When facin' multiple foes, it's all about positionin'!","Here's yer bonus for completin' the exercise! Remember this trainin' on the field o' battle!","","","","","",""
28,1,"Do ye see how fightin' a group calls for a different technique?","If ye want to be at yer most effective, ye need to switch yer tactics to meet the situation!","Here's yer bonus for completin' the exercise! Remember this trainin' on the field o' battle!","","","","",""
29,1,"Ye see how easy it was to split up that big, nasty mob?","The situation don't always allow it, but often there's a better strategy than “charge!”","Here's yer bonus for completin' the exercise! Remember this trainin' on the field o' battle!","","","","",""
30,1,"Roundin' up reinforcements ain't so hard, eh?","Here's yer bonus for completin' the exercise! Remember this trainin' on the field o' battle!","","","","","",""
31,1,"Did you mark the sturdiness of your ally taking the enemy's hits?","Coordinating efforts with a heavily armored defender will allow you to fight to your fullest!","Here is your prize for completing the exercise. But remember: the real prize is the lesson you've learned!","","","","",""
32,1,"Coordination is the key to conquering foes swiftly and safely!","Work well with your allies, and the efficacy of your armor need not be tested!","Here is your prize for completing the exercise. But remember: the real prize is the lesson you've learned!","","","","",""
33,1,"Neatly done! Breaking off attacks to save your skin is always the wisest course!","Though it may sometimes be a frustrating dance, it is better to dodge than be sprawled in the dust!","Here is your prize for completing the exercise. But remember: the real prize is the lesson you've learned!","","","","",""
34,1,"A fine performance! A party is doomed without a source of restoration.","When reinforcements threaten your healer, it is time to spring into action!","Here is your prize for completing the exercise. But remember: the real prize is the lesson you've learned!","","","","",""
35,1,"It is imperative to recognize when a battle has turned against you.","Act quickly to neutralize an enemy's advantage, or be prepared to suffer through a difficult fight!","Here is your prize for completing the exercise. But remember: the real prize is the lesson you've learned!","","","","",""
36,1,"Well done! A focused healer is a boon to any party!","Even when it's safe to attack, always keep one eye on your allies' health!","That's all for now! I hope this lesson will serve you well in your adventures!","","","","",""
37,1,"Spreading one's heals amongst many can be a trying task.","To succeed in your role, however, you must learn to quickly assess who is most in need of mending!","That's all for now! I hope this lesson will serve you well in your adventures!","","","","",""
38,1,"Nice footwork! Be wary of those foes cunning enough to target the source of healing!","That's all for now! I hope this lesson will serve you well in your adventures!","","","","","",""
39,1,"Congratulations on completin' me course, <If(PlayerParameter(4))>lass<Else/>lad</If>! Here's a little somethin' to mark the occasion!","","","","","","",""
40,1,"You've proven yourself a novice no longer! Pray accept this prize to commemorate your achievement!","","","","","","",""
41,1,"I knew you were ready for the challenge! Here. I bestow this gift upon all who complete my training course!","","","","","","",""
42,1,"As House Haillenarte's lead pilot, I've been entrusted with overseeing operations across the Diadem─guiding your explorations and arranging rewards and such. Suffice it to say, you'll be hearing from me rather a lot!","","","","","","",""
43,3,"Let's see what you have, shall we?","","","","","","",""
44,1,"Aye, that's everything we need for the now. House Haillenarte thanks you!","","","","","","",""
45,1,"Your explorations provide us with invaluable insight into the Diadem's unique wildlife and resources. Once we've learned how to best harness the isles' riches, our investment will surely be repaid many times over!","","","","","","",""
46,1,"Here's the elixir our alchemists have concocted. Time to see how well it works.","","","","","","",""
47,4,"This all seems so absurd. Recalling the citadel shouldn't be so difficult.","What will you say?","Try recalling the cityscape.","Do you remember where the imperial troops were heading?","","","",""
48,1,"I remember the blue of the cobblestone streets... If not for the occasional military installation, it would've looked like any other city.","","","","","","",""
49,1,"Not specifically, no... But they were on edge. Something to do with the Academy's research.","","","","","","",""
50,1,"Wait, I remember!","","","","","","",""
51,1,"Sorry, <Split(<Highlight>ObjectParameter(1)</Highlight>, ,1)/>. Try as I might, my mind is drawing a blank. Maybe there's something around here that might jog my memory.","","","","","","",""
52,1,"Weapons and magitek armor? Right. The fighting had already started, and I was...I was...","","","","","","",""
53,3,"Sorry, <Split(<Highlight>ObjectParameter(1)</Highlight>, ,1)/>. Try as I might, my mind is drawing a blank. Maybe there's something around here that might jog my memory.","","","","","","",""
54,1,"I remember the blue of the cobblestone streets... If not for the occasional military installation, it would've looked like any other city.","Wait, I remember!","","","","","",""
55,1,"Not specifically, no... But they were on edge. Something to do with the Academy's research.","Wait, I remember!","","","","","",""
56,2,"Abandon current duty?","Access granted.
Terminate simulation?","","","","","",""
57,4,"All too easy, I see, but at least you now understand the rules. Thus will we make our way to the Capitol.","What will you say?","Are you trying to unnerve me?","That was in poor taste even for you.","","","",""
58,1,"Come now, I made it plain that they were monsters.","Be that as it may, even a monster could be someone's beloved. That is what I wished to impress upon you.","","","","","",""
59,1,"That appearances should unsettle you so... I was under the impression you simply destroyed all who barred your way.","Sparing nary a thought to the possibility that your foe could be someone's beloved.","","","","","",""
60,4,"It seems it will take more than those monsters to leave an impression upon you. Or mayhap you simply fail to understand my meaning. Not that it matters. No, I have dealt with countless heroes, and always it ends the same way. No amount of reasoning will bridge our differences─will result in happiness for all. Whatever your reasons may be, I cannot be bound by them. I can but put faith in my own beliefs, and fight for them with all my being.","What will you say?","You're wrong. We can always strive for understanding─for compromise.","It seems there's nothing for it but for us to fight.","","","",""
61,1,"Hmph, how very naive. If you are willing to compromise on your beliefs, you all but admit that they are flawed.","And I assure you I have no intention of compromising on mine. Come what may, I will fulfill my mission as Elidibus.","","","","","",""
62,1,"For a certainty. I am Elidibus, and come what may, I will fulfill my mission.","To that end do I take your measure. And eventually I will eliminate you. Your hopes and dreams are inconsequential.","","","","","",""
63,4,"How are you enjoying the walk down memory lane? I daresay there will have been a few individuals for whom you harbor deep feelings. Whose passing caused you keenest grief.

That is what our people are to us. An irreplaceable existence that can ill be lost. I must─I <Emphasis>will</Emphasis> save them. For they are my... My...","Elidibus appears distracted...","Draw your weapon.","Wait for him to continue.","","","",""
64,1,"...Hmph! I think not, hero. Not yet. You must content yourself with the company of monsters a while longer.","","","","","","",""
65,1,"...Never mind. We are not here to talk. Let us return to the task at hand.","","","","","","",""
66,1,"Hm, my creation appears to have lost its form... It is no easy thing to see through the eyes of a beast such as him.","In any event, there is only so much to be learned by taking your measure this way. Let us try something different.","","","","","",""
67,4,"The tempered imperial has breathed his last...","What will you do?","Inspect the fallen imperial.","Pay your respects.","","","",""
68,4,"The tempered imperial has breathed his last...","What will you do?","Inspect the fallen imperial.","Pay your respects.","","","",""
69,1,"The unfortunate soldier was carrying a medical kit.","You may use medical kits to restore depleted HP. While you can only carry a limited number, more can be found by inspecting fallen soldiers or wrecked magitek.","","","","","",""
70,1,"You find nothing useful.","You may use medical kits to restore depleted HP. While you can only carry a limited number, more can be found by inspecting fallen soldiers or wrecked magitek.","","","","","",""
71,1,"You offer a silent prayer for the deceased.","Were you in possession of your own body, you may have had the capacity to subdue rather than slay this tempered soldier.","In this battle, you are unable to use the full extent of your powers. To reach Camp Broken Glass quickly, you should avoid combat whenever possible.","If you are discovered, your foes will give chase. The magitek units are especially powerful, and your chances of defeating them in your current state are slim at best.","","","",""
72,1,"You've not been turned? Thank goodness... I thought I was the only one left.","Ungh...the bastards got my hand when they took down my magitek reaper. If you can repair its leg, though, it should still work. Here, take this key. ","If it's run out of ceruleum, you might be able to find more in the wreckage.","","","","",""
73,1,"As for me, I've got no choice but to wait for help to arrive. If you find any of my comrades...let them know where I am, would you?","","","","","","",""
74,1,"Let's get on with the hunt, eh? We'll need to draw out the chimera with myrmidon meat.","Now to accustom yourself to the reaper's tools. Harvest the souls of the fallen to call forth your avatar.","Reapers can summon their avatar by filling their Soul Gauge.","The Soul Gauge will fill when performing combos starting with Slice or when using skills such as Soul Slice.","The best reapers fight in tandem with their avatars. Let's see how you do.","","",""
75,1,"The best reapers fight in tandem with their avatars. Let's see how you do.","Reapers can summon their avatar by filling their Soul Gauge.","The Soul Gauge will fill when performing combos starting with Slice or when using skills such as Soul Slice.","","","","",""
76,1,"You've not been turned? Thank goodness... I thought I was the only one left.","Ungh...the bastards got my hand when they took down my magitek reaper. If you can repair its leg, though, it should still work. Here, take this key. ","If I had the use of my hand, I might've stood a chance out there. Please, send help if you can!","","","","",""
77,4,"Assuming there is nothing else you wish to confirm, we may commence the mission as soon as you are ready.","What will you do?","Go over the finer details of the plan.","Learn about mission-exclusive actions.","<UIForeground>F20224</UIForeground>Commence mission.<UIForeground>01</UIForeground>","Nothing.","",""
78,2,"Are you ready?","","","","","","",""
79,4,"I repent, I repent! Spare me and you shall have safe passage!","What will you say?","Very well─we have a deal.","Give me a moment to think...","","","",""
80,1,"Oh, thank goodness you've come. I take it you're the one who answered our petition.","Wait, aren't you...? You are! <Split(<Highlight>ObjectParameter(1)</Highlight>, ,1)/>, the adventurer who saved our star! Would that our meeting was under better circumstances.","I was conducting a routine inspection of the transporter here when I suddenly found myself surrounded.","You'll find more of the same across the chasm─once-docile animals grown strangely aggressive. My colleagues there can tell you more.","If you'll give me just a moment, I can finish checking our equipment.","","",""
81,1,"The adventurer come to answer my petition, I presume? We're most fortunate to have one of your considerable skill here to aid us.","A creature of unknown origins has been sighted on the island in recent days, and we believe its presence has affected the local fauna.","The animals beyond this gate are the worst affected we've encountered thus far, though we dare not go back.","Your task is to quell any threats you find, and search for traces of the beast responsible for all this. ","If you should find anything─anything at all─we would be most grateful if you would share it with us.","","",""
82,4,"Something's in the water, I can sense it!","What will you say?","We should press on.","Fish to your heart's content.","","","",""
83,2,"Hand over bait?","","","","","","",""
84,4,"I know all of this island's secretest secrets.","What will you say?","Well go on, don't keep them to yourself.","I'm not interested in your “secrets.”","","","",""
85,4,"You can trust me, I swear it!","What will you say?","I suppose I could use your help.","I don't know if I can...","","","",""
86,4,"I'm the friendliest face you'll see on this island!","What will you say?","All right, I give up. Please help.","You just have a...wicked air about you.","","","",""
87,1,"If you've come to answer the petition, you should speak with my colleague here.","","","","","","",""
88,1,"Once you cross the chasm, my colleagues shouldn't be far.","","","","","","",""
89,1,"Please be careful. The animals will set upon you with nary a second thought.","","","","","","",""
90,1,"Good luck in there.","","","","","","",""
91,1,"Let's start with the basics. There are two stances, Dual Fang and Viper.","Dual Fang means wielding your two blades separately. Start by using either Steel Fangs or Dread Fangs, then press the attack.","To finish the sequence, switch back to Viper and hit 'em with Death Rattle!","After using the Dual Fang weaponskills Steel Fangs or Dread Fangs, their icons will automatically change to the next action in the combo.","By performing a second, then a third attack in the combo, you will gain access to the Viper stance action, Death Rattle.","If you have Serpent's Tail assigned to your hotbar, the icon will automatically change to Death Rattle when it becomes available.","",""
92,1,"Time to practice your Dual Fang techniques.","Start with an opener, follow up with a second, then pick one of the four finishers─Flanksting Strike, Flanksbane Fang, Hindsting Strike, or Hindsbane Fang.","As you can tell by the names, each finisher works best from a certain position. But don't worry about that for now, just give 'em all a try!","The four combo enders are Flanksting Strike, Flanksbane Fang, Hindsting Strike, and Hindsbane Fang.","Using a combo ender applies a bonus effect to the others.","Then, using a second attack with a highlighted icon will give access to one of the enhanced combo enders. Now, try performing each of the four combo enders.","",""
93,1,"All right, now for Viper stance, where you combine your two blades into one to deliver powerful strikes─perfect for tough opponents!","Open with Dreadwinder, then transition with either Twinfang Bite or Twinblood Bite from Dual Fang stance.","The Viper stance weaponskill Dreadwinder can be followed by Hunter's Coil or Swiftskin's Coil.","Either of these secondary attacks allows the use of the Dual Fang stance weaponskills Twinfang Bite and Twinblood Bite.","","","",""
94,1,"That Pom Motif was lovely, kupo! But we're not done with it just yet.","Focus your magicks on that striking dummy and summon your Pom Muse!","","","","","",""
95,1,"The infestation is worse than I expected... We should clear these ones out first.","Let's make a lesson of it, kupo! By casting spells of different hues, your palette will begin storing aether.","With a sufficiently saturated palette, you may avail yourself of the Subtractive Palette's increased might!","The Palette Gauge will fill when performing single-target combos starting with Fire in Red.","Area of effect combos starting with Fire II in Red will also fill the Palette Gauge.","When the Palette Gauge reaches 50, you will be able to use Subtractive Palette.","While Subtractive Palette is active, you will be able to cast stronger aetherhue spells.",""
96,1,"Start with Steel Fangs or Dread Fangs, then follow up with a second and third attack.","Finish your combination by dropping back into Viper stance and hitting 'em with Death Rattle!","After using the Dual Fang weaponskills Steel Fangs or Dread Fangs, their icons will automatically change to the next action in the combo.","By performing a second, then a third attack in the combo, you will gain access to the Viper stance action, Death Rattle.","If you have Serpent's Tail assigned to your hotbar, the icon will automatically change to Death Rattle when it becomes available.","","",""
97,1,"Execute an opener, then a second attack, then one of the four finishers─Flanksting Strike, Flanksbane Fang, Hindsting Strike, or Hindsbane Fang.","Now, show me you can use all four!","The four combo enders are Flanksting Strike, Flanksbane Fang, Hindsting Strike, and Hindsbane Fang.","Using a combo ender applies a bonus effect to the others.","Then, using a second attack with a highlighted icon will give access to one of the enhanced combo enders. Now, try performing each of the four combo enders.","","",""
98,1,"Viper stance is perfect for tougher prey. Combine your two swords to deal powerful strikes!","After Dreadwinder, end your sequence with either Twinfang Bite or Twinblood Bite.","The Viper stance weaponskill Dreadwinder can be followed by Hunter's Coil or Swiftskin's Coil.","Either of these secondary attacks allows the use of the Dual Fang stance weaponskills Twinfang Bite and Twinblood Bite.","","","",""
99,1,"That rain of poms was glorious, kupo!","I'm sure you're eager to paint more of them, but let's see your rendition of a Wing Motif first!","","","","","",""
100,1,"Taking a moment to admire your Wing Motif? I don't blame you, kupo. With it, the Winged Muse is at your beck and call. Give it a try!","","","","","","",""
101,1,"Combining muses may seem a daunting prospect at first, so take all the time you need to properly picture those poms and wings. Imagine what they could do together!","Their powers combined will help you bring forth your very own Mog of the Ages!","When you're ready, focus your thoughts on the striking dummy, and Mog will do the rest!","","","","",""
102,1,"What an awful racket, kupo!","","","","","","",""
103,2,"Are you ready to proceed?","","","","","","",""
104,1,"I'm sure the monsters below will be no match for you, kupo.","But if you're still a bit nervous about practicing pictomancy, I'd be glad to review the fundamentals with you!","You'll want to start by painting a motif on canvas, kupo. Once that motif is complete, you may bring it to life as your muse!","Try painting that Pom Motif I mentioned, kupo. I'm sure you'll do just fine!","","","",""
105,4,"I-I have no souls left... If I get killed again, I...I...","What will you say?","Take deep breaths.","Are you hurt?","","","",""
106,1,"Haaah... Haaah... I'm still alive... I'm still alive...","","","","","","",""
107,1,"I-It's nothing serious. I fell down, that's all. I'll be fine.","","","","","","",""
108,1,"Whew... I feel a little calmer now. Thank you...","We managed to get to safety, but so many didn't... Please be careful.","","","","","",""
109,4,"Oh, thank you for coming to save us! It's such a relief to see Her Majesty is unharmed...","What will you say?","Are you hurt?","We've cleared the way.","","","",""
110,1,"It's only a graze. You needn't worry about me─just help those who are still out there.","","","","","","",""
111,1,"We're in your debt! We'll try to get to safety before more of them come.","","","","","","",""
112,1,"I don't understand what's happening or why... But it gives me courage to know you're here.","","","","","","",""
113,4,"All my souls, gone in a blink... This is a nightmare...","What will you say?","Take deep breaths.","","","","",""
114,4,"All my souls, gone in a blink... This is a nightmare...","What will you say?","Are you hurt?","","","","",""
115,4,"We'll get through this! We will!","What will you say?","Are you hurt?","","","","",""
116,4,"We'll get through this! We will!","What will you say?","We've cleared the way.","","","","",""
