﻿key,0,1,2,3,4,5
#,Param,,TestAction,,,
int32,bit&01,byte,ActionTimeline,sbyte,sbyte,byte
0,False,0,"",0,0,0
1,False,0,"event_base/event_base_stand_talk",0,0,3
2,False,0,"event_base/event_base_speech",0,0,4
3,False,0,"event_base/event_base_teach",0,0,5
4,False,2,"",0,0,1
5,False,2,"",0,0,6
6,False,0,"",0,0,7
7,False,0,"",0,0,1
8,False,2,"event_base/event_base_stand_talk",0,0,1
9,False,1,"event_base/event_base_ground_damage",0,0,1
10,False,1,"event_base/event_base_stand_damage",0,0,1
