﻿key,0,1,2,3,4,5,6,7,8,9,10,11,12,13,14,15,16,17,18,19,20,21,22,23,24,25,26,27,28,29,30,31,32,33,34,35,36,37,38,39,40,41,42,43,44,45
#,Name,Category,,Description,DutyType,,,,IsInDutyFinder,OpenRule,,RequiredLevel,,ItemLevel{Required},,Icon,ContentRouletteRoleBonus,Reward{TomeA},Reward{TomeB},Reward{TomeC},,,SortKey,,ContentMemberType,,,,,,,,,,RequireAllDuties,,ContentRouletteOpenRule,InstanceContent,,,,,,,,
int32,str,str,str,str,str,byte,uint32,bit&01,bit&02,ContentRouletteOpenRule,bit&04,byte,byte,uint16,bit&08,Image,ContentRouletteRoleBonus,byte,uint16,uint16,uint16,uint32,uint16,uint32,ContentMemberType,byte,byte,byte,byte,sbyte,bit&10,byte,byte,byte,byte,bit&20,bit&40,InstanceContent,bit&01,byte,uint16,bit&02,byte,bit&04,bit&08,byte
0,"","","","","",0,0,False,False,"ContentRouletteOpenRule#1",False,0,0,0,False,,"ContentRouletteRoleBonus#0",0,0,0,0,0,0,0,"ContentMemberType#0",108,0,0,0,-1,False,0,0,0,0,True,True,"InstanceContent#0",False,0,0,False,0,False,True,0
1,"Duty Roulette: Leveling","Leveling","","A dungeon or trial will be selected at random from among those you have unlocked. Successful completion will earn you far greater rewards.

※Bonus EXP and gil will be awarded to compensate for the discrepancy between character and duty levels. A further percentage will then be added based on character level.
※The amount of bonus company seals awarded is determined by class/job level.
※The standard reward for this duty roulette category and all related bonuses are available once per day. The “adventurer in need” reward is always available.
※Joining this duty as a party meeting minimum size requirements will nullify any “adventurer in need” bonus.
","Duty Type: Light Party Dungeons & Trials",0,0,False,True,"ContentRouletteOpenRule#1",False,16,16,0,False,,,1,0,100,0,0,0,0,"ContentMemberType#4",142,2,0,0,0,True,1,0,90,0,True,True,"InstanceContent#0",False,2,0,False,0,False,True,0
2,"Duty Roulette: High-level Dungeons","High-level Dungeons","","A level 50/60/70/80/90 dungeon will be selected at random from among those you have unlocked. Successful completion will earn you far greater rewards.

※Bonus gil and EXP will be awarded to compensate for the discrepancy between character and duty levels. A further percentage will then be added based on character level.
※The standard reward for this duty roulette category and all related bonuses are available once per day.
※Joining this duty as a party meeting minimum size requirements will nullify any “adventurer in need” bonus.
","Duty Type: Level 50/60/70/80/90 Light Party Dungeons",0,0,False,True,"ContentRouletteOpenRule#1",False,50,50,45,False,,,2,100,120,0,0,0,0,"ContentMemberType#3",142,2,0,0,1,True,1,0,90,0,True,True,"InstanceContent#0",False,2,0,False,0,False,True,0
3,"Duty Roulette: Main Scenario","Main Scenario","","A main scenario duty will be selected at random from among those you have unlocked. Successful completion will earn you far greater rewards.

※Cutscenes cannot be skipped.
※Bonus gil and EXP will be awarded to compensate for the discrepancy between character and duty levels. A further percentage will then be added based on character level.
※The standard reward for this duty roulette category and all related bonuses are available once per day.
※Joining this duty as a party meeting minimum size requirements will nullify any “adventurer in need” bonus.
","Duty Type: Full Party Dungeons",0,0,False,True,"ContentRouletteOpenRule#1",False,50,50,42,False,,,3,350,100,0,0,0,0,"ContentMemberType#6",142,2,0,0,2,True,1,0,60,120,True,True,"InstanceContent#0",False,2,0,False,0,False,True,0
4,"Duty Roulette: Guildhests","Guildhests","","A guildhest will be selected at random from among those you have unlocked. Successful completion will earn you far greater rewards.

※Bonus EXP and gil will be awarded to compensate for the discrepancy between character and duty levels. A further percentage will then be added based on character level.
※The amount of bonus company seals awarded is determined by class/job level.
※The standard reward for this duty roulette category and all related bonuses are available once per day.
※Joining this duty as a party meeting minimum size requirements will nullify any “adventurer in need” bonus.
※Only light party guildhests will be selected when joining this duty as a group of four. There are no role restrictions when in a light party.
","Duty Type: Guildhests",0,0,False,True,"ContentRouletteOpenRule#1",False,10,10,0,False,,,4,0,0,0,0,0,0,"ContentMemberType#7",142,3,0,0,3,True,1,0,30,0,True,True,"InstanceContent#0",False,2,0,False,0,False,True,0
5,"Duty Roulette: Expert","Expert","","An expert dungeon will be selected at random from among those you have unlocked. Successful completion will earn you far greater rewards.

※Bonus gil will be awarded to compensate for the discrepancy between character and duty levels. A further percentage will then be added based on character level.
※The standard reward for this duty roulette category and all related bonuses are available once per day.
※Joining this duty as a party meeting minimum size requirements will nullify any “adventurer in need” bonus.
","Duty Type: Light Party Expert Dungeons",5,0,False,True,"ContentRouletteOpenRule#2",False,100,100,670,False,,,5,0,80,0,0,0,0,"ContentMemberType#1",142,2,0,0,4,True,1,0,90,0,True,True,"InstanceContent#0",False,2,0,False,0,False,True,0
6,"Duty Roulette: Trials","Trials","","A trial will be selected at random from among those you have unlocked. Successful completion will earn you far greater rewards.

※The standard reward for this duty roulette category and all related bonuses are available once per day.
※Joining this duty as a party meeting minimum size requirements will nullify any “adventurer in need” bonus.
","Duty Type: Trials",0,0,False,True,"ContentRouletteOpenRule#1",False,50,50,90,False,,,6,0,60,0,0,0,0,"ContentMemberType#5",142,3,0,0,5,True,1,0,60,0,True,True,"InstanceContent#0",False,2,0,False,0,False,True,0
7,"Daily Challenge: Frontline","Frontline","","The current daily Frontline battle (indicated under <UIForeground>F201F4</UIForeground><UIGlow>F201F5</UIGlow>Information<UIGlow>01</UIGlow><UIForeground>01</UIForeground>) will be joined. Successful completion will earn you far greater rewards.

※The daily challenge reward bonus is available once per day.","Duty Type: Onsal Hakair (Danshig Naadam)",0,0,False,True,"ContentRouletteOpenRule#3",True,30,30,0,False,,,0,0,50,0,1000,1000,1500,"ContentMemberType#15",146,24,0,0,6,True,1,28,20,0,True,True,"InstanceContent#0",False,0,0,False,0,False,True,0
8,"Duty Roulette: Level Cap Dungeons","Level Cap Dungeons","","A level 100 dungeon will be selected at random from among those you have unlocked. Successful completion will earn you far greater rewards.

※Bonus gil will be awarded to compensate for the discrepancy between character and duty levels. A further percentage will then be added based on character level.
※The standard reward for this duty roulette category and all related bonuses are available once per day.
※Joining this duty as a party meeting minimum size requirements will nullify any “adventurer in need” bonus.
","Duty Type: Level 100 Light Party Dungeons",4,0,False,True,"ContentRouletteOpenRule#2",False,90,90,590,False,,,7,0,100,0,0,0,0,"ContentMemberType#2",142,2,0,0,7,True,1,0,90,0,True,True,"InstanceContent#0",False,2,0,False,0,False,True,0
9,"Duty Roulette: Mentor","Mentor","","A mentor-oriented duty will be selected at random from among those you have unlocked. Successful completion will earn you far greater rewards.

※Only available if you have achieved battle mentor status.
※Bonus gil will be awarded to compensate for the discrepancy between character and duty levels. A further percentage will then be added based on character level.
※The standard reward for this duty roulette category and all related bonuses are available once per day. The “adventurer in need” reward is always available.
","Duty Type: Mentor-oriented Duties",5,0,False,True,"ContentRouletteOpenRule#2",False,100,100,670,False,,,8,0,30,0,0,0,0,"ContentMemberType#10",142,1,0,0,8,True,1,0,30,120,True,True,"InstanceContent#0",False,2,0,False,0,False,True,0
10,"","","","","",0,0,False,False,"ContentRouletteOpenRule#0",False,0,0,0,False,,"ContentRouletteRoleBonus#0",0,0,0,0,0,0,0,"ContentMemberType#0",0,0,0,0,0,False,0,0,0,0,False,False,"InstanceContent#0",False,0,0,False,0,False,False,0
11,"","","","","",0,0,False,False,"ContentRouletteOpenRule#0",False,0,0,0,False,,"ContentRouletteRoleBonus#0",0,0,0,0,0,0,0,"ContentMemberType#0",0,0,0,0,0,False,0,0,0,0,False,False,"InstanceContent#0",False,0,0,False,0,False,False,0
12,"","","","","",0,0,False,False,"ContentRouletteOpenRule#0",False,0,0,0,False,,"ContentRouletteRoleBonus#0",0,0,0,0,0,0,0,"ContentMemberType#0",0,0,0,0,0,False,0,0,0,0,False,False,"InstanceContent#0",False,0,0,False,0,False,False,0
13,"","","","","",0,0,False,False,"ContentRouletteOpenRule#0",False,0,0,0,False,,"ContentRouletteRoleBonus#0",0,0,0,0,0,0,0,"ContentMemberType#0",0,0,0,0,0,False,0,0,0,0,False,False,"InstanceContent#0",False,0,0,False,0,False,False,0
14,"","","","","",0,0,False,False,"ContentRouletteOpenRule#0",False,0,0,0,False,,"ContentRouletteRoleBonus#0",0,0,0,0,0,0,0,"ContentMemberType#0",0,0,0,0,0,False,0,0,0,0,False,False,"InstanceContent#0",False,0,0,False,0,False,False,0
15,"Duty Roulette: Alliance Raids","Alliance Raids","","A 24-member alliance raid will be selected at random from among those you have unlocked. Successful completion will earn you far greater rewards.

※Bonus EXP and gil will be awarded to compensate for the discrepancy between character and duty levels. A further percentage will then be added based on character level.
※The standard reward for this duty roulette category and all related bonuses are available once per day.","Duty Type: Alliance Raids",0,0,False,True,"ContentRouletteOpenRule#1",False,50,50,70,True,,,9,120,120,0,0,0,0,"ContentMemberType#8",142,5,0,0,9,True,1,0,120,0,True,True,"InstanceContent#0",False,2,0,False,0,False,True,0
16,"","","","","",0,0,False,False,"ContentRouletteOpenRule#0",False,0,0,0,False,,"ContentRouletteRoleBonus#0",0,0,0,0,0,0,0,"ContentMemberType#0",0,0,0,0,0,False,0,0,0,0,False,False,"InstanceContent#0",False,0,0,False,0,False,False,0
17,"Duty Roulette: Normal Raids","Normal Raids","","An 8-man raid will be selected at random from among those you have unlocked. Successful completion will earn you far greater rewards.

※Bonus EXP and gil will be awarded to compensate for the discrepancy between character and duty levels. A further percentage will then be added based on character level.
※The standard reward for this duty roulette category and all related bonuses are available once per day. The “adventurer in need” reward is always available.","Duty Type: Normal Raids",1,0,False,True,"ContentRouletteOpenRule#1",False,60,60,170,False,,,10,80,60,0,0,0,0,"ContentMemberType#9",142,3,0,0,10,True,1,0,90,0,True,True,"InstanceContent#0",False,2,0,False,0,False,True,0
18,"Chocobo Race: Sagolii Road","Sagolii Road","","Dedicated men and women working in harmony with their feathered companions, thundering towards the finish line for fame and fortune─that, my friend, is chocobo racing!

※Race class will be determined by current chocobo rating.
※When participating as a party, race class will be determined by the lowest-rated chocobo.
※Chocobo attributes will be synced to the lowest-rated chocobo.
※Party chat is available between race participants.","",0,0,True,True,"ContentRouletteOpenRule#4",False,1,0,0,False,,,0,0,0,0,0,0,0,"ContentMemberType#32",109,23,3,8,-1,True,19,26,10,0,True,False,"InstanceContent#0",False,0,0,False,0,False,True,0
19,"Chocobo Race: Costa del Sol","Costa del Sol","","Dedicated men and women working in harmony with their feathered companions, thundering towards the finish line for fame and fortune─that, my friend, is chocobo racing!

※Race class will be determined by current chocobo rating.
※When participating as a party, race class will be determined by the lowest-rated chocobo.
※Chocobo attributes will be synced to the lowest-rated chocobo.
※Party chat is available between race participants.","",0,0,True,True,"ContentRouletteOpenRule#4",False,1,0,0,False,,,0,0,0,0,0,0,0,,109,23,3,8,-1,True,19,26,10,0,True,False,"InstanceContent#0",False,0,0,False,0,False,True,0
20,"Chocobo Race: Tranquil Paths","Tranquil Paths","","Dedicated men and women working in harmony with their feathered companions, thundering towards the finish line for fame and fortune─that, my friend, is chocobo racing!

※Race class will be determined by current chocobo rating.
※When participating as a party, race class will be determined by the lowest-rated chocobo.
※Chocobo attributes will be synced to the lowest-rated chocobo.
※Party chat is available between race participants.","",0,0,True,True,"ContentRouletteOpenRule#4",False,1,0,0,False,,,0,0,0,0,0,0,0,,109,23,3,8,-1,True,19,26,10,0,True,False,"InstanceContent#0",False,0,0,False,0,False,True,0
21,"Chocobo Race: Random","Random","","Dedicated men and women working in harmony with their feathered companions, thundering towards the finish line for fame and fortune─that, my friend, is chocobo racing!

※A course will be selected at random from those available.
※Race class will be determined by current chocobo rating.
※When participating as a party, race class will be determined by the lowest-rated chocobo.
※Chocobo attributes will be synced to the lowest-rated chocobo.
※Party chat is available between race participants.","",0,0,True,True,"ContentRouletteOpenRule#4",False,1,0,0,False,,,0,0,0,0,0,0,0,"ContentMemberType#31",109,23,3,8,-1,True,19,26,10,0,True,False,"InstanceContent#0",False,0,0,False,0,False,True,0
22,"Chocobo Race: Sagolii Road (No Rewards)","Sagolii Road (No Rewards)","","Dedicated men and women working in harmony with their feathered companions, thundering towards the finish line for fame and fortune─that, my friend, is chocobo racing!

※Race will only feature current party members.
※When participating as a party, race class will be determined by the lowest-rated chocobo.
※Chocobo attributes will be synced to the lowest-rated chocobo.
※No experience or prizes will be rewarded.
※Party chat is available between race participants.","",0,0,True,True,"ContentRouletteOpenRule#4",False,1,0,0,False,,,0,0,0,0,0,0,0,,109,23,3,8,-1,True,19,27,10,0,True,False,"InstanceContent#0",False,0,0,False,0,False,True,0
23,"Chocobo Race: Costa del Sol (No Rewards)","Costa del Sol (No Rewards)","","Dedicated men and women working in harmony with their feathered companions, thundering towards the finish line for fame and fortune─that, my friend, is chocobo racing!

※Race will only feature current party members.
※When participating as a party, race class will be determined by the lowest-rated chocobo.
※Chocobo attributes will be synced to the lowest-rated chocobo.
※No experience or prizes will be rewarded.
※Party chat is available between race participants.","",0,0,True,True,"ContentRouletteOpenRule#4",False,1,0,0,False,,,0,0,0,0,0,0,0,,109,23,3,8,-1,True,19,27,10,0,True,False,"InstanceContent#0",False,0,0,False,0,False,True,0
24,"Chocobo Race: Tranquil Paths (No Rewards)","Tranquil Paths (No Rewards)","","Dedicated men and women working in harmony with their feathered companions, thundering towards the finish line for fame and fortune─that, my friend, is chocobo racing!

※Race will only feature current party members.
※When participating as a party, race class will be determined by the lowest-rated chocobo.
※Chocobo attributes will be synced to the lowest-rated chocobo.
※No experience or prizes will be rewarded.
※Party chat is available between race participants.","",0,0,True,True,"ContentRouletteOpenRule#4",False,1,0,0,False,,,0,0,0,0,0,0,0,,109,23,3,8,-1,True,19,27,10,0,True,False,"InstanceContent#0",False,0,0,False,0,False,True,0
25,"Chocobo Race: Random (No Rewards)","Random (No Rewards)","","Dedicated men and women working in harmony with their feathered companions, thundering towards the finish line for fame and fortune─that, my friend, is chocobo racing!

※A course will be selected at random from those available.
※Race will only feature current party members.
※When participating as a party, race class will be determined by the lowest-rated chocobo.
※Chocobo attributes will be synced to the lowest-rated chocobo.
※Party chat is available between race participants.
※No experience or prizes will be rewarded.","",0,0,True,True,"ContentRouletteOpenRule#4",False,1,0,0,False,,,0,0,0,0,0,0,0,,109,23,3,8,-1,True,19,27,10,0,True,False,"InstanceContent#0",False,0,0,False,0,False,True,0
26,"Chocobo Race: Random","Random","","","",0,0,True,False,"ContentRouletteOpenRule#4",False,1,0,0,False,,,0,0,0,0,0,0,0,,109,23,3,8,-1,False,19,0,10,0,True,False,"InstanceContent#0",False,0,0,False,0,False,True,0
27,"Chocobo Race: Random","Random","","","",0,0,True,False,"ContentRouletteOpenRule#4",False,1,0,0,False,,,0,0,0,0,0,0,0,,109,23,3,8,-1,False,19,0,10,0,True,False,"InstanceContent#0",False,0,0,False,0,False,True,0
28,"Chocobo Race: Random","Random","","","",0,0,True,False,"ContentRouletteOpenRule#4",False,1,0,0,False,,,0,0,0,0,0,0,0,,109,23,3,8,-1,False,19,0,10,0,True,False,"InstanceContent#0",False,0,0,False,0,False,True,0
29,"Chocobo Race: Random","Random","","","",0,0,True,False,"ContentRouletteOpenRule#4",False,1,0,0,False,,,0,0,0,0,0,0,0,,109,23,3,8,-1,False,19,0,10,0,True,False,"InstanceContent#0",False,0,0,False,0,False,True,0
30,"Chocobo Race: Random","Random","","","",0,0,True,False,"ContentRouletteOpenRule#4",False,1,0,0,False,,,0,0,0,0,0,0,0,,109,23,3,8,-1,False,19,0,10,0,True,False,"InstanceContent#0",False,0,0,False,0,False,True,0
31,"Chocobo Race: Random","Random","","","",0,0,True,False,"ContentRouletteOpenRule#4",False,1,0,0,False,,,0,0,0,0,0,0,0,,109,23,3,8,-1,False,19,0,10,0,True,False,"InstanceContent#0",False,0,0,False,0,False,True,0
32,"Chocobo Race: Random","Random","","","",0,0,True,False,"ContentRouletteOpenRule#4",False,1,0,0,False,,,0,0,0,0,0,0,0,,109,23,3,8,-1,False,19,0,10,0,True,False,"InstanceContent#0",False,0,0,False,0,False,True,0
33,"Chocobo Race: Random","Random","","","",0,0,True,False,"ContentRouletteOpenRule#4",False,1,0,0,False,,,0,0,0,0,0,0,0,,109,23,3,8,-1,False,19,0,10,0,True,False,"InstanceContent#0",False,0,0,False,0,False,True,0
34,"Chocobo Race: Random","Random","","","",0,0,True,False,"ContentRouletteOpenRule#4",False,1,0,0,False,,,0,0,0,0,0,0,0,,109,23,3,8,-1,False,19,0,10,0,True,False,"InstanceContent#0",False,0,0,False,0,False,True,0
35,"Chocobo Race: Random","Random","","","",0,0,True,False,"ContentRouletteOpenRule#4",False,1,0,0,False,,,0,0,0,0,0,0,0,,109,23,3,8,-1,False,19,0,10,0,True,False,"InstanceContent#0",False,0,0,False,0,False,True,0
36,"Chocobo Race: Random","Random","","","",0,0,True,False,"ContentRouletteOpenRule#4",False,1,0,0,False,,,0,0,0,0,0,0,0,,109,23,3,8,-1,False,19,0,10,0,True,False,"InstanceContent#0",False,0,0,False,0,False,True,0
37,"Chocobo Race: Random","Random","","","",0,0,True,False,"ContentRouletteOpenRule#4",False,1,0,0,False,,,0,0,0,0,0,0,0,,109,23,3,8,-1,False,19,0,10,0,True,False,"InstanceContent#0",False,0,0,False,0,False,True,0
38,"Chocobo Race: Random","Random","","","",0,0,True,False,"ContentRouletteOpenRule#4",False,1,0,0,False,,,0,0,0,0,0,0,0,,109,23,3,8,-1,False,19,0,10,0,True,False,"InstanceContent#0",False,0,0,False,0,False,True,0
39,"","","","","",0,0,False,False,"ContentRouletteOpenRule#0",False,0,0,0,False,,"ContentRouletteRoleBonus#0",0,0,0,0,0,0,0,"ContentMemberType#0",0,0,0,0,0,False,0,0,0,0,False,False,"InstanceContent#0",False,0,0,False,0,False,False,0
40,"Crystalline Conflict (Casual Match)","Casual Match","","A dazzling array of arenas await at the Grand Companies' glamour-woven tactical training grounds. Designed with adventurers in mind, these strategic confrontations of but few competitors make for a thrilling challenge for newcome pups and Wolves' Den regulars alike.

At the end of the crystal line, who will stand victorious? Will it be you?","",0,0,False,True,"ContentRouletteOpenRule#3",True,30,30,0,False,,,0,0,0,0,0,0,0,,146,29,3,1,-1,True,6,43,5,0,False,False,"InstanceContent#0",False,0,40027,False,0,False,True,0
41,"Crystalline Conflict (Ranked Match)","Ranked Match","","A dazzling array of arenas await at the Grand Companies' glamour-woven tactical training grounds. Designed with adventurers in mind, these strategic confrontations of but few competitors make for a thrilling challenge for newcome pups and Wolves' Den regulars alike.

At the end of the crystal line, who will stand victorious? Will it be you?

※Match results will affect Rising Stars and Crystal Credit.
※Players with comparable PvP tiers and risers will be matched with one another.
※Parties will be sorted by role, tier, riser, and credit to ensure relatively equal averages.","",0,0,False,True,"ContentRouletteOpenRule#3",True,30,30,0,False,,,0,0,0,0,0,0,0,,146,29,3,1,-1,True,6,43,5,0,False,False,"InstanceContent#0",False,0,40030,False,0,False,False,1
