﻿key,0,1
#,ContentTalkParam,Text
int32,ContentTalkParam,str
0,"ContentTalkParam#4",""
1,"ContentTalkParam#1","テスト用トークテキスト1"
2,"ContentTalkParam#2","テスト用トークテキスト2"
3,"ContentTalkParam#3","テスト用トークテキスト3"
4,"ContentTalkParam#1","テスト用トークテキスト4"
5,"ContentTalkParam#2","テスト用トークテキスト5"
20,"ContentTalkParam#4","Well met! I've been dispatched by the Adventurers' Guild to recruit volunteers for special small-scale operations known as guildhests. You look to be of sound mind and body. Might you consider joining?"
21,"ContentTalkParam#4","Wait... Might this be your first time participating in a guildhest? I remember my first hest. It was the night of my twentieth nameday. My fellow guildmates invited me to join them in the slaying of a family of peistes who were stealing chocobo eggs from Bentbranch Meadows."
22,"ContentTalkParam#4","The moment we arrived, one of the terrible beasts immediately turned to me and charged. The thing was thrice my size and had already maimed several chocobokeeps."
23,"ContentTalkParam#4","There was no way I could win, so I simply froze and waited for the end. But that's when I remembered that I was not alone. My friends rallied around me, and together we defeated the peistes! That, my friend, is what a guildhest is truly about."
24,"ContentTalkParam#4","Well met! I've been dispatched by the Adventurers' Guild to recruit volunteers for special small-scale operations known as guildhests."
25,"ContentTalkParam#4","These operations will pit those volunteers against deadly foes, and the odds won't always be in their favor. This is why we require all participants to be of sound mind and body─something that you do not yet appear to be."
26,"ContentTalkParam#4","Time is of the essence. If you have something to ask, make it quick."
27,"ContentTalkParam#4","The operation was a success! Here's your reward, and don't let anyone tell you that you didn't earn it."
28,"ContentTalkParam#4","The operation was a success! Here's your payment, and for your efforts, I've thrown in a little extra, so that you may consider returning to aid us once again."
29,"ContentTalkParam#4","Well, well. It looks like you have a full bag."
30,"ContentTalkParam#4","Can't you see I'm busy attending to your allies? I don't have time to chat."
31,"ContentTalkParam#4","Fall in and make ready!"
40,"ContentTalkParam#4","Greetings, adventurer. I am a battlewarden dispatched by the Adventurers' Guild and tasked with recruiting volunteers to participate in operations known by the quaint moniker, “guildhest.”"
41,"ContentTalkParam#4","As this appears to be your first time joining us, allow me a moment to explain in detail just what exactly a guildhest entails."
42,"ContentTalkParam#4","More than a simple levequest, but not quite as realm-shaking as a Grand Company outing, guildhests will test your ability to work together with a small party of battle companions to overcome not-so-small obstacles."
43,"ContentTalkParam#4","The duty is taxing, but the coin is decent, and you will be helping maintain the safety of Eorzea and the well-being of her citizens. So, what say you?"
44,"ContentTalkParam#4","Greetings, adventurer. I am a battlewarden dispatched by the Adventurers' Guild and tasked with recruiting volunteers to participate in operations known by the quaint moniker, “guildhest.”"
45,"ContentTalkParam#4","I can tell by your garb and gait that the tasks I offer are far beyond a <If(PlayerParameter(4))>woman<Else/>man</If> of your means. Might I suggest you return once you have honed your skills in the martial or magical arts?"
46,"ContentTalkParam#4","Quickly, adventurer. Every moment spent chatting with me is a moment squandered."
47,"ContentTalkParam#4","Excellent work! Ah, but I suppose you will be wanting your reward now. Very good, then. You have more than earned it."
48,"ContentTalkParam#4","A solid performance. You seem to know your way around the battlefield. Here is to hoping that I may work with you again at a later time."
49,"ContentTalkParam#4","Your bag appears to be quite full. You should consider hiring a retainer."
50,"ContentTalkParam#4","I am attending to your allies at the moment. I will see to you when I have finished."
51,"ContentTalkParam#4","At ease, adventurer. All your allies have yet to arrive."
60,"ContentTalkParam#4","Battlewarden Tiroro Tiro, at your service...or should I say, you'll be at <Emphasis>my</Emphasis> service if you agree to join one of our guildhests."
61,"ContentTalkParam#4","What's a guildhest? Why, it's a be<Emphasis>hest</Emphasis> issued by the Adventurers' <Emphasis>Guild</Emphasis>, savvy? When a certain task brought to the attention of the guild is a little too grand for a leve, but not grand enough for Grand Company involvement, they're deemed guildhests and sent to yours truly."
62,"ContentTalkParam#4","But don't let the lack of grandeur fool you. The tasks are anythin' but simple. Most take place in tight quarters, and <Emphasis>all</Emphasis> require precision teamwork 'twixt you and your battlemates."
63,"ContentTalkParam#4","And so what do you get in return for placing your neck on the loppin' block? Besides a beamin' grin from Battlewarden Tiroro Tiro? Fame, fortune, the usual."
64,"ContentTalkParam#4","Battlewarden Tiroro Tiro, at your service...or should I say, you'll be at <Emphasis>my</Emphasis> service if you agree to join one of our guildhests."
65,"ContentTalkParam#4","But now that I take a closer look at you, I don't reckon you'll be at <Emphasis>anyone's</Emphasis> service till you've bloodied your hands a bit more."
66,"ContentTalkParam#4","I can't think of a single reason why you should be over <Emphasis>here</Emphasis> when the things what need guttin' sit over <Emphasis>there</Emphasis>. Unless that is, you're fixin' to bolt."
67,"ContentTalkParam#4","Bloody hells, that was brilliant! I never tire of watchin' me a good broil, especially when it's down and dirty. Here's your coin, just as promised."
68,"ContentTalkParam#4","Hah hah hah! A fine display for a first-timer. Here's your well-earned coin. I've tossed in a little somethin' extra to sweeten the deal, so's that you might consider comin' back."
69,"ContentTalkParam#4","I cannot well fit your reward into that pack. She's burstin' at the seams!"
70,"ContentTalkParam#4","Wait the queue with the rest o' your battlemates, <If(PlayerParameter(4))>lass<Else/>lad</If>. There's only one of me, despite the demand."
71,"ContentTalkParam#4","The operation will begin when your party is complete."
80,"ContentTalkParam#4","Shkoh! Shkoh! Gobbieflock in danger! Uplanders take gatekey! Open Headgate!"
81,"ContentTalkParam#4","Twist gatekey! Open Headgate with much fastness!"
82,"ContentTalkParam#0",""
100,"ContentTalkParam#4","My name is Sidonia. I am a battlewarden with the Adventurers' Guild tasked with the distribution and evaluation of guildhests originating here in Coerthas."
101,"ContentTalkParam#4","As it is your first time to participate in a guildhest, allow me a moment to explain the particulars."
102,"ContentTalkParam#4","I suppose you are wondering what exactly a guildhest is. The answer to that is simple. A guildhest is a task assigned to small parties of able adventurers, usually to rid the realm of some imminent threat."
103,"ContentTalkParam#4","The tasks, however, are anything but simple. They will require not only battle prowess, but the ability to work with others, conceive and execute complex strategies, and finally adapt those strategies when conditions change...and they always do."
104,"ContentTalkParam#4","My name is Sidonia. I am a battlewarden with the Adventurers' Guild tasked with the distribution and evaluation of guildhests originating here in Coerthas."
105,"ContentTalkParam#4","It is clear that you have journeyed far to come here, and for that I commend you. However, the Adventurers' Guild is in need of someone with experience...something it is also clear you lack."
106,"ContentTalkParam#4","Why is it you stand here speaking with me while the enemy beyond lurks still?"
107,"ContentTalkParam#4","I conclude that hest objectives have been completed to the satisfaction of the guild, and therefore hereby present you with your reward."
108,"ContentTalkParam#4","Your performance is deserving of a reward beyond that which was promised in the original accord."
109,"ContentTalkParam#4","You carry quite the burden with you, adventurer. I do not believe the reward I have prepared will fit in that bag of yours."
110,"ContentTalkParam#4","Might I ask you to wait until I have finished serving your companions?"
111,"ContentTalkParam#4","Patience, adventurer. There will be time for killing soon enough."
120,"ContentTalkParam#4","Archimbalt Two Trees, battlewarden with the Adventurers' Guild, at your service, <If(PlayerParameter(4))>good lady<Else/>good sir</If>."
121,"ContentTalkParam#4","I, myself, was once an adventurer, just as you. The Age of Calm had given rise to the guilds, and there was much work to be had. Work like these guildhests, though they were simply called behests back then."
122,"ContentTalkParam#4","Now, here I am. Twenty and five summers since I first picked up a blade, guiding a new generation into the jaws of battle."
123,"ContentTalkParam#4","If it is blood and glory you seek; if it is fighting shoulder to shoulder with trusted companions to overcome impossible odds that gives your life meaning; and if you wish to do all this and line your pockets with gil while you're at it, then you need look no further!"
124,"ContentTalkParam#4","Archimbalt Two Trees, battlewarden with the Adventurers' Guild, at your service, <If(PlayerParameter(4))>good lady<Else/>good sir</If>."
125,"ContentTalkParam#4","I have seen my share of battles in the twenty and five summers since I took up a sword and slew my first wharf rat. That is why I can tell if a <If(PlayerParameter(4))>woman<Else/>man</If> is ready for the trials that lie before <If(PlayerParameter(4))>her<Else/>him</If>. You, I can tell, would not stand a chance against the tasks I offer."
126,"ContentTalkParam#4","There will be time for reliving past battles after the battles have passed. The outcome of this one is still to be decided... That is, unless..."
127,"ContentTalkParam#4","I could not have done better myself! I know... I tried and was knocked cold for three nights."
128,"ContentTalkParam#4","There is more to you and your companions than meets the eye. I sense great things from you, and I would know, a veteran of some twenty and five summers."
129,"ContentTalkParam#4","Ah, a bag bursting with the spoils of war. When I was an adventurer, I, too, would constantly find myself pressed into the difficult decision of what to discard so that I might claim my reward."
130,"ContentTalkParam#4","Eager to collect your reward and move on to the next battle? I understand. That fire once burned hot in me, as well. But for the meantime, I must ask you to wait your turn."
131,"ContentTalkParam#4","The thrill of battle have you <If(PlayerParameter(4))>in its grasp<Else/>by the stones</If>, has it? Aye, but in times as this, all one can do is relax and ready oneself for the coming rush. Your companions will arrive when they arrive."
132,"ContentTalkParam#4","Your skills are beyond doubt, adventurers. Keep your wits about you, and you may yet go far. On to the next stage!"
133,"ContentTalkParam#4","That was a most impressive showing. The third and final stage awaits you!"
134,"ContentTalkParam#4","It begins! Gird your loins!"
135,"ContentTalkParam#4","Contests pitting man against cyclops have ever drawn large crowds...and spilled copious amounts of blood!"
136,"ContentTalkParam#4","Amazing! But few can claim to have bested Pyracmon!"
137,"ContentTalkParam#4","One look from the catoblepas can freeze a man's blood in his veins. Ware its accursed gaze!"
138,"ContentTalkParam#4","Wh-What's this? The catoblepas was as a docile lamb before you!"
139,"ContentTalkParam#4","You've surpassed all my expectations, but the final test is yet to come. Prepare to face the elite among elite!"
140,"ContentTalkParam#4","By the gods, that was a contest for the ages! 'Twas all I could do to refrain from joining the fray!"
141,"ContentTalkParam#4","Proceed to the second stage?"
142,"ContentTalkParam#4","Proceed to the third stage?"
143,"ContentTalkParam#4","I welcome you to Neverreap, brave netherling. Take thunder eggs in hand. Place thunder eggs on an altar of the clouds, and winds will swirl and carry you deeper into Neverreap. But be warned, for there great dangers await."
144,"ContentTalkParam#4","Prepared to start then, are ye?"
145,"ContentTalkParam#4","Here's yer bonus for completin' the exercise! Remember this trainin' on the field o' battle!"
146,"ContentTalkParam#4","You are prepared to commence training, then?"
147,"ContentTalkParam#4","Your preparations are complete, then?"
148,"ContentTalkParam#4","Oi! We're in the middle o' trainin'!
...Had enough already, have ye?"
149,"ContentTalkParam#4","The exercise is not yet done!
...But mayhap you are done with the exercise?"
150,"ContentTalkParam#4","I cannot help you during the exercise!
Unless you simply wish to quit...?"
151,"ContentTalkParam#4","Here is your prize for completing the exercise. But remember: the real prize is the lesson you've learned!"
152,"ContentTalkParam#4","That's all for now! I hope this lesson will serve you well in your adventures!"
153,"ContentTalkParam#4","Begin the training exercise?"
154,"ContentTalkParam#4","Exit the training exercise?"
155,"ContentTalkParam#4","Congratulations on completin' me course, <If(PlayerParameter(4))>lass<Else/>lad</If>! Here's a little somethin' to mark the occasion!"
156,"ContentTalkParam#4","You've proven yourself a novice no longer! Pray accept this prize to commemorate your achievement!"
157,"ContentTalkParam#4","I knew you were ready for the challenge! Here. I bestow this gift upon all who complete my training course!"
158,"ContentTalkParam#4","Outstandin'! Learnin' to avoid the obvious attacks is a skill all adventurers need!"
159,"ContentTalkParam#4","Those who insist on standin' still won't long survive the profession!"
160,"ContentTalkParam#4","Nicely done! Learning to avoid the obvious attacks is a skill all adventurers need!"
161,"ContentTalkParam#4","Those who insist on standing still won't long survive the profession!"
162,"ContentTalkParam#4","Good show! Learning to avoid the obvious attacks is a skill all adventurers need!"
163,"ContentTalkParam#4","Those who insist on standing still won't long survive the profession!"
164,"ContentTalkParam#4","Use that combination in battle, an' ye'll build all the enmity ye need."
165,"ContentTalkParam#4","When faced with a single foe, it's the simple methods that're often the most effective!"
166,"ContentTalkParam#4","As ye've seen, combinations're a fine way o' buildin' enmity."
167,"ContentTalkParam#4","When a party is relyin' on ye to take the hits, ye need a reliable method for grabbin' the enemy's attention!"
168,"ContentTalkParam#4","When facin' multiple foes, it's all about positionin'!"
169,"ContentTalkParam#4","Do ye see how fightin' a group calls for a different technique?"
170,"ContentTalkParam#4","If ye want to be at yer most effective, ye need to switch yer tactics to meet the situation!"
171,"ContentTalkParam#4","Ye see how easy it was to split up that big, nasty mob?"
172,"ContentTalkParam#4","The situation don't always allow it, but often there's a better strategy than “charge!”"
173,"ContentTalkParam#4","Roundin' up reinforcements ain't so hard, eh?"
174,"ContentTalkParam#4","Did you mark the sturdiness of your ally taking the enemy's hits?"
175,"ContentTalkParam#4","Coordinating efforts with a heavily armored defender will allow you to fight to your fullest!"
176,"ContentTalkParam#4","Coordination is the key to conquering foes swiftly and safely!"
177,"ContentTalkParam#4","Work well with your allies, and the efficacy of your armor need not be tested!"
178,"ContentTalkParam#4","Neatly done! Breaking off attacks to save your skin is always the wisest course!"
179,"ContentTalkParam#4","Though it may sometimes be a frustrating dance, it is better to dodge than be sprawled in the dust!"
180,"ContentTalkParam#4","A fine performance! A party is doomed without a source of restoration."
181,"ContentTalkParam#4","When reinforcements threaten your healer, it is time to spring into action!"
182,"ContentTalkParam#4","It is imperative to recognize when a battle has turned against you."
183,"ContentTalkParam#4","Act quickly to neutralize an enemy's advantage, or be prepared to suffer through a difficult fight!"
184,"ContentTalkParam#4","Well done! A focused healer is a boon to any party!"
185,"ContentTalkParam#4","Even when it's safe to attack, always keep one eye on your allies' health!"
186,"ContentTalkParam#4","Spreading one's heals amongst many can be a trying task."
187,"ContentTalkParam#4","To succeed in your role, however, you must learn to quickly assess who is most in need of mending!"
188,"ContentTalkParam#4","Nice footwork! Be wary of those foes cunning enough to target the source of healing!"
189,"ContentTalkParam#4","And speakin' o' survival, perfectin' each o' me lessons will earn ye a piece o' armor to help ye in yer chosen role. Ye can also repeat this same lesson with the other masters, an' be rewarded with equipment what works best for students o' their combat style."
190,"ContentTalkParam#4","And speaking of survival, perfecting each of my lessons will earn you a piece of armor to aid you in your chosen role. Should you feel so inclined, repeat this same lesson with the other masters that they might reward you with equipment tailored towards their fields of expertise."
191,"ContentTalkParam#4","And speaking of survival, perfecting each of my lessons will earn you a piece of equipment to aid you in your chosen role. Should you decide you'd like to have a more versatile wardrobe, simply repeat this same lesson with the other masters to receive armor suited to their specialities."
192,"ContentTalkParam#4","As House Haillenarte's lead pilot, I've been entrusted with overseeing operations across the Diadem─guiding your explorations and arranging rewards and such. Suffice it to say, you'll be hearing from me rather a lot!"
193,"ContentTalkParam#4","Let's see what you have, shall we?"
194,"ContentTalkParam#4","Aye, that's everything we need for the now. House Haillenarte thanks you!"
195,"ContentTalkParam#4","Your explorations provide us with invaluable insight into the Diadem's unique wildlife and resources. Once we've learned how to best harness the isles' riches, our investment will surely be repaid many times over!"
196,"ContentTalkParam#4","Here's the elixir our alchemists have concocted. Time to see how well it works."
197,"ContentTalkParam#5","This all seems so absurd. Recalling the citadel shouldn't be so difficult."
198,"ContentTalkParam#4","What will you say?"
199,"ContentTalkParam#4","Try recalling the cityscape."
200,"ContentTalkParam#4","Do you remember where the imperial troops were heading?"
201,"ContentTalkParam#5","I remember the blue of the cobblestone streets... If not for the occasional military installation, it would've looked like any other city."
202,"ContentTalkParam#5","Not specifically, no... But they were on edge. Something to do with the Academy's research."
203,"ContentTalkParam#5","Wait, I remember!"
204,"ContentTalkParam#5","Sorry, <Split(<Highlight>ObjectParameter(1)</Highlight>, ,1)/>. Try as I might, my mind is drawing a blank. Maybe there's something around here that might jog my memory."
205,"ContentTalkParam#5","Weapons and magitek armor? Right. The fighting had already started, and I was...I was..."
206,"ContentTalkParam#4","Access granted.
Terminate simulation?"
207,"ContentTalkParam#4","Abandon current duty?"
208,"ContentTalkParam#4","All too easy, I see, but at least you now understand the rules. Thus will we make our way to the Capitol."
209,"ContentTalkParam#4","What will you say?"
210,"ContentTalkParam#4","Are you trying to unnerve me?"
211,"ContentTalkParam#4","That was in poor taste even for you."
212,"ContentTalkParam#4","Come now, I made it plain that they were monsters."
213,"ContentTalkParam#4","That appearances should unsettle you so... I was under the impression you simply destroyed all who barred your way."
214,"ContentTalkParam#4","It seems it will take more than those monsters to leave an impression upon you. Or mayhap you simply fail to understand my meaning. Not that it matters. No, I have dealt with countless heroes, and always it ends the same way. No amount of reasoning will bridge our differences─will result in happiness for all. Whatever your reasons may be, I cannot be bound by them. I can but put faith in my own beliefs, and fight for them with all my being."
215,"ContentTalkParam#4","You're wrong. We can always strive for understanding─for compromise."
216,"ContentTalkParam#4","It seems there's nothing for it but for us to fight."
217,"ContentTalkParam#4","Hmph, how very naive. If you are willing to compromise on your beliefs, you all but admit that they are flawed."
218,"ContentTalkParam#4","For a certainty. I am Elidibus, and come what may, I will fulfill my mission."
219,"ContentTalkParam#4","No text."
220,"ContentTalkParam#4","How are you enjoying the walk down memory lane? I daresay there will have been a few individuals for whom you harbor deep feelings. Whose passing caused you keenest grief.

That is what our people are to us. An irreplaceable existence that can ill be lost. I must─I <Emphasis>will</Emphasis> save them. For they are my... My..."
221,"ContentTalkParam#4","Draw your weapon."
222,"ContentTalkParam#4","Wait for him to continue."
223,"ContentTalkParam#4","...Hmph! I think not, hero. Not yet. You must content yourself with the company of monsters a while longer."
224,"ContentTalkParam#4","...Never mind. We are not here to talk. Let us return to the task at hand."
225,"ContentTalkParam#4","...Never mind. We are not here to talk. Let us return to the task at hand."
226,"ContentTalkParam#4","Hm, my creation appears to have lost its form... It is no easy thing to see through the eyes of a beast such as him."
227,"ContentTalkParam#4","No text."
228,"ContentTalkParam#4","No text."
229,"ContentTalkParam#4","No text."
230,"ContentTalkParam#4","No text."
231,"ContentTalkParam#4","In any event, there is only so much to be learned by taking your measure this way. Let us try something different."
232,"ContentTalkParam#4","No text."
233,"ContentTalkParam#4","Be that as it may, even a monster could be someone's beloved. That is what I wished to impress upon you."
234,"ContentTalkParam#4","Sparing nary a thought to the possibility that your foe could be someone's beloved."
235,"ContentTalkParam#4","No text."
236,"ContentTalkParam#4","No text."
237,"ContentTalkParam#4","And I assure you I have no intention of compromising on mine. Come what may, I will fulfill my mission as Elidibus."
238,"ContentTalkParam#4","To that end do I take your measure. And eventually I will eliminate you. Your hopes and dreams are inconsequential."
239,"ContentTalkParam#4","That is what our people are to us. An irreplaceable existence that can ill be lost. I must─I <Emphasis>will</Emphasis> save them."
240,"ContentTalkParam#4","For they are my... My..."
241,"ContentTalkParam#4","Elidibus appears distracted..."
242,"ContentTalkParam#7","You've not been turned? Thank goodness... I thought I was the only one left."
243,"ContentTalkParam#7","Ungh...the bastards got my hand when they took down my magitek reaper. If you can repair its leg, though, it should still work. Here, take this key. "
244,"ContentTalkParam#7","As for me, I've got no choice but to wait for help to arrive. If you find any of my comrades...let them know where I am, would you?"
245,"ContentTalkParam#7","If it's run out of ceruleum, you might be able to find more in the wreckage."
246,"ContentTalkParam#6","The tempered imperial has breathed his last..."
247,"ContentTalkParam#6","Inspect the fallen imperial."
248,"ContentTalkParam#6","Pay your respects."
249,"ContentTalkParam#6","The unfortunate soldier was carrying a medical kit."
250,"ContentTalkParam#6","You offer a silent prayer for the deceased."
251,"ContentTalkParam#6","In this battle, you are unable to use the full extent of your powers. To reach Camp Broken Glass quickly, you should avoid combat whenever possible."
252,"ContentTalkParam#6","If you are discovered, your foes will give chase. The magitek units are especially powerful, and your chances of defeating them in your current state are slim at best."
253,"ContentTalkParam#6","You may use medical kits to restore depleted HP. While you can only carry a limited number, more can be found by inspecting fallen soldiers or wrecked magitek."
254,"ContentTalkParam#6","What will you do?"
255,"ContentTalkParam#6","You find nothing useful."
256,"ContentTalkParam#6","Were you in possession of your own body, you may have had the capacity to subdue rather than slay this tempered soldier."
257,"ContentTalkParam#4","Let's get on with the hunt, eh? We'll need to draw out the chimera with myrmidon meat."
258,"ContentTalkParam#7","Now to accustom yourself to the reaper's tools. Harvest the souls of the fallen to call forth your avatar."
259,"ContentTalkParam#6","Reapers can summon their avatar by filling their Soul Gauge."
260,"ContentTalkParam#6","The Soul Gauge will fill when performing combos starting with Slice or when using skills such as Soul Slice."
261,"ContentTalkParam#4","The best reapers fight in tandem with their avatars. Let's see how you do."
262,"ContentTalkParam#7","If I had the use of my hand, I might've stood a chance out there. Please, send help if you can!"
263,"ContentTalkParam#4","Assuming there is nothing else you wish to confirm, we may commence the mission as soon as you are ready."
264,"ContentTalkParam#4","What will you do?"
265,"ContentTalkParam#4","Go over the finer details of the plan."
266,"ContentTalkParam#4","Learn about mission-exclusive actions."
267,"ContentTalkParam#4","<UIForeground>F20224</UIForeground>Commence mission.<UIForeground>01</UIForeground>"
268,"ContentTalkParam#4","Are you ready?"
269,"ContentTalkParam#4","Nothing."
270,"ContentTalkParam#7","I repent, I repent! Spare me and you shall have safe passage!"
271,"ContentTalkParam#4","What will you say?"
272,"ContentTalkParam#4","Very well─we have a deal."
273,"ContentTalkParam#4","Give me a moment to think..."
274,"ContentTalkParam#4","What will you say?"
275,"ContentTalkParam#4","We should press on."
276,"ContentTalkParam#4","Fish to your heart's content."
277,"ContentTalkParam#4","What will you say?"
278,"ContentTalkParam#4","Well go on, don't keep them to yourself."
279,"ContentTalkParam#4","I'm not interested in your “secrets.”"
280,"ContentTalkParam#4","I suppose I could use your help."
281,"ContentTalkParam#4","I don't know if I can..."
282,"ContentTalkParam#4","All right, I give up. Please help."
283,"ContentTalkParam#4","You just have a...wicked air about you."
284,"ContentTalkParam#8","Oh, thank goodness you've come. I take it you're the one who answered our petition."
285,"ContentTalkParam#8","Wait, aren't you...? You are! <Split(<Highlight>ObjectParameter(1)</Highlight>, ,1)/>, the adventurer who saved our star! Would that our meeting was under better circumstances."
286,"ContentTalkParam#8","I was conducting a routine inspection of the transporter here when I suddenly found myself surrounded."
287,"ContentTalkParam#8","You'll find more of the same across the chasm─once-docile animals grown strangely aggressive. My colleagues there can tell you more."
288,"ContentTalkParam#8","If you'll give me just a moment, I can finish checking our equipment."
289,"ContentTalkParam#8","The adventurer come to answer my petition, I presume? We're most fortunate to have one of your considerable skill here to aid us."
290,"ContentTalkParam#8","A creature of unknown origins has been sighted on the island in recent days, and we believe its presence has affected the local fauna."
291,"ContentTalkParam#8","The animals beyond this gate are the worst affected we've encountered thus far, though we dare not go back."
292,"ContentTalkParam#8","Your task is to quell any threats you find, and search for traces of the beast responsible for all this. "
293,"ContentTalkParam#8","If you should find anything─anything at all─we would be most grateful if you would share it with us."
294,"ContentTalkParam#7","Something's in the water, I can sense it!"
295,"ContentTalkParam#7","Hand over bait?"
296,"ContentTalkParam#7","I know all of this island's secretest secrets."
297,"ContentTalkParam#7","You can trust me, I swear it!"
298,"ContentTalkParam#7","I'm the friendliest face you'll see on this island!"
299,"ContentTalkParam#4","Once you cross the chasm, my colleagues shouldn't be far."
300,"ContentTalkParam#4","Please be careful. The animals will set upon you with nary a second thought."
301,"ContentTalkParam#4","If you've come to answer the petition, you should speak with my colleague here."
302,"ContentTalkParam#4","Good luck in there."
303,"ContentTalkParam#4","Let's start with the basics. There are two stances, Dual Fang and Viper."
304,"ContentTalkParam#4","Dual Fang means wielding your two blades separately. Start by using either Steel Fangs or Dread Fangs, then press the attack."
305,"ContentTalkParam#6","After using the Dual Fang weaponskills Steel Fangs or Dread Fangs, their icons will automatically change to the next action in the combo."
306,"ContentTalkParam#6","By performing a second, then a third attack in the combo, you will gain access to the Viper stance action, Death Rattle."
307,"ContentTalkParam#4","Time to practice your Dual Fang techniques."
308,"ContentTalkParam#4","Start with an opener, follow up with a second, then pick one of the four finishers─Flanksting Strike, Flanksbane Fang, Hindsting Strike, or Hindsbane Fang."
309,"ContentTalkParam#4","As you can tell by the names, each finisher works best from a certain position. But don't worry about that for now, just give 'em all a try!"
310,"ContentTalkParam#6","The four combo enders are Flanksting Strike, Flanksbane Fang, Hindsting Strike, and Hindsbane Fang."
311,"ContentTalkParam#6","Using a combo ender applies a bonus effect to the others."
312,"ContentTalkParam#6","Then, using a second attack with a highlighted icon will give access to one of the enhanced combo enders. Now, try performing each of the four combo enders."
313,"ContentTalkParam#4","All right, now for Viper stance, where you combine your two blades into one to deliver powerful strikes─perfect for tough opponents!"
314,"ContentTalkParam#4","Open with Dreadwinder, then transition with either Twinfang Bite or Twinblood Bite from Dual Fang stance."
315,"ContentTalkParam#6","The Viper stance weaponskill Dreadwinder can be followed by Hunter's Coil or Swiftskin's Coil."
316,"ContentTalkParam#6","Either of these secondary attacks allows the use of the Dual Fang stance weaponskills Twinfang Bite and Twinblood Bite."
317,"ContentTalkParam#4","To finish the sequence, switch back to Viper and hit 'em with Death Rattle!"
318,"ContentTalkParam#6","If you have Serpent's Tail assigned to your hotbar, the icon will automatically change to Death Rattle when it becomes available."
319,"ContentTalkParam#7","You'll want to start by painting a motif on canvas, kupo. Once that motif is complete, you may bring it to life as your muse!"
320,"ContentTalkParam#7","Try painting that Pom Motif I mentioned, kupo. I'm sure you'll do just fine!"
321,"ContentTalkParam#7","That Pom Motif was lovely, kupo! But we're not done with it just yet."
322,"ContentTalkParam#7","Focus your magicks on that striking dummy and summon your Pom Muse!"
323,"ContentTalkParam#7","ちょうど、そこに「古びた木人」があるから、
まずは「イマジンポンポン」を試してみるクポ！"
324,"ContentTalkParam#4","The infestation is worse than I expected... We should clear these ones out first."
325,"ContentTalkParam#7","Let's make a lesson of it, kupo! By casting spells of different hues, your palette will begin storing aether."
326,"ContentTalkParam#7","With a sufficiently saturated palette, you may avail yourself of the Subtractive Palette's increased might!"
327,"ContentTalkParam#6","The Palette Gauge will fill when performing single-target combos starting with Fire in Red."
328,"ContentTalkParam#4","Start with Steel Fangs or Dread Fangs, then follow up with a second and third attack."
329,"ContentTalkParam#4","Finish your combination by dropping back into Viper stance and hitting 'em with Death Rattle!"
330,"ContentTalkParam#6","After using the Dual Fang weaponskills Steel Fangs or Dread Fangs, their icons will automatically change to the next action in the combo."
331,"ContentTalkParam#6","By performing a second, then a third attack in the combo, you will gain access to the Viper stance action, Death Rattle."
332,"ContentTalkParam#6","If you have Serpent's Tail assigned to your hotbar, the icon will automatically change to Death Rattle when it becomes available."
333,"ContentTalkParam#4","Execute an opener, then a second attack, then one of the four finishers─Flanksting Strike, Flanksbane Fang, Hindsting Strike, or Hindsbane Fang."
334,"ContentTalkParam#4","Now, show me you can use all four!"
335,"ContentTalkParam#6","The four combo enders are Flanksting Strike, Flanksbane Fang, Hindsting Strike, and Hindsbane Fang."
336,"ContentTalkParam#6","Using a combo ender applies a bonus effect to the others."
337,"ContentTalkParam#6","Then, using a second attack with a highlighted icon will give access to one of the enhanced combo enders. Now, try performing each of the four combo enders."
338,"ContentTalkParam#4","Viper stance is perfect for tougher prey. Combine your two swords to deal powerful strikes!"
339,"ContentTalkParam#4","After Dreadwinder, end your sequence with either Twinfang Bite or Twinblood Bite."
340,"ContentTalkParam#6","The Viper stance weaponskill Dreadwinder can be followed by Hunter's Coil or Swiftskin's Coil."
341,"ContentTalkParam#6","Either of these secondary attacks allows the use of the Dual Fang stance weaponskills Twinfang Bite and Twinblood Bite."
342,"ContentTalkParam#4","That rain of poms was glorious, kupo!"
343,"ContentTalkParam#4","I'm sure you're eager to paint more of them, but let's see your rendition of a Wing Motif first!"
344,"ContentTalkParam#4","Taking a moment to admire your Wing Motif? I don't blame you, kupo. With it, the Winged Muse is at your beck and call. Give it a try!"
345,"ContentTalkParam#4","Combining muses may seem a daunting prospect at first, so take all the time you need to properly picture those poms and wings. Imagine what they could do together!"
346,"ContentTalkParam#4","Their powers combined will help you bring forth your very own Mog of the Ages!"
347,"ContentTalkParam#4","When you're ready, focus your thoughts on the striking dummy, and Mog will do the rest!"
348,"ContentTalkParam#4","What an awful racket, kupo!"
349,"ContentTalkParam#6","Area of effect combos starting with Fire II in Red will also fill the Palette Gauge."
350,"ContentTalkParam#6","When the Palette Gauge reaches 50, you will be able to use Subtractive Palette."
351,"ContentTalkParam#6","While Subtractive Palette is active, you will be able to cast stronger aetherhue spells."
352,"ContentTalkParam#6","●「サブトラクティブパレット」を使うと、
さらに強力な色魔法「シアンブリザド」、「イエローストーン」、「マゼンタサンダー」が使えるようになります。"
353,"ContentTalkParam#4","Are you ready to proceed?"
354,"ContentTalkParam#4","I'm sure the monsters below will be no match for you, kupo."
355,"ContentTalkParam#4","But if you're still a bit nervous about practicing pictomancy, I'd be glad to review the fundamentals with you!"
356,"ContentTalkParam#9","I-I have no souls left... If I get killed again, I...I..."
357,"ContentTalkParam#4","What will you say?"
358,"ContentTalkParam#4","Take deep breaths."
359,"ContentTalkParam#4","Are you hurt?"
360,"ContentTalkParam#9","Haaah... Haaah... I'm still alive... I'm still alive..."
361,"ContentTalkParam#9","I-It's nothing serious. I fell down, that's all. I'll be fine."
362,"ContentTalkParam#9","Whew... I feel a little calmer now. Thank you..."
363,"ContentTalkParam#10","Oh, thank you for coming to save us! It's such a relief to see Her Majesty is unharmed..."
364,"ContentTalkParam#4","What will you say?"
365,"ContentTalkParam#4","Are you hurt?"
366,"ContentTalkParam#4","We've cleared the way."
367,"ContentTalkParam#10","It's only a graze. You needn't worry about me─just help those who are still out there."
368,"ContentTalkParam#10","We're in your debt! We'll try to get to safety before more of them come."
369,"ContentTalkParam#10","I don't understand what's happening or why... But it gives me courage to know you're here."
370,"ContentTalkParam#9","We managed to get to safety, but so many didn't... Please be careful."
371,"ContentTalkParam#10","To be deleted."
372,"ContentTalkParam#9","All my souls, gone in a blink... This is a nightmare..."
373,"ContentTalkParam#10","We'll get through this! We will!"
374,"ContentTalkParam#0",""
375,"ContentTalkParam#0",""
376,"ContentTalkParam#0",""
377,"ContentTalkParam#0",""
378,"ContentTalkParam#0",""
379,"ContentTalkParam#0",""
380,"ContentTalkParam#0",""
381,"ContentTalkParam#0",""
382,"ContentTalkParam#0",""
383,"ContentTalkParam#0",""
384,"ContentTalkParam#0",""
385,"ContentTalkParam#0",""
386,"ContentTalkParam#0",""
387,"ContentTalkParam#0",""
388,"ContentTalkParam#0",""
389,"ContentTalkParam#0",""
390,"ContentTalkParam#0",""
391,"ContentTalkParam#0",""
392,"ContentTalkParam#0",""
393,"ContentTalkParam#0",""
394,"ContentTalkParam#0",""
395,"ContentTalkParam#0",""
396,"ContentTalkParam#0",""
397,"ContentTalkParam#0",""
398,"ContentTalkParam#0",""
399,"ContentTalkParam#0",""
400,"ContentTalkParam#0",""
