﻿key,0,1
#,,
int32,str,str
0,"TEXT_CMNDEFRELICWEAPON060MAGICITECHECK_00252_TALK_ACTOR","（★未使用／削除予定★）"
1,"TEXT_CMNDEFRELICWEAPON060MAGICITECHECK_00252_TALK_ACTOR_000_100","（★未使用／削除予定★）"
2,"TEXT_CMNDEFRELICWEAPON060MAGICITECHECK_00252_MENU_TITLE","（★未使用／削除予定★）"
3,"TEXT_CMNDEFRELICWEAPON060MAGICITECHECK_00252_MENU_CHOICES","（★未使用／削除予定★）"
4,"TEXT_CMNDEFRELICWEAPON060MAGICITECHECK_00252_MENU_CANCEL","（★未使用／削除予定★）"
5,"TEXT_CMNDEFRELICWEAPON060MAGICITECHECK_00252_TALK_ACTOR_000_020","（★未使用／削除予定★）"
6,"TEXT_CMNDEFRELICWEAPON060MAGICITECHECK_00252_ACTOR_000_040","（★未使用／削除予定★）"
