﻿key,0,1
#,,
int32,str,str
0,"TEXT_CMNDEFHOUSINGWHEEL_00216_NULL","（★未使用／削除予定★）"
1,"TEXT_CMNDEFHOUSINGWHEEL_00216_MENU_TITLE","Open: <Value>IntegerParameter(1)</Value> | Charging: <Value>IntegerParameter(2)</Value> | Primed: <Value>IntegerParameter(3)</Value>
What would you like to do?"
2,"TEXT_CMNDEFHOUSINGWHEEL_00216_SETUP_WHEEL","Place or remove an aetherial wheel."
3,"TEXT_CMNDEFHOUSINGWHEEL_00216_CONVERT_ENERGY","Convert a primed aetherial wheel."
4,"TEXT_CMNDEFHOUSINGWHEEL_00216_CANCEL","Nothing."
