﻿key,0,1
#,,
int32,str,str
0,"TEXT_CMNDEFRELICWEAPON060MAGICITESHOP_00251_REMON_000_000","Well, well, you've come for my wares, haven't you? So I thought, so I thought. Well, produce my payment, and I will happily provide mahatma for whatever Zodiac Weapon you wish."
1,"TEXT_CMNDEFRELICWEAPON060MAGICITESHOP_00251_MENU_TITLE","Select a Zodiac Weapon to receive mahatma."
2,"TEXT_CMNDEFRELICWEAPON060MAGICITESHOP_00251_MENU_CHOICES","<If(Equal(IntegerParameter(1),9491))><Sheet(Item,9491,9)/> and <Sheet(Item,9500,9)/><Else/><Sheet(Item,IntegerParameter(1),9)/></If> (<Value>IntegerParameter(2)</Value> remaining)."
3,"TEXT_CMNDEFRELICWEAPON060MAGICITESHOP_00251_MENU_CANCEL","Nothing."
4,"TEXT_CMNDEFRELICWEAPON060MAGICITESHOP_00251_REMON_000_100","（★未使用／削除予定★）"
5,"TEXT_CMNDEFRELICWEAPON060MAGICITESHOP_00251_REMON_000_110","（★未使用／削除予定★）"
6,"TEXT_CMNDEFRELICWEAPON060MAGICITESHOP_00251_YESNO_MESSAGE","Trade <Format(IntegerParameter(3),FF022C)/> <SheetEn(Item,3,IntegerParameter(2),2,1)/> for <Sheet(Relic6Magicite,IntegerParameter(1),0)/> (<If(Equal(IntegerParameter(4),9491))><SheetEn(Item,3,9491,1,1)/> and <SheetEn(Item,3,9500,1,1)/><Else/><Clickable(<SheetEn(Item,3,IntegerParameter(4),1,1)/>)/></If>)?"
7,"TEXT_CMNDEFRELICWEAPON060MAGICITESHOP_00251_YESNO_YES","Yes"
8,"TEXT_CMNDEFRELICWEAPON060MAGICITESHOP_00251_YESNO_NO","No"
9,"TEXT_CMNDEFRELICWEAPON060MAGICITESHOP_00251_REMON_000_120","So we strike our accord. Here is your <Sheet(Relic6Magicite,IntegerParameter(1),0)/>─a crystal said to awaken a sense of <Sheet(Relic6Magicite,IntegerParameter(1),1)/> within souls."
10,"TEXT_CMNDEFRELICWEAPON060MAGICITESHOP_00251_REMON_000_121","I've taken the liberty of affixing it to your arm. Now go forth and wield it!"
11,"TEXT_CMNDEFRELICWEAPON060MAGICITESHOP_00251_SYSTEM_000_130","<Sheet(Relic6Magicite,IntegerParameter(1),0)/> has been attached to your Zodiac Weapon. Completing certain activities with it equipped will now increase soul resonance."
12,"TEXT_CMNDEFRELICWEAPON060MAGICITESHOP_00251_SYSTEM_000_131","As you increase the level of soul resonance, the sentience in your weapon will begin to awake. By using the Zodiac glass, it is possible to verify your progress with each variety of mahatma."
13,"TEXT_CMNDEFRELICWEAPON060MAGICITESHOP_00251_SYSTEM_000_132","Once you have achieved full soul resonance with all twelve varieties of mahatma and your Zodiac Weapon has sufficiently awakened, return to Jalzahn."
14,"TEXT_CMNDEFRELICWEAPON060MAGICITESHOP_00251_REMON_000_300","I'm afraid you've exhausted my supply of mahatma for that particular arm─and for that, you may color me deeply impressed!"
15,"TEXT_CMNDEFRELICWEAPON060MAGICITESHOP_00251_SYSTEM_000_310","There are no more varieties of mahatma that can be affixed to your arm. Once you have achieved full soul resonance with the final piece, return to Jalzahn in Hyrstmill."
16,"TEXT_CMNDEFRELICWEAPON060MAGICITESHOP_00251_REMON_000_030","Excalibur and the Aegis Shield are an inseparable pair. I'm afraid we cannot do business unless they are both present before me."
17,"TEXT_CMNDEFRELICWEAPON060MAGICITESHOP_00251_SYSTEM_000_040","In order to purchase mahatma, speak to Remon with both Excalibur and the Aegis Shield equipped, in your Armoury Chest, or in your inventory."
18,"TEXT_CMNDEFRELICWEAPON060MAGICITESHOP_00251_REMON_000_040","（★未使用／削除予定★）"
19,"TEXT_CMNDEFRELICWEAPON060MAGICITESHOP_00251_SYSTEM_000_050","（★未使用／削除予定★）"
20,"TEXT_CMNDEFRELICWEAPON060MAGICITESHOP_00251_REMON_000_050","You do not have nearly enough <SheetEn(Item,3,IntegerParameter(1),2,1)/>. Are you trying to cheat me!?"
21,"TEXT_CMNDEFRELICWEAPON060MAGICITESHOP_00251_REMON_000_060","It would seem the <Sheet(Relic6Magicite,IntegerParameter(1),0)/> has yet to awaken the sense of <Sheet(Relic6Magicite,IntegerParameter(1),1)/> in your weapon. Until you've attained full soul resonance, I simply can't affix the next piece."
22,"TEXT_CMNDEFRELICWEAPON060MAGICITESHOP_00251_SYSTEM_000_070","You cannot affix new mahatma to your Zodiac Weapon until you have achieved full soul resonance with the piece currently attached."
23,"TEXT_CMNDEFRELICWEAPON060MAGICITESHOP_00251_SYSTEM_000_071","By using the Zodiac glass, it is possible to visually verify your progress with each variety of mahatma."
24,"TEXT_CMNDEFRELICWEAPON060MAGICITESHOP_00251_SYSTEM_000_072","If you misplace your Zodiac glass, you may obtain a replacement by speaking with Drake at Hyrstmill."
25,"TEXT_CMNDEFRELICWEAPON060MAGICITESHOP_00251_MAGICITE_MENU_TITLE","Select the mahatma you wish to obtain."
26,"TEXT_CMNDEFRELICWEAPON060MAGICITESHOP_00251_MAGICITE_DONE","<Sheet(Relic6Magicite,IntegerParameter(1),0)/>. (Complete)"
27,"TEXT_CMNDEFRELICWEAPON060MAGICITESHOP_00251_MAGICITE_NEXT","<Sheet(Relic6Magicite,IntegerParameter(1),0)/>. (Available)"
28,"TEXT_CMNDEFRELICWEAPON060MAGICITESHOP_00251_MAGICITE_FUTURE","<Sheet(Relic6Magicite,IntegerParameter(1),0)/>."
29,"TEXT_CMNDEFRELICWEAPON060MAGICITESHOP_00251_REMON_000_070","Aren't you forgetting that I already gave you <Sheet(Relic6Magicite,IntegerParameter(1),0)/>?"
30,"TEXT_CMNDEFRELICWEAPON060MAGICITESHOP_00251_REMON_000_071","A bit premature for that, I think. You must use mahatma in the proper order, or their effects will be lessened and the sentience in your weapon will remain unstirred."
