﻿key,0,1
#,,
int32,str,str
0,"TEXT_CMNGSCGATENOTICE_00242_TALK_ACTOR","Greetings, <If(PlayerParameter(4))>madam<Else/>sir</If>! Our next scheduled event, “<Switch(IntegerParameter(2))><Case(1)>Cliffhanger</Case><Case(2)>Vase Off</Case><Case(3)>Skinchange We Can Believe In</Case><Case(4)>The Time of My Life</Case><Case(5)>Any Way the Wind Blows</Case><Case(6)>Leap of Faith</Case><Case(7)>Air Force One</Case><Case(8)>The Slice Is Right</Case></Switch>,” will be held <Switch(IntegerParameter(3))><Case(1)>in Wonder Square East</Case><Case(2)>in Event Square</Case><Case(3)>in Round Square</Case><Case(4)>at the Cactpot Board</Case></Switch>. All guests are welcome to participate!"
1,"TEXT_CMNGSCGATENOTICE_00242_TALK_SYSTEM","The next GATE will be held at <Time(IntegerParameter(1))/><If(TopLevelParameter(218))><Switch(TopLevelParameter(218))><Case(1)>1</Case><Case(2)>2</Case><Case(3)>3</Case><Case(4)>4</Case><Case(5)>5</Case><Case(6)>6</Case><Case(7)>7</Case><Case(8)>8</Case><Case(9)>9</Case><Case(10)>10</Case><Case(11)>11</Case><Case(12)>12</Case><Case(13)>1</Case><Case(14)>2</Case><Case(15)>3</Case><Case(16)>4</Case><Case(17)>5</Case><Case(18)>6</Case><Case(19)>7</Case><Case(20)>8</Case><Case(21)>9</Case><Case(22)>10</Case><Case(23)>11</Case></Switch><Else/>12</If>:<TwoDigitValue>TopLevelParameter(217)</TwoDigitValue> <If(GreaterThanOrEqualTo(TopLevelParameter(218),12))>p.m.<Else/>a.m.</If> <Switch(IntegerParameter(3))><Case(1)>in Wonder Square East</Case><Case(2)>in Event Square</Case><Case(3)>in Round Square</Case><Case(4)>at the Cactpot Board</Case></Switch>."
2,"TEXT_CMNGSCGATENOTICE_00242_GATE_IN_SESSION","Greetings, <If(PlayerParameter(4))>madam<Else/>sir</If>! If you wish to participate in “<Switch(IntegerParameter(1))><Case(1)>Cliffhanger</Case><Case(2)>Vase Off</Case><Case(3)>Skinchange We Can Believe In</Case><Case(4)>The Time of My Life</Case><Case(5)>Any Way the Wind Blows</Case><Case(6)>Leap of Faith</Case><Case(7)>Air Force One</Case><Case(8)>The Slice Is Right</Case></Switch>,” pray make haste to <Switch(IntegerParameter(2))><Case(1)>Wonder Square East</Case><Case(2)>Event Square</Case><Case(3)>Round Square</Case><Case(4)>the Cactpot Board</Case></Switch>!"
3,"TEXT_CMNGSCGATENOTICE_00242_WARP_QUERY","Do you wish to participate in this GATE?"
4,"TEXT_CMNGSCGATENOTICE_00242_WARP_GO","Yes"
5,"TEXT_CMNGSCGATENOTICE_00242_WARP_CANCEL","No"
6,"TEXT_CMNGSCGATENOTICE_00242_GATE_CLOSE_SESSION","Greetings, <If(PlayerParameter(4))>madam<Else/>sir</If>! “<Switch(IntegerParameter(1))><Case(1)>Cliffhanger</Case><Case(2)>Vase Off</Case><Case(3)>Skinchange We Can Believe In</Case><Case(4)>The Time of My Life</Case><Case(5)>Any Way the Wind Blows</Case><Case(6)>Leap of Faith</Case><Case(7)>Air Force One</Case><Case(8)>The Slice Is Right</Case></Switch>” is currently being held <Switch(IntegerParameter(2))><Case(1)>in Wonder Square East</Case><Case(2)>in Event Square</Case><Case(3)>in Round Square</Case><Case(4)>at the Cactpot Board</Case></Switch>. If you wish to observe, you must go there now, before the event ends!"
