﻿key,0,1
#,,
int32,str,str
0,"TEXT_CMNGSCDAILYLOTDESCRIPTION_00226_TALK_01","Good <If(LessThan(PlayerParameter(11),12))><If(LessThan(PlayerParameter(11),4))>evening<Else/>morning</If><Else/><If(LessThan(PlayerParameter(11),17))>day<Else/>evening</If></If>, fair traveler! I am the purveyor of Mini Cactpot tickets. Why not buy one to find out why we say “prosperity's but a scratch away”?"
1,"TEXT_CMNGSCDAILYLOTDESCRIPTION_00226_TALK_02","You can purchase up to three Mini Cactpot tickets per day."
2,"TEXT_CMNGSCDAILYLOTDESCRIPTION_00226_TALK_03","The counter for Mini Cactpot tickets resets daily at <ResetTime>01</ResetTime><If(TopLevelParameter(218))><Switch(TopLevelParameter(218))><Case(1)>1</Case><Case(2)>2</Case><Case(3)>3</Case><Case(4)>4</Case><Case(5)>5</Case><Case(6)>6</Case><Case(7)>7</Case><Case(8)>8</Case><Case(9)>9</Case><Case(10)>10</Case><Case(11)>11</Case><Case(12)>12</Case><Case(13)>1</Case><Case(14)>2</Case><Case(15)>3</Case><Case(16)>4</Case><Case(17)>5</Case><Case(18)>6</Case><Case(19)>7</Case><Case(20)>8</Case><Case(21)>9</Case><Case(22)>10</Case><Case(23)>11</Case></Switch><Else/>12</If> <If(GreaterThanOrEqualTo(TopLevelParameter(218),12))>p.m.<Else/>a.m.</If> (Earth time)."
3,"TEXT_CMNGSCDAILYLOTDESCRIPTION_00226_TALK_ACTOR","（★未使用／削除予定★）"
