﻿key,0,1
#,,
int32,str,str
0,"TEXT_CMNGSCCHOCOBORACEGETFOAL_00236_TALK_ACTOR","Collecting a fledgling, are we? I'll need to see the proof of covering..."
1,"TEXT_CMNGSCCHOCOBORACEGETFOAL_00236_001_01","Well, well! I see someone is ready to run! Here's your fledgling's registration form─the rest I leave to you."
2,"TEXT_CMNGSCCHOCOBORACEGETFOAL_00236_ERROR_001_01","What's that? No proof of covering? <sigh> What did I just say?"
3,"TEXT_CMNGSCCHOCOBORACEGETFOAL_00236_ERROR_001_02","To collect your newborn fledgling, you must present the proof of covering to Katering."
4,"TEXT_CMNGSCCHOCOBORACEGETFOAL_00236_ERROR_002_01","Someone's awfully eager─too eager, that is. These things take time, in case you've forgotten."
5,"TEXT_CMNGSCCHOCOBORACEGETFOAL_00236_ERROR_002_02","You cannot collect your fledgling prior to the date specified on your proof of covering."
