﻿key,0,1
#,,
int32,str,str
0,"TEXT_CMNDEFCUTSCENEREPLAY_00132_TALK_ACTOR",""
1,"TEXT_CMNDEFCUTSCENEREPLAY_00132_SYSTEM_001_000","You cannot consult <Emphasis>The Unending Journey</Emphasis> at this time."
2,"TEXT_CMNDEFCUTSCENEREPLAY_00132_VIRTUAL_EUREKA_Q1_000_000","Select a cutscene."
3,"TEXT_CMNDEFCUTSCENEREPLAY_00132_VIRTUAL_EUREKA_A1_000_001","And We Shall Call It Eureka - Cutscene # 1."
4,"TEXT_CMNDEFCUTSCENEREPLAY_00132_VIRTUAL_EUREKA_A1_000_002","Eureka Anemos Expedition - Cutscene # 1."
5,"TEXT_CMNDEFCUTSCENEREPLAY_00132_VIRTUAL_EUREKA_A1_000_003","Eureka Anemos Expedition - Cutscene # 2."
