﻿key,0,1
#,,
int32,str,str
0,"TEXT_CMNDEFMATERIASLOT_00174_MUTAMIX_000_000","Pshhh... Shkohhh...
Uplander is asking Mutamix to shifty-make? Uplander should be hand-swapping five pieces of need-not materia with Mutamix."
1,"TEXT_CMNDEFMATERIASLOT_00174_MUTAMIX_000_020","Mixy-melt, melty-mix, squash and squeeze, squeeze and squash..."
2,"TEXT_CMNDEFMATERIASLOT_00174_MUTAMIX_000_030","Bigeyes! Five need-not are reborn as one!"
3,"TEXT_CMNDEFMATERIASLOT_00174_MUTAMIX_000_035","Hugeeyes! Shkohhh... Does Mutamix truesee!?"
4,"TEXT_CMNDEFMATERIASLOT_00174_MUTAMIX_000_040","Materia reborn glows with much brightshine. For uplander, this is happy-day!"
5,"TEXT_CMNDEFMATERIASLOT_00174_MUTAMIX_000_050","Shifty-making is exciting chance-game, yes? Even Mutamix has no knowings of what reborn materia will be! Does uplander's heart not be all flutterdance?"
6,"TEXT_CMNDEFMATERIASLOT_00174_MUTAMIX_000_070","Shkohhh? Uplanderbag is clutterfull! Mutamix cannot shifty-make if uplander cannot carry materia reborn!"
