﻿key,0,1
#,,
int32,str,str
0,"TEXT_CMNDEFHOUSINGSIGNBOARD_00135_NO_PERMIT_TO_BUY1","In order to purchase a plot of land privately, you must have at least one class at level 50."
1,"TEXT_CMNDEFHOUSINGSIGNBOARD_00135_NO_PERMIT_TO_BUY2","Furthermore, you must hold a rank of second lieutenant or above in one of the Grand Companies."
2,"TEXT_CMNDEFHOUSINGSIGNBOARD_00135_KUGANE_NOT_OPENED","At present, Shirogane is open for display only. Land sales will commence at a later time."
3,"TEXT_CMNDEFHOUSINGSIGNBOARD_00135_KUGANE_NOT_ARROWED_TO_BUY","In order to purhase a plot in Shirogane, you must first complete the main scenario quest “Not without Incident.”"
4,"TEXT_CMNDEFHOUSINGSIGNBOARD_00135_ISHGARD_NOT_OPENED","At present, Empyreum is open for display only. Land sales will commence at a later time."
5,"TEXT_CMNDEFHOUSINGSIGNBOARD_00135_ISHGARD_NOT_ARROWED_TO_BUY","In order to purchase a plot in Empyreum, you must first complete the main scenario quest “Litany of Peace.”"
6,"TEXT_CMNDEFHOUSINGSIGNBOARD_00135_LAND_LOTTERY_LOTTED","You have submitted a lottery entry for plot <Value>IntegerParameter(3)</Value>, ward <Value>IntegerParameter(2)</Value>, <Sheet(PlaceName,<Sheet(TerritoryType,IntegerParameter(1),5)/>,0)/>. Your lottery number is <Value>IntegerParameter(4)</Value>. Results will be available from <Time(IntegerParameter(5))/><If(TopLevelParameter(218))><Switch(TopLevelParameter(218))><Case(1)>1</Case><Case(2)>2</Case><Case(3)>3</Case><Case(4)>4</Case><Case(5)>5</Case><Case(6)>6</Case><Case(7)>7</Case><Case(8)>8</Case><Case(9)>9</Case><Case(10)>10</Case><Case(11)>11</Case><Case(12)>12</Case><Case(13)>1</Case><Case(14)>2</Case><Case(15)>3</Case><Case(16)>4</Case><Case(17)>5</Case><Case(18)>6</Case><Case(19)>7</Case><Case(20)>8</Case><Case(21)>9</Case><Case(22)>10</Case><Case(23)>11</Case></Switch><Else/>12</If>:<TwoDigitValue>TopLevelParameter(217)</TwoDigitValue> <If(GreaterThanOrEqualTo(TopLevelParameter(218),12))>p.m.<Else/>a.m.</If> <If(Equal(PlayerParameter(77),3))><Value>TopLevelParameter(219)</Value>/<Value>TopLevelParameter(221)</Value>/<Value>TopLevelParameter(222)</Value><Else/><Value>TopLevelParameter(221)</Value>/<Value>TopLevelParameter(219)</Value>/<Value>TopLevelParameter(222)</Value></If>."
7,"TEXT_CMNDEFHOUSINGSIGNBOARD_00135_LAND_LOTTERY_LOTTED_2","The status of your lottery entry can be confirmed at any time via the <UIForeground>F201F4</UIForeground><UIGlow>F201F5</UIGlow>Estate<UIGlow>01</UIGlow><UIForeground>01</UIForeground> tab of the <UIForeground>F201F4</UIForeground><UIGlow>F201F5</UIGlow>Timers<UIGlow>01</UIGlow><UIForeground>01</UIForeground> interface located under <UIForeground>F201F4</UIForeground><UIGlow>F201F5</UIGlow>Duty<UIGlow>01</UIGlow><UIForeground>01</UIForeground> in the main menu."
8,"TEXT_CMNDEFHOUSINGSIGNBOARD_00135_LAND_LOTTERY_REFUND_FULL_GIL","Unable to claim refund. You cannot carry any more gil."
9,"TEXT_CMNDEFHOUSINGSIGNBOARD_00135_LAND_LOTTERY_GUIDE","You have submitted a lottery entry for a different plot. Please confirm the status of your lottery entry by accessing the same placard by which you entered the lottery.

Pending Entry:
Plot <Value>IntegerParameter(3)</Value>, Ward <Value>IntegerParameter(2)</Value>, <Sheet(PlaceName,<Sheet(TerritoryType,IntegerParameter(1),5)/>,0)/>"
10,"TEXT_CMNDEFHOUSINGSIGNBOARD_00135_LAND_LOTTERY_GUIDE_OK","Accept"
