﻿key,0,1
#,,
int32,str,str
0,"TEXT_CMNDEFTOMESTONEEXCHANGE_00153_HELP","Seems every other day we stop dealing in this or that type of tomestone. Inevitably, there comes a point when Rowena says that they're not worth the hassle anymore."
1,"TEXT_CMNDEFTOMESTONEEXCHANGE_00153_TALK_NOT_HAVE","Might be as I still have use for them, though. If you have any you don't need, bring them here and I'll give you something more desirable in exchange."
2,"TEXT_CMNDEFTOMESTONEEXCHANGE_00153_TALK_Q","Might be as I still have use for them, though. If you have any you don't need, I'll give you something more desirable in exchange."
3,"TEXT_CMNDEFTOMESTONEEXCHANGE_00153_EXCHANGE_Q","Exchange <Format(IntegerParameter(2),FF022C)/> <SheetEn(Item,3,IntegerParameter(1),2,1)/> for <Format(IntegerParameter(4),FF022C)/> <SheetEn(Item,3,IntegerParameter(3),2,1)/>?"
4,"TEXT_CMNDEFTOMESTONEEXCHANGE_00153_EXCHANGE_YES","Yes"
5,"TEXT_CMNDEFTOMESTONEEXCHANGE_00153_EXCHANGE_NO","No"
