﻿key,0,1
#,,
int32,str,str
0,"TEXT_CMNDEFRELICWEAPON030REPLICATALK_00176_HUBAIRTIN_000_000","Advanced materia melding is a highly unstable process. There <Emphasis>must</Emphasis> be a way to harness the stones' power without risking their destruction..."
1,"TEXT_CMNDEFRELICWEAPON030REPLICATALK_00176_HUBAIRTIN_000_030","When a sphere scroll is fully infused with materia, it will shine as the stars in the heavens. This is the sign that its power is ready to be transferred to a suitable vessel."
2,"TEXT_CMNDEFRELICWEAPON030REPLICATALK_00176_HUBAIRTIN_000_050","By the gods, you...you've succeeded! <Emphasis>We've</Emphasis> succeeded! To think that my efforts have finally borne fruit... No words can express the joy I feel at this moment."
3,"TEXT_CMNDEFRELICWEAPON030REPLICATALK_00176_HUBAIRTIN_000_051","To be sure, my research is far from over. Much and more must be verified before I can form my conclusions, and so I would be much obliged for our ongoing collaboration."
4,"TEXT_CMNDEFRELICWEAPON030REPLICATALK_00176_HUBAIRTIN_000_052","If you have a mind to enhance another relic, bring me the requisite amount of superior enchanted ink, and I shall prepare for you a suitable sphere scroll."
