﻿key,0,1
#,,
int32,str,str
0,"TEXT_FESNYRFSTSHOGUN2014_00145_YELLOWGENERAL_000_000","Why does she speak that way, you ask? An astute question, at last. The uma bugyo is a lady of a house most noble, and it is the high speech of the Far East that you note with pleasing keenness."
1,"TEXT_FESNYRFSTSHOGUN2014_00145_YELLOWGENERAL_000_001","She is high-minded as well as gently spoken, and this labor is one that she freely undertook over considerable...skepticism in some circles."
2,"TEXT_FESNYRFSTSHOGUN2014_00145_YELLOWGENERAL_000_010","Your head is bare, adventurer. Do I have another uma kabuto, you ask? There was meant to be but one, a proof of <If(PlayerParameter(4))>m'lady's<Else/>m'lord's</If> success in Gridania."
3,"TEXT_FESNYRFSTSHOGUN2014_00145_YELLOWGENERAL_000_011","How vexing. I have no choice but to grant you another, but...how vexing."
