﻿key,0,1
#,,
int32,str,str
0,"TEXT_FESNYRAMBASSADOR2014_00144_HORSEMISSIONARY_000_000","In celebration and calculation do we bring a Heavensturn gift, from the Far East to Eorzea. Long may we be of good blood!"
1,"TEXT_FESNYRAMBASSADOR2014_00144_HORSEMISSIONARY_000_010","Has <If(PlayerParameter(4))>m'lady<Else/>m'lord</If> perhaps misplaced the gift <If(PlayerParameter(4))>she<Else/>he</If> was given, that which the giver and the gifted alike call the uma kabuto?"
2,"TEXT_FESNYRAMBASSADOR2014_00144_HORSEMISSIONARY_000_011","You are a <If(PlayerParameter(4))>woman<Else/>man</If> fearless and clueless to lose an item of such import! I shall give you another, but misplace it not again."
