﻿key,0,1
#,,
int32,str,str
0,"TEXT_FESNYRWILSHOGUN2014_00146_BLACKGENERAL_000_000","One of the luminaries of Ul'dah was once that which the blood-drunk call a gladiator, and lo, this Raubahn wears a bull's head."
1,"TEXT_FESNYRWILSHOGUN2014_00146_BLACKGENERAL_000_001","By that bull's head, I mark him as an ally likely! For lo, the wearer of a horse's head and the wearer of a bull's head are more alike than one with no head to wear at all! "
2,"TEXT_FESNYRWILSHOGUN2014_00146_BLACKGENERAL_000_010","I mark that you wear no head, alack! Where is the uma kabuto that is your badge of honor in Ul'dah?"
3,"TEXT_FESNYRWILSHOGUN2014_00146_BLACKGENERAL_000_011","A kabuto astray is no great matter! Take another and lo, know that in places least expected will you find the greatest allies!"
