﻿key,0,1
#,,
int32,str,str
0,"TEXT_FESNYRSEASHOGUN2014_00147_REDGENERAL_000_000","Heavensturn is a chance anew, yes? I am thinking it is like the game─rock, silk, claw."
1,"TEXT_FESNYRSEASHOGUN2014_00147_REDGENERAL_000_001","The hand is coming up, the hand is making shapes, the hand is winning, losing, or tying. Every Heavensturn, the hand is coming up. Chance, <If(PlayerParameter(4))>m'lady<Else/>m'lord</If>, chance."
2,"TEXT_FESNYRSEASHOGUN2014_00147_REDGENERAL_000_010","You are losing the crimson uma kabuto? Sometimes, I am thinking you are not very smart."
3,"TEXT_FESNYRSEASHOGUN2014_00147_REDGENERAL_000_011","Does <If(PlayerParameter(4))>m'lady<Else/>m'lord</If> sniffle? Another one in your hands, I am thinking, will dry those tears."
