﻿key,0,1
#,,
int32,str,str
0,"TEXT_REGFSTEPICMOOGLE_00133_EPICMOOGLE_000_001","I like to watch Gerolt pound away, but he spends far more time draining a bottle than holding his hammer. He drinks so much, he should've been born a cask of mead, kupo."
1,"TEXT_REGFSTEPICMOOGLE_00133_EPICMOOGLE_000_010","The other day when Gerolt was deep in his cups, I overheard him mumbling something cryptic, kupo."
2,"TEXT_REGFSTEPICMOOGLE_00133_EPICMOOGLE_000_011","“If ye've got a bottle o' Thavnairian misht, ye can infushe shpiritsh into yer relicsh at the furnashe.”
...I wonder what that means, kupo!"
