﻿key,0,1
#,,
int32,str,str
0,"TEXT_REGSEAPVPCOLOSSEUM_00102_BERKOEYA_000_001","Ye've come to the Wolves' Den, maggot! If ye've got business with me, state it loud and clear!"
1,"TEXT_REGSEAPVPCOLOSSEUM_00102_BERKOEYA_000_002","Here to train, are ye? Well, I've laid in a few trinkets for ye sniveling sissies to rip each other's guts out over. Don't say I don't give ye maggots the proper motivation! To the victor, the spoils!"
2,"TEXT_REGSEAPVPCOLOSSEUM_00102_BERKOEYA_000_003","Hmmm... I know that hungry gleam in yer eye, and I know the scuffles them other pups enjoy ain't enough to sate yer appetite."
3,"TEXT_REGSEAPVPCOLOSSEUM_00102_BERKOEYA_000_004","Ye need to sink yer fangs into the meat at the Feast! Lend me yer ear, and I'll soon have yer belly rumblin' with anticipation!"
4,"TEXT_REGSEAPVPCOLOSSEUM_00102_Q1_000_1","What will you ask?"
5,"TEXT_REGSEAPVPCOLOSSEUM_00102_A1_000_1","What is the Wolves' Den?"
6,"TEXT_REGSEAPVPCOLOSSEUM_00102_A1_000_2",""
7,"TEXT_REGSEAPVPCOLOSSEUM_00102_A1_000_3","What is the Feast?"
8,"TEXT_REGSEAPVPCOLOSSEUM_00102_A1_000_4","Are there any rewards?"
9,"TEXT_REGSEAPVPCOLOSSEUM_00102_A1_000_5","Nothing."
10,"TEXT_REGSEAPVPCOLOSSEUM_00102_Q2_000_000","What do you wish to know about the Feast?"
11,"TEXT_REGSEAPVPCOLOSSEUM_00102_A2_100_001","How do I join the Feast?"
12,"TEXT_REGSEAPVPCOLOSSEUM_00102_A2_000_001","What are the rules?"
13,"TEXT_REGSEAPVPCOLOSSEUM_00102_A2_000_002","What is PvP rating?"
14,"TEXT_REGSEAPVPCOLOSSEUM_00102_A2_000_003","Nothing."
15,"TEXT_REGSEAPVPCOLOSSEUM_00102_Q3_000_000","Which rules will you ask about?"
16,"TEXT_REGSEAPVPCOLOSSEUM_00102_A3_000_001","（★未使用／削除予定★）"
17,"TEXT_REGSEAPVPCOLOSSEUM_00102_A3_100_001",""
18,"TEXT_REGSEAPVPCOLOSSEUM_00102_A3_200_001","Medal limits."
19,"TEXT_REGSEAPVPCOLOSSEUM_00102_A3_300_001","Heavy Medal and Light Medal."
20,"TEXT_REGSEAPVPCOLOSSEUM_00102_A3_000_002","Supply kits."
21,"TEXT_REGSEAPVPCOLOSSEUM_00102_A3_000_003","Culling Time."
22,"TEXT_REGSEAPVPCOLOSSEUM_00102_A3_000_004","Scoreboard abbreviations."
23,"TEXT_REGSEAPVPCOLOSSEUM_00102_A3_000_005","Nothing."
24,"TEXT_REGSEAPVPCOLOSSEUM_00102_Q4_000_000","What part of PvP rating will you ask about?"
25,"TEXT_REGSEAPVPCOLOSSEUM_00102_A4_000_001","What is PvP rating?"
26,"TEXT_REGSEAPVPCOLOSSEUM_00102_A4_000_002","Tiers."
27,"TEXT_REGSEAPVPCOLOSSEUM_00102_A4_000_003","Promotion qualifiers."
28,"TEXT_REGSEAPVPCOLOSSEUM_00102_A4_000_004","Seasons."
29,"TEXT_REGSEAPVPCOLOSSEUM_00102_A4_000_005","Nothing."
30,"TEXT_REGSEAPVPCOLOSSEUM_00102_BERKOEYA_000_010","The Wolves' Den is a battle arena built by the Maelstrom to train Alliance soldiers into an elite fighting force! Here, pups at the teat are made into fearsome hunters!"
31,"TEXT_REGSEAPVPCOLOSSEUM_00102_SYSTEM_000_11","The Wolves' Den is a PvP arena which hosts battles between adventurers."
32,"TEXT_REGSEAPVPCOLOSSEUM_00102_SYSTEM_000_12",""
33,"TEXT_REGSEAPVPCOLOSSEUM_00102_SYSTEM_100_12","Players can elect to participate in the Feast, wherein they can take part in training matches with two teams of eight or ranked matches with two teams of four."
34,"TEXT_REGSEAPVPCOLOSSEUM_00102_SYSTEM_000_13","To register for a match at the Wolves' Den, open the Duty Finder and select it from the PvP category."
35,"TEXT_REGSEAPVPCOLOSSEUM_00102_SYSTEM_000_14",""
36,"TEXT_REGSEAPVPCOLOSSEUM_00102_SYSTEM_000_15",""
37,"TEXT_REGSEAPVPCOLOSSEUM_00102_BERKOEYA_000_020",""
38,"TEXT_REGSEAPVPCOLOSSEUM_00102_SYSTEM_000_21",""
39,"TEXT_REGSEAPVPCOLOSSEUM_00102_SYSTEM_000_22",""
40,"TEXT_REGSEAPVPCOLOSSEUM_00102_SYSTEM_000_23",""
41,"TEXT_REGSEAPVPCOLOSSEUM_00102_SYSTEM_000_24",""
42,"TEXT_REGSEAPVPCOLOSSEUM_00102_BERKOEYA_000_030","Only a special breed of wolf gets invited to the Feast! Will ye gorge on the flesh at the table? Or find yerself served on a platter!?"
43,"TEXT_REGSEAPVPCOLOSSEUM_00102_SYSTEM_000_031","Participants in the Feast are divided into two teams, with each team attempting to seize medals from rival players."
44,"TEXT_REGSEAPVPCOLOSSEUM_00102_SYSTEM_000_032","Victory is achieved in one of two ways: be the first team to hold a designated number of medals in its collective possession; or be the team holding the most medals when the time limit for the match expires."
45,"TEXT_REGSEAPVPCOLOSSEUM_00102_SYSTEM_100_032","Should the time limit expire with both teams holding the same number of medals, the match will enter a two-minute “Sudden Death” period."
46,"TEXT_REGSEAPVPCOLOSSEUM_00102_SYSTEM_101_032","The first team to obtain a medal during Sudden Death will win the match."
47,"TEXT_REGSEAPVPCOLOSSEUM_00102_SYSTEM_000_033","Every player receives a number of medals at the beginning of the match, and more medals can be plundered from KO'd opponents."
48,"TEXT_REGSEAPVPCOLOSSEUM_00102_SYSTEM_000_034","When defeated, players will drop half of the medals in their possession. These medals can then be claimed by anyone on the opposing team."
49,"TEXT_REGSEAPVPCOLOSSEUM_00102_SYSTEM_000_035","The more medals a player carries, the more will be dropped upon being KO'd. As victory is determined by the total number of medals held by a team, it is important to consider which team member is the best choice for collecting any dropped medals."
50,"TEXT_REGSEAPVPCOLOSSEUM_00102_SYSTEM_000_036","But be sure to decide quickly: unclaimed medals will vanish after a certain period of time has elapsed, and return to the possession of the original owner."
51,"TEXT_REGSEAPVPCOLOSSEUM_00102_BERKOEYA_100_037","Want to know whether yer opponent's a bloodthirsty wolf or a pup tremblin' in its own piss? Easy─just check their medals! The more medals they've got, the stronger they are!"
52,"TEXT_REGSEAPVPCOLOSSEUM_00102_SYSTEM_100_038","In the Feast, participants attempt to seize medals from opposing team members. There is a limit to how many medals one person can possess, and medals seized that exceed this limit will reappear on the battlefield."
53,"TEXT_REGSEAPVPCOLOSSEUM_00102_SYSTEM_100_039","Medal limits are determined by role as follows:
Tanks: 200 / Melee DPS: 175 / Ranged DPS: 140 / Healers: 125"
54,"TEXT_REGSEAPVPCOLOSSEUM_00102_BERKOEYA_000_037",""
55,"TEXT_REGSEAPVPCOLOSSEUM_00102_SYSTEM_000_038",""
56,"TEXT_REGSEAPVPCOLOSSEUM_00102_SYSTEM_000_039",""
57,"TEXT_REGSEAPVPCOLOSSEUM_00102_BERKOEYA_200_037","A predator must be lean and fleet to catch its prey! Fatten up on too much flesh, and ye risk becomin' the next meal! So it is in the wild, and so it is here!"
58,"TEXT_REGSEAPVPCOLOSSEUM_00102_SYSTEM_200_038","Participants who hold 100 or more medals in their possession will be afflicted with the “Heavy Medal” status. While under this status, a participant will receive added damage from attacks."
59,"TEXT_REGSEAPVPCOLOSSEUM_00102_SYSTEM_200_039","In contrast, participants who have fewer than 100 medals benefit from the “Light Medal” status. While under this status, a participant will receive reduced damage from attacks."
60,"TEXT_REGSEAPVPCOLOSSEUM_00102_SYSTEM_200_040","The strength of these effects increases in proportion to the number of medals the participant possesses above or below the threshold."
61,"TEXT_REGSEAPVPCOLOSSEUM_00102_BERKOEYA_000_040","The meat at the Feast is served raw and bloody! If ye want to add a little flavor, then ye'd best get yer paws on the finest spices!"
62,"TEXT_REGSEAPVPCOLOSSEUM_00102_SYSTEM_000_041","The supply containers found around the arena contain “kits” that offer a variety of beneficial effects. The effect of each kit can be determined by the appearance of the supply container."
63,"TEXT_REGSEAPVPCOLOSSEUM_00102_SYSTEM_000_042","Target and destroy a supply container to release its contents, then interact with the kit to gain its effects."
64,"TEXT_REGSEAPVPCOLOSSEUM_00102_SYSTEM_000_043","Note that the effect of a kit can only be gained by the team member who inflicts the most damage upon the supply container."
65,"TEXT_REGSEAPVPCOLOSSEUM_00102_BERKOEYA_000_050","This is a banquet of blood! Only pups waste their time snappin' and snarlin'─a proper wolf goes straight for the throat!"
66,"TEXT_REGSEAPVPCOLOSSEUM_00102_SYSTEM_000_051","During the match, if a certain amount of time elapses without a player being KO'd, then all participants will be afflicted by “Culling Time”─a detrimental status effect that causes players to receive added damage from attacks."
67,"TEXT_REGSEAPVPCOLOSSEUM_00102_SYSTEM_000_052","The amount of extra damage received will continue to rise as time passes. This status will be cleared from all participants upon a player being KO'd."
68,"TEXT_REGSEAPVPCOLOSSEUM_00102_BERKOEYA_000_060","After the wolves have feasted, there's naught left but bloodstains and ravaged corpses!"
69,"TEXT_REGSEAPVPCOLOSSEUM_00102_SYSTEM_000_061","The scoreboard for the Feast displays player contribution to the battle using three abbreviations: K, D, and A."
70,"TEXT_REGSEAPVPCOLOSSEUM_00102_SYSTEM_000_062","“K” stands for the number of opponents a player has killed; “D” stands for the number of a player's deaths; and “A” represents a player's number of assists in defeating enemies."
71,"TEXT_REGSEAPVPCOLOSSEUM_00102_BERKOEYA_000_070","Yer worth as a hunter is measured by the foes ye savage in battle! Let's see how high ye can pile them fang-scored bones!"
72,"TEXT_REGSEAPVPCOLOSSEUM_00102_SYSTEM_000_071","A player's PvP rating is a value that represents <If(PlayerParameter(4))>her<Else/>his</If> relative skill compared to other participants of the Feast."
73,"TEXT_REGSEAPVPCOLOSSEUM_00102_SYSTEM_000_072","PvP rating is affected by the outcome of ranked matches─a player's rating will increase upon victory and decrease upon defeat."
74,"TEXT_REGSEAPVPCOLOSSEUM_00102_BERKOEYA_000_080","To the fiercest beasts go the choicest spoils! But have ye the stamina to stay ahead of the pack?"
75,"TEXT_REGSEAPVPCOLOSSEUM_00102_SYSTEM_000_081","A player's tier represents <If(PlayerParameter(4))>her<Else/>his</If> standing in the hierarchy of the Feast, and is decided by the player's current PvP rating. The higher a player's tier, the better the rewards that can be claimed at the end of a season."
76,"TEXT_REGSEAPVPCOLOSSEUM_00102_SYSTEM_000_082","To move up to the next tier, a player must not only achieve the requisite PvP rating but also win a number of qualifying matches."
77,"TEXT_REGSEAPVPCOLOSSEUM_00102_SYSTEM_000_083","Should a player's PvP rating drop below the minimum required for the current tier, that player will be demoted to the next lower tier."
78,"TEXT_REGSEAPVPCOLOSSEUM_00102_BERKOEYA_000_090","The best seat at the Feast is found perched atop a mountain of yer enemies' carcasses!"
79,"TEXT_REGSEAPVPCOLOSSEUM_00102_SYSTEM_000_091","Promotion qualifiers are matches that allow players to advance to higher tiers. Participants can only fight in promotion qualifiers once they have reached the requisite PvP rating."
80,"TEXT_REGSEAPVPCOLOSSEUM_00102_SYSTEM_000_092","Once the requisite PvP rating has been reached, players earn the right to fight in up to five promotion qualifiers. At least three of these matches must be won in order to advance to the next tier."
81,"TEXT_REGSEAPVPCOLOSSEUM_00102_SYSTEM_000_093","During this promotion period, all matches marked as “Ranked” in the Duty Finder will be counted as qualifying matches."
82,"TEXT_REGSEAPVPCOLOSSEUM_00102_BERKOEYA_000_100","There comes an end to even the most frenzied repast. But when the Feast is over and the table cleared away, will ye be the one wearin' the gore-spattered crown!?"
83,"TEXT_REGSEAPVPCOLOSSEUM_00102_SYSTEM_000_101","A “season” refers to the set period within which participants of the Feast must strive to achieve the highest possible PvP rating and tier."
84,"TEXT_REGSEAPVPCOLOSSEUM_00102_SYSTEM_000_102","At the end of each season, players will receive rewards based on their final tier. Participants that fulfill certain conditions will also be eligible for special season bonuses."
85,"TEXT_REGSEAPVPCOLOSSEUM_00102_SYSTEM_000_103","Speak to the quartermaster at the Wolves' Den to learn more about season rewards."
86,"TEXT_REGSEAPVPCOLOSSEUM_00102_SYSTEM_000_104","When a season ends, <UIForeground>F201F4</UIForeground><UIGlow>F201F5</UIGlow>all PvP ratings and tiers will be reset<UIGlow>01</UIGlow><UIForeground>01</UIForeground>. All players begin with zero rating at the start of each new season."
87,"TEXT_REGSEAPVPCOLOSSEUM_00102_SYSTEM_000_105","The Feast is currently in preseason. During this practice period, players can temporarily improve their PvP rating and fight in promotion qualifiers, but no season rewards will be on offer."
88,"TEXT_REGSEAPVPCOLOSSEUM_00102_SYSTEM_000_106","Use this opportunity to hone your skills, and prepare for the first official season of the Feast!"
89,"TEXT_REGSEAPVPCOLOSSEUM_00102_BERKOEYA_000_110","The victor earns glory and respect! The loser earns contempt reserved for steaming piles of chocobo dung! Couldn't be any simpler!"
90,"TEXT_REGSEAPVPCOLOSSEUM_00102_SYSTEM_000_31","Participating in a match will earn you <UIForeground>F201F4</UIForeground><UIGlow>F201F5</UIGlow>PvP EXP<UIGlow>01</UIGlow><UIForeground>01</UIForeground> and <UIForeground>F201F4</UIForeground><UIGlow>F201F5</UIGlow>Wolf Marks<UIGlow>01</UIGlow><UIForeground>01</UIForeground>, with a larger amount being awarded to the victors."
91,"TEXT_REGSEAPVPCOLOSSEUM_00102_SYSTEM_050_31","By accumulating PvP EXP, you will rise in <UIForeground>F201F4</UIForeground><UIGlow>F201F5</UIGlow>PvP rank<UIGlow>01</UIGlow><UIForeground>01</UIForeground>."
92,"TEXT_REGSEAPVPCOLOSSEUM_00102_SYSTEM_100_31","Wolf Marks, on the other hand, are a special kind of currency that can be used to purchase certain items found only at the Wolves' Den."
93,"TEXT_REGSEAPVPCOLOSSEUM_00102_SYSTEM_101_31",""
94,"TEXT_REGSEAPVPCOLOSSEUM_00102_SYSTEM_000_32","You will also receive <UIForeground>F201F4</UIForeground><UIGlow>F201F5</UIGlow>PvE EXP<UIGlow>01</UIGlow><UIForeground>01</UIForeground> and <UIForeground>F201F4</UIForeground><UIGlow>F201F5</UIGlow>Allagan tomestones<UIGlow>01</UIGlow><UIForeground>01</UIForeground> at the end of each match."
95,"TEXT_REGSEAPVPCOLOSSEUM_00102_LOETAHLSYN_000_1",""
96,"TEXT_REGSEAPVPCOLOSSEUM_00102_LOETAHLSYN_000_2",""
97,"TEXT_REGSEAPVPCOLOSSEUM_00102_LOETAHLSYN_000_10",""
98,"TEXT_REGSEAPVPCOLOSSEUM_00102_SYSTEM_000_25",""
99,"TEXT_REGSEAPVPCOLOSSEUM_00102_SYSTEM_000_26",""
100,"TEXT_REGSEAPVPCOLOSSEUM_00102_LOETAHLSYN_000_20",""
101,"TEXT_REGSEAPVPCOLOSSEUM_00102_LOETAHLSYN_000_30",""
102,"TEXT_REGSEAPVPCOLOSSEUM_00102_SYSTEM_000_33",""
103,"TEXT_REGSEAPVPCOLOSSEUM_00102_LOETAHLSYN_000_40",""
104,"TEXT_REGSEAPVPCOLOSSEUM_00102_LOETAHLSYN_000_41",""
105,"TEXT_REGSEAPVPCOLOSSEUM_00102_SYSTEM_000_42",""
106,"TEXT_REGSEAPVPCOLOSSEUM_00102_SYSTEM_100_42",""
107,"TEXT_REGSEAPVPCOLOSSEUM_00102_SYSTEM_000_43",""
