﻿key,0,1
#,,
int32,str,str
0,"TEXT_REGWILLITTLEALAMHIGO_00122_GISILBEHRT_000_000","Well met, friend. I'm Gisilbehrt, proud man of the Flames."
1,"TEXT_REGWILLITTLEALAMHIGO_00122_GISILBEHRT_000_001","Ah, it's you. Drawn by the whispers of revolution, are we?"
2,"TEXT_REGWILLITTLEALAMHIGO_00122_GISILBEHRT_000_002","Ho, this is a pleasant surprise. Come to look in on the refugees now that they are free to return to Ala Mhigo?"
3,"TEXT_REGWILLITTLEALAMHIGO_00122_GISILBEHRT_000_010","I have charge of security here at Little Ala Mhigo, though that's just half of my duties. The other half is maintaining surveillance over the Amalj'aa encampment to the south."
4,"TEXT_REGWILLITTLEALAMHIGO_00122_GISILBEHRT_000_011","So as to keep a closer watch on the lizardmen, the Immortal Flames entered into an agreement with the refugees. We provide them with relief by way of provisions, and in return they let us use these caverns for our operations."
5,"TEXT_REGWILLITTLEALAMHIGO_00122_GISILBEHRT_000_012","Like you, I'm an outsider in this place. If you find yourself in any sort of trouble, don't hesitate to come to me."
6,"TEXT_REGWILLITTLEALAMHIGO_00122_GISILBEHRT_000_020","This settlement was founded by Ala Mhigan refugees. When their nation fell to the Garleans, they fled in droves, hoping to find a safe haven in either Gridania or Ul'dah. Sad to say, most made it to neither."
7,"TEXT_REGWILLITTLEALAMHIGO_00122_GISILBEHRT_000_021","For all intents and purposes, Gridania is ruled by the elementals, who turn away outsiders on a whim. As for Ul'dah...well, Ul'dah is ruled by coin. And so, having nowhere else to go, the refugees ended up here."
8,"TEXT_REGWILLITTLEALAMHIGO_00122_GISILBEHRT_000_022","You'll find them to be a bitter lot, but that's to be expected, considering all they've been through. Don't be surprised if you're kept at a distance. That said, given time and genuine concern, they'll eventually open up."
9,"TEXT_REGWILLITTLEALAMHIGO_00122_GISILBEHRT_000_030","A home away from home for the lost children of Ala Mhigo, ever since Garlemald conquered their homeland twenty years ago."
10,"TEXT_REGWILLITTLEALAMHIGO_00122_GISILBEHRT_000_031","Gundobald's done his best to negotiate with Ul'dah on behalf of his people, and get them whatever aid and succor the tight-fisted coincounters will abide."
11,"TEXT_REGWILLITTLEALAMHIGO_00122_GISILBEHRT_000_032","Aye, I may be a man of Thanalan, but my heart bleeds for them and theirs. Twenty long years─I can't even begin to imagine. But times are changing, what with some in the Resistance growing bolder with their words and deeds..."
12,"TEXT_REGWILLITTLEALAMHIGO_00122_GISILBEHRT_000_040","A home away from home for the lost children of Ala Mhigo, ever since Garlemald conquered their homeland twenty years ago."
13,"TEXT_REGWILLITTLEALAMHIGO_00122_GISILBEHRT_000_041","But thanks to the hard work and dedication of the Alliance and the Resistance─and you and yours, of course─the imperial forces have been driven from Gyr Abania, and these good men and women are free to return home, if they so desire."
14,"TEXT_REGWILLITTLEALAMHIGO_00122_GISILBEHRT_000_042","That said, many of them have built new lives for themselves here, and I suspect some are hesitant to pack it all up and move back to a place they left decades ago...or never knew at all. But I'm just a man of Thanalan, so what do I know."
15,"TEXT_REGWILLITTLEALAMHIGO_00122_Q1_000_000","What will you ask?"
16,"TEXT_REGWILLITTLEALAMHIGO_00122_A1_000_001","What do you do here?"
17,"TEXT_REGWILLITTLEALAMHIGO_00122_A1_000_002","What kind of place is this?"
18,"TEXT_REGWILLITTLEALAMHIGO_00122_A1_000_003","Nothing."
