﻿key,0,1
#,,
int32,str,str
0,"TEXT_REGWILNOTORIOUSMONSTERHINTF5_00193_MOBHUNTERW1F5_000_1","Is an adventurer on a hunt still an adventurer? Or simply a hunter, intent on marks and glory? There's a thought."
1,"TEXT_REGWILNOTORIOUSMONSTERHINTF5_00193_Q1_000_1","What will you ask?"
2,"TEXT_REGWILNOTORIOUSMONSTERHINTF5_00193_A1_000_1","What do you do here?"
3,"TEXT_REGWILNOTORIOUSMONSTERHINTF5_00193_A1_000_2","Tell me about the rank B elite mark. (Flame Sergeant Dalvag)"
4,"TEXT_REGWILNOTORIOUSMONSTERHINTF5_00193_A1_000_3","Tell me about the rank A elite mark. (Dalvag's Final Flame)"
5,"TEXT_REGWILNOTORIOUSMONSTERHINTF5_00193_A1_000_4","Tell me about the rank S elite mark. (Minhocao)"
6,"TEXT_REGWILNOTORIOUSMONSTERHINTF5_00193_A1_000_5","Nothing."
7,"TEXT_REGWILNOTORIOUSMONSTERHINTF5_00193_MOBHUNTERW1F5_000_10","Oh, I don't know. I hunt. They say it restores the peace, but I don't see much evidence of that."
8,"TEXT_REGWILNOTORIOUSMONSTERHINTF5_00193_MOBHUNTERW1F5_000_11","Still, it puts food on the table and strings on the psaltery. The bounty's paid in Allied Seals. Quite a lot of them, actually."
9,"TEXT_REGWILNOTORIOUSMONSTERHINTF5_00193_MOBHUNTERW1F5_000_12","Anyway, my hunting adventurer, I'm sure you have questions. I do know a lot about elite marks, whatever the rank."
10,"TEXT_REGWILNOTORIOUSMONSTERHINTF5_00193_MOBHUNTERW1F5_000_13","Oh, yes, they come in ranks, rank S being the most dangerous. Though that's also the hardest to find. Rather illogical, really. I mean, if you couldn't find it, it was hardly a danger to you."
11,"TEXT_REGWILNOTORIOUSMONSTERHINTF5_00193_MOBHUNTERW1F5_000_20","“Flame Sergeant Dalvag was among the thousands of defenders who met the Garlean invasion force in northern Thanalan soon after the Calamity. His company was ill placed to hold their position, yet given strict orders not to retreat."
12,"TEXT_REGWILNOTORIOUSMONSTERHINTF5_00193_MOBHUNTERW1F5_000_21","“Many fell, and suffered much in the falling. Multiple witnesses attest that Dalvag was the last of the company and fought as a man possessed till the end, the names of the dead tumbling in hoarse barks through cracked lips. Scholars theorize that his mortal remains are animated by a thirst for vengeance alone.”"
13,"TEXT_REGWILNOTORIOUSMONSTERHINTF5_00193_MOBHUNTERW1F5_000_30","“Much is told of the corpse-soldier, Flame Sergeant Dalvag, yet mainstream scholarship has lagged woefully on the matter of what became of the rest of him."
14,"TEXT_REGWILNOTORIOUSMONSTERHINTF5_00193_MOBHUNTERW1F5_000_31","“Efforts by hunter-scholars with intimate knowledge of northern Thanalan have resulted in persuasive identification of a malevolent local demon as the late sergeant's spirit.”"
15,"TEXT_REGWILNOTORIOUSMONSTERHINTF5_00193_MOBHUNTERW1F5_000_40","Ah, yes, the sandworm. Large concerns like Amajina & Sons don't give a toss about the commonfolk being ambushed and eaten. But a sandworm attacking their convoy─we can't have that!"
16,"TEXT_REGWILNOTORIOUSMONSTERHINTF5_00193_MOBHUNTERW1F5_000_41","“...Sightings of Minhocao have long been reported near deposits and mines, particularly those that hold quantities of ceruleum. Alchemically similar to the sandworms' foremilk, the catalyst is a food source for the great worms."
17,"TEXT_REGWILNOTORIOUSMONSTERHINTF5_00193_MOBHUNTERW1F5_000_42","“However, any attempt to lure Minhocao to the surface with the use of edible bait would necessitate very large quantities of food.”"
18,"TEXT_REGWILNOTORIOUSMONSTERHINTF5_00193_TALK_ACTOR",""
