﻿key,0,1
#,,
int32,str,str
0,"TEXT_CMNDEFRETAINERDESK_00009_DEFAULT_TALK_1","Greetings! I take it you have come to see me about a retainer."
1,"TEXT_CMNDEFRETAINERDESK_00009_DEFAULT_TALK_2","Retainers are hardworking lads and lasses who will help you to manage those spoils earned while off slaying dragons or whatever it is you adventurers do."
2,"TEXT_CMNDEFRETAINERDESK_00009_DEFAULT_TALK_3","Unfortunately, you do not appear you could even slay an eft, let alone a dragon, therefore I must decline any petition you may have to take a retainer into your employ."
3,"TEXT_CMNDEFRETAINERDESK_00009_DEFAULT_TALK_4","Build yourself a reputation in this city, however, and I shall provide you with whatever it is you need. Might I suggest you start by heading back to the Adventurers' Guild and seeing if someone there has work for you?"
4,"TEXT_CMNDEFRETAINERDESK_00009_MAIN_MENU_TITLE","What would you like to do?"
5,"TEXT_CMNDEFRETAINERDESK_00009_MAIN_MENU_TALK","Small Talk."
6,"TEXT_CMNDEFRETAINERDESK_00009_MAIN_MENU_CREATE","Hire a retainer."
7,"TEXT_CMNDEFRETAINERDESK_00009_MAIN_MENU_REMOVE","Release a retainer."
8,"TEXT_CMNDEFRETAINERDESK_00009_MAIN_MENU_REMAKE","Change a retainer's appearance and nickname."
9,"TEXT_CMNDEFRETAINERDESK_00009_MAIN_MENU_EXPLANATION","Ask about retainers."
10,"TEXT_CMNDEFRETAINERDESK_00009_MAIN_MENU_JOBCHANGE","Inquire about retainer jobs."
11,"TEXT_CMNDEFRETAINERDESK_00009_MAIN_MENU_CHECK_CASHBACK","View market tax rates."
12,"TEXT_CMNDEFRETAINERDESK_00009_MAIN_MENU_CANCEL","Nothing."
13,"TEXT_CMNDEFRETAINERDESK_00009_MAIN_MENU_REGISTER_LIMSA","Dispatch a retainer to Limsa Lominsa."
14,"TEXT_CMNDEFRETAINERDESK_00009_MAIN_MENU_REGISTER_GRIDANIA","Dispatch a retainer to Gridania."
15,"TEXT_CMNDEFRETAINERDESK_00009_MAIN_MENU_REGISTER_ULDAH","Dispatch a retainer to Ul'dah."
16,"TEXT_CMNDEFRETAINERDESK_00009_MAIN_MENU_REGISTER_ISHGARD","Dispatch a retainer to Ishgard."
17,"TEXT_CMNDEFRETAINERDESK_00009_MAIN_MENU_REGISTER_TOWN40","Dispatch a retainer to Kugane."
18,"TEXT_CMNDEFRETAINERDESK_00009_MAIN_MENU_REGISTER_OLDSHARLAYAN","Dispatch a retainer to Old Sharlayan."
19,"TEXT_CMNDEFRETAINERDESK_00009_MAIN_MENU_REGISTER_VER70","Dispatch a retainer to Tuliyollal."
20,"TEXT_CMNDEFRETAINERDESK_00009_EXPLANATION_MENU_TITLE","What will you ask?"
21,"TEXT_CMNDEFRETAINERDESK_00009_EXPLANATION_MENU_WHAT_IS","Who are retainers?"
22,"TEXT_CMNDEFRETAINERDESK_00009_EXPLANATION_MENU_ABOUT","What services can retainers provide?"
23,"TEXT_CMNDEFRETAINERDESK_00009_EXPLANATION_MENU_CALL","How do I summon a retainer?"
24,"TEXT_CMNDEFRETAINERDESK_00009_MAIN_MENU_BACK","Nothing"
25,"TEXT_CMNDEFRETAINERDESK_00009_ABOUT_TALK_01","Retainers are men and women who offer their services in exchange for coin. Though they're seldom as sharp as adventurers like yourself, they're no strangers to life's more menial tasks─tasks which your lot might not think worth your time."
26,"TEXT_CMNDEFRETAINERDESK_00009_ABOUT_TALK_02","Retainers can provide a host of different services, from tending your items to protecting your gil. Oh, and you need not worry about providing recompense for a retainer's services, for the Adventurers' Guild will not only cover his salary, but also replace anything that goes missing, should you wake up to find your belongings gone and your retainer nowhere to be found."
27,"TEXT_CMNDEFRETAINERDESK_00009_ITEMS_GIL_TALK_01","Another job retainers are often asked to perform is the tending of items placed up for sale in the markets─something many adventurers cannot be bothered to do themselves."
28,"TEXT_CMNDEFRETAINERDESK_00009_ITEMS_GIL_TALK_02","If you wish to experience the market for yourself, I ask that you seek out one of the nearby boards."
29,"TEXT_CMNDEFRETAINERDESK_00009_CALL_TALK_01","Retainers in your employ can be summoned at any time using special bells like the one nearby."
30,"TEXT_CMNDEFRETAINERDESK_00009_CALL_TALK_02","Summoning bells can also be found around the realm in oft-visited locations such as city markets and inns."
31,"TEXT_CMNDEFRETAINERDESK_00009_CASHBACK_ASK_TITLE","Current Market Tax Rates:"
32,"TEXT_CMNDEFRETAINERDESK_00009_CASHBACK_ASK_LIMSA","Limsa Lominsa: Reduced"
33,"TEXT_CMNDEFRETAINERDESK_00009_CASHBACK_ASK_LIMSA_NONE","Limsa Lominsa: Normal"
34,"TEXT_CMNDEFRETAINERDESK_00009_CASHBACK_ASK_GRIDANIA","Gridania: Reduced"
35,"TEXT_CMNDEFRETAINERDESK_00009_CASHBACK_ASK_GRIDANIA_NONE","Gridania: Normal"
36,"TEXT_CMNDEFRETAINERDESK_00009_CASHBACK_ASK_ULDAH","Ul'dah: Reduced"
37,"TEXT_CMNDEFRETAINERDESK_00009_CASHBACK_ASK_ULDAH_NONE","Ul'dah: Normal"
38,"TEXT_CMNDEFRETAINERDESK_00009_CASHBACK_ASK_ISHGARD","Ishgard: Reduced"
39,"TEXT_CMNDEFRETAINERDESK_00009_CASHBACK_ASK_ISHGARD_NONE","Ishgard: Normal"
40,"TEXT_CMNDEFRETAINERDESK_00009_CASHBACK_ASK_TOWN40","Kugane: Reduced"
41,"TEXT_CMNDEFRETAINERDESK_00009_CASHBACK_ASK_TOWN40_NONE","Kugane: Normal"
42,"TEXT_CMNDEFRETAINERDESK_00009_CASHBACK_ASK","<Sheet(Town,IntegerParameter(1),0)/>: Reduced"
43,"TEXT_CMNDEFRETAINERDESK_00009_CASHBACK_ASK_NONE","<Sheet(Town,IntegerParameter(1),0)/>: Normal"
44,"TEXT_CMNDEFRETAINERDESK_00009_CASHBACK_LIMSA","Tax on items sold in the Limsa Lominsa markets is reduced to <Value>IntegerParameter(2)</Value>% until <Time(IntegerParameter(3))/><If(Equal(PlayerParameter(77),3))> <Value>TopLevelParameter(219)</Value>/<Value>TopLevelParameter(221)</Value>/<Value>TopLevelParameter(222)</Value><Else/><Value>TopLevelParameter(221)</Value>/<Value>TopLevelParameter(219)</Value>/<Value>TopLevelParameter(222)</Value></If> (Earth date)."
45,"TEXT_CMNDEFRETAINERDESK_00009_CASHBACK_GRIDANIA","Tax on items sold in the Gridania markets is reduced to <Value>IntegerParameter(2)</Value>% until <Time(IntegerParameter(3))/><If(Equal(PlayerParameter(77),3))> <Value>TopLevelParameter(219)</Value>/<Value>TopLevelParameter(221)</Value>/<Value>TopLevelParameter(222)</Value><Else/><Value>TopLevelParameter(221)</Value>/<Value>TopLevelParameter(219)</Value>/<Value>TopLevelParameter(222)</Value></If> (Earth date)."
46,"TEXT_CMNDEFRETAINERDESK_00009_CASHBACK_ULDAH","Tax on items sold in the Ul'dah markets is reduced to <Value>IntegerParameter(2)</Value>% until <Time(IntegerParameter(3))/><If(Equal(PlayerParameter(77),3))> <Value>TopLevelParameter(219)</Value>/<Value>TopLevelParameter(221)</Value>/<Value>TopLevelParameter(222)</Value><Else/><Value>TopLevelParameter(221)</Value>/<Value>TopLevelParameter(219)</Value>/<Value>TopLevelParameter(222)</Value></If> (Earth date)."
47,"TEXT_CMNDEFRETAINERDESK_00009_CASHBACK_ISHGARD","Tax on items sold in the Ishgard markets is reduced to <Value>IntegerParameter(2)</Value>% until <Time(IntegerParameter(3))/><If(Equal(PlayerParameter(77),3))> <Value>TopLevelParameter(219)</Value>/<Value>TopLevelParameter(221)</Value>/<Value>TopLevelParameter(222)</Value><Else/><Value>TopLevelParameter(221)</Value>/<Value>TopLevelParameter(219)</Value>/<Value>TopLevelParameter(222)</Value></If> (Earth date)."
48,"TEXT_CMNDEFRETAINERDESK_00009_CASHBACK_TOWN40","Tax on items sold in the Kugane markets is reduced to <Value>IntegerParameter(2)</Value>% until <Time(IntegerParameter(3))/><If(Equal(PlayerParameter(77),3))> <Value>TopLevelParameter(219)</Value>/<Value>TopLevelParameter(221)</Value>/<Value>TopLevelParameter(222)</Value><Else/><Value>TopLevelParameter(221)</Value>/<Value>TopLevelParameter(219)</Value>/<Value>TopLevelParameter(222)</Value></If> (Earth date)."
49,"TEXT_CMNDEFRETAINERDESK_00009_CASHBACK","Tax on items sold in the <Sheet(Town,IntegerParameter(1),0)/> markets is reduced to <Value>IntegerParameter(4)</Value>% until <Time(IntegerParameter(2))/><If(Equal(PlayerParameter(77),3))> <Value>TopLevelParameter(219)</Value>/<Value>TopLevelParameter(221)</Value>/<Value>TopLevelParameter(222)</Value><Else/><Value>TopLevelParameter(221)</Value>/<Value>TopLevelParameter(219)</Value>/<Value>TopLevelParameter(222)</Value></If> (Earth date)."
50,"TEXT_CMNDEFRETAINERDESK_00009_NO_CASHBACK_LIMSA","Tax on items sold in the Limsa Lominsa markets is the normal rate of <Value>IntegerParameter(1)</Value>%."
51,"TEXT_CMNDEFRETAINERDESK_00009_NO_CASHBACK_GRIDANIA","Tax on items sold in the Gridania markets is the normal rate of <Value>IntegerParameter(1)</Value>%."
52,"TEXT_CMNDEFRETAINERDESK_00009_NO_CASHBACK_ULDAH","Tax on items sold in the Ul'dah markets is the normal rate of <Value>IntegerParameter(1)</Value>%."
53,"TEXT_CMNDEFRETAINERDESK_00009_NO_CASHBACK_ISHGARD","Tax on items sold in the Ishgard markets is the normal rate of <Value>IntegerParameter(1)</Value>%."
54,"TEXT_CMNDEFRETAINERDESK_00009_NO_CASHBACK_TOWN40","Tax on items sold in the Kugane markets is the normal rate of <Value>IntegerParameter(1)</Value>%."
55,"TEXT_CMNDEFRETAINERDESK_00009_NO_CASHBACK","Tax on items sold in the <Sheet(Town,IntegerParameter(1),0)/> markets is the normal rate of <Value>IntegerParameter(2)</Value>%."
56,"TEXT_CMNDEFRETAINERDESK_00009_CASHBACK_ASK_ABOUT","Learn about Market Tax"
57,"TEXT_CMNDEFRETAINERDESK_00009_CASHBACK_EXPLANATION","To make their markets more attractive to prospective sellers, cities will often lower the percentage of tax that is collected from each sale."
58,"TEXT_CMNDEFRETAINERDESK_00009_CASHBACK_CAUTION","Reduced tax rate periods can end earlier than indicated if areas require maintenance."
59,"TEXT_CMNDEFRETAINERDESK_00009_CREATE_TALK_01","According to our records, you may hire up to <Value>IntegerParameter(1)</Value> retainers."
60,"TEXT_CMNDEFRETAINERDESK_00009_NO_RETAINERS_TALK","Currently, you have no retainers in your employ."
61,"TEXT_CMNDEFRETAINERDESK_00009_HAVE_RETAINERS_TALK","Currently, you have <Value>IntegerParameter(1)</Value> <If(Equal(IntegerParameter(1),1))>retainer<Else/>retainers</If> in your employ."
62,"TEXT_CMNDEFRETAINERDESK_00009_CUSTOMIZE_WARNING","While customizing your retainer, you will be unable to communicate with players and engage in other activities."
63,"TEXT_CMNDEFRETAINERDESK_00009_CUSTOMIZE_TALK","Excellent. We have quite a few men and women on our lists, so I invite you to describe the retainer you desire, down to the most minute detail."
64,"TEXT_CMNDEFRETAINERDESK_00009_DUTY_FINDER_WARNING","Beginning the retainer customization process will automatically cancel your Duty Finder registration."
65,"TEXT_CMNDEFRETAINERDESK_00009_DUTY_FINDER_CONFIRM","Withdraw duty registration and hire a retainer?"
66,"TEXT_CMNDEFRETAINERDESK_00009_PERSONALITY_TALK","I can think of several retainers that are exactly as you describe. Oddly enough, they have strikingly different personalities. If you would be so kind as to state a preference, it would be most helpful."
67,"TEXT_CMNDEFRETAINERDESK_00009_PERSONALITY_TITLE","Select your retainer's personality."
68,"TEXT_CMNDEFRETAINERDESK_00009_PERSONALITY_CHEERFUL","Polite."
69,"TEXT_CMNDEFRETAINERDESK_00009_PERSONALITY_WILD","Rough."
70,"TEXT_CMNDEFRETAINERDESK_00009_PERSONALITY_COOLHEADED","Serious."
71,"TEXT_CMNDEFRETAINERDESK_00009_PERSONALITY_CAREFREE","Carefree."
72,"TEXT_CMNDEFRETAINERDESK_00009_PERSONALITY_PROBLEMATIC","Independent."
73,"TEXT_CMNDEFRETAINERDESK_00009_PERSONALITY_PLAYFUL","Lively."
74,"TEXT_CMNDEFRETAINERDESK_00009_CHECK_PERSONALITY_ENTER","Very well, I have just the individual in mind. When summoned, this retainer will greet you just so:"
75,"TEXT_CMNDEFRETAINERDESK_00009_CHECK_PERSONALITY_LEAVE","And when dismissed, this retainer will bid you farewell just so:"
76,"TEXT_CMNDEFRETAINERDESK_00009_CHECK_PERSONALITY_CONFIRM","Hire this retainer?"
77,"TEXT_CMNDEFRETAINERDESK_00009_NAME_ASK","Excellent. It is also customary to give a retainer an appellation of one's own making─a nickname, as it were. We find this deepens the bond between our clients and their retainers."
78,"TEXT_CMNDEFRETAINERDESK_00009_NAME_PROMPT_TITLE","Retainer Nickname"
79,"TEXT_CMNDEFRETAINERDESK_00009_NAME_PROMPT_MESSAGE0","Give your retainer a nickname."
80,"TEXT_CMNDEFRETAINERDESK_00009_NAME_PROMPT_MESSAGE1","Names must be at least 3 characters long and can contain letters, apostrophes, and hyphens. Please note, however, that hyphens cannot be used in succession or placed immediately before or after apostrophes."
81,"TEXT_CMNDEFRETAINERDESK_00009_NAME_PROMPT_HEAD"," "
82,"TEXT_CMNDEFRETAINERDESK_00009_CANCEL_CONFIRM","Are you certain you wish to cancel the hiring process?"
83,"TEXT_CMNDEFRETAINERDESK_00009_CREATE_CONFIRM","Hire the services of <Highlight>StringParameter(1)</Highlight>?"
84,"TEXT_CMNDEFRETAINERDESK_00009_ASK_CREATE","Hire a retainer?"
85,"TEXT_CMNDEFRETAINERDESK_00009_ASK_CREATE_YES","Yes"
86,"TEXT_CMNDEFRETAINERDESK_00009_ASK_CREATE_NO","No"
87,"TEXT_CMNDEFRETAINERDESK_00009_CREATING_RETAINER","One moment, please, while I draft the proper documentation."
88,"TEXT_CMNDEFRETAINERDESK_00009_CREATE_SUCCESS_01","Congratulations! <Clickable(<Highlight>StringParameter(1)</Highlight>)/> is now in your employ."
89,"TEXT_CMNDEFRETAINERDESK_00009_CREATE_SUCCESS_02","You can summon your new retainer using the nearby bell."
90,"TEXT_CMNDEFRETAINERDESK_00009_CREATE_SUCCESS_03","If you have any further questions or requests, please do not hesitate to ask."
91,"TEXT_CMNDEFRETAINERDESK_00009_RETAINER_CREATE_FAILED_NAME","The name you have chosen is not available. Please select another."
92,"TEXT_CMNDEFRETAINERDESK_00009_RETAINER_CREATE_FULL","I am sorry, but you cannot hire any more retainers."
93,"TEXT_CMNDEFRETAINERDESK_00009_RETAINER_CREATE_CANCEL","Understood. If you change your mind, speak with me again."
94,"TEXT_CMNDEFRETAINERDESK_00009_REGISTER_TALK_LIMSA_01","Select the retainer you wish to send to the markets in Limsa Lominsa."
95,"TEXT_CMNDEFRETAINERDESK_00009_REGISTER_ASK_LIMSA","Send <Clickable(<Highlight>StringParameter(1)</Highlight>)/> to Limsa Lominsa?"
96,"TEXT_CMNDEFRETAINERDESK_00009_REGISTER_SUCCESS_LIMSA","<Clickable(<Highlight>StringParameter(1)</Highlight>)/> has been sent to Limsa Lominsa."
97,"TEXT_CMNDEFRETAINERDESK_00009_REGISTER_ALREADY_LIMSA","That retainer is already in Limsa Lominsa."
98,"TEXT_CMNDEFRETAINERDESK_00009_REGISTER_TALK_GRIDANIA_01","Select the retainer you wish to send to the markets in Gridania."
99,"TEXT_CMNDEFRETAINERDESK_00009_REGISTER_ASK_GRIDANIA","Send <Clickable(<Highlight>StringParameter(1)</Highlight>)/> to Gridania?"
100,"TEXT_CMNDEFRETAINERDESK_00009_REGISTER_SUCCESS_GRIDANIA","<Clickable(<Highlight>StringParameter(1)</Highlight>)/> has been sent to Gridania."
101,"TEXT_CMNDEFRETAINERDESK_00009_REGISTER_ALREADY_GRIDANIA","That retainer is already in Gridania."
102,"TEXT_CMNDEFRETAINERDESK_00009_REGISTER_TALK_ULDAH_01","Select the retainer you wish to send to the markets in Ul'dah."
103,"TEXT_CMNDEFRETAINERDESK_00009_REGISTER_ASK_ULDAH","Send <Clickable(<Highlight>StringParameter(1)</Highlight>)/> to Ul'dah?"
104,"TEXT_CMNDEFRETAINERDESK_00009_REGISTER_SUCCESS_ULDAH","<Clickable(<Highlight>StringParameter(1)</Highlight>)/> has been sent to Ul'dah."
105,"TEXT_CMNDEFRETAINERDESK_00009_REGISTER_ALREADY_ULDAH","That retainer is already in Ul'dah."
106,"TEXT_CMNDEFRETAINERDESK_00009_REGISTER_TALK_ISHGARD_01","Select the retainer you wish to send to the markets in Ishgard."
107,"TEXT_CMNDEFRETAINERDESK_00009_REGISTER_ASK_ISHGARD","Send <Clickable(<Highlight>StringParameter(1)</Highlight>)/> to Ishgard?"
108,"TEXT_CMNDEFRETAINERDESK_00009_REGISTER_SUCCESS_ISHGARD","<Clickable(<Highlight>StringParameter(1)</Highlight>)/> has been sent to Ishgard."
109,"TEXT_CMNDEFRETAINERDESK_00009_REGISTER_ALREADY_ISHGARD","That retainer is already in Ishgard."
110,"TEXT_CMNDEFRETAINERDESK_00009_REGISTER_TALK_TOWN40_01","Select the retainer you wish to send to the markets in Kugane."
111,"TEXT_CMNDEFRETAINERDESK_00009_REGISTER_ASK_TOWN40","Send <Clickable(<Highlight>StringParameter(1)</Highlight>)/> to Kugane?"
112,"TEXT_CMNDEFRETAINERDESK_00009_REGISTER_SUCCESS_TOWN40","<Clickable(<Highlight>StringParameter(1)</Highlight>)/> has been sent to Kugane."
113,"TEXT_CMNDEFRETAINERDESK_00009_REGISTER_ALREADY_TOWN40","That retainer is already in Kugane."
114,"TEXT_CMNDEFRETAINERDESK_00009_REGISTER_TALK_OLDSHARLAYAN_01","Select the retainer you wish to send to the markets in Old Sharlayan."
115,"TEXT_CMNDEFRETAINERDESK_00009_REGISTER_ASK_OLDSHARLAYAN","Send <Clickable(<Highlight>StringParameter(1)</Highlight>)/> to Old Sharlayan?"
116,"TEXT_CMNDEFRETAINERDESK_00009_REGISTER_SUCCESS_OLDSHARLAYAN","<Clickable(<Highlight>StringParameter(1)</Highlight>)/> has been sent to Old Sharlayan."
117,"TEXT_CMNDEFRETAINERDESK_00009_REGISTER_ALREADY_OLDSHARLAYAN","That retainer is already in Old Sharlayan."
118,"TEXT_CMNDEFRETAINERDESK_00009_REGISTER_TALK_VER70_01","Select the retainer you wish to send to the markets in Tuliyollal."
119,"TEXT_CMNDEFRETAINERDESK_00009_REGISTER_ASK_VER70","Send <Clickable(<Highlight>StringParameter(1)</Highlight>)/> to Tuliyollal?"
120,"TEXT_CMNDEFRETAINERDESK_00009_REGISTER_SUCCESS_VER70","<Clickable(<Highlight>StringParameter(1)</Highlight>)/> has been sent to Tuliyollal."
121,"TEXT_CMNDEFRETAINERDESK_00009_REGISTER_ALREADY_VER70","That retainer is already in Tuliyollal."
122,"TEXT_CMNDEFRETAINERDESK_00009_REGISTER_ASK_YES","Yes"
123,"TEXT_CMNDEFRETAINERDESK_00009_REGISTER_ASK_NO","No"
124,"TEXT_CMNDEFRETAINERDESK_00009_REMAKE_RETAINER_EXPLANATION","You...are dissatisfied with one of your retainers? Very well. If you would be so kind as to inform me which retainer is lacking, we can begin the review process."
125,"TEXT_CMNDEFRETAINERDESK_00009_REMAKE_RETAINER_TALK","You may change your retainers' nicknames or instruct them to visit the aesthetician at any time. If you desire more drastic changes to a retainer's appearance or personality, the retainer vocate will assist you in finding a replacement of comparable skill and experience."
126,"TEXT_CMNDEFRETAINERDESK_00009_ASK_REMAKE","Review your specifications for <Clickable(<Highlight>StringParameter(1)</Highlight>)/>?"
127,"TEXT_CMNDEFRETAINERDESK_00009_ASK_REMAKE_YES","Yes"
128,"TEXT_CMNDEFRETAINERDESK_00009_ASK_REMAKE_NO","No"
129,"TEXT_CMNDEFRETAINERDESK_00009_RETAINER_REMAKE_CANCEL","Then you <Emphasis>are</Emphasis> completely satisfied with your retainer? Understood. Pray speak with me again should your preferences change."
130,"TEXT_CMNDEFRETAINERDESK_00009_DUTY_FINDER_CONFIRM_REMAKE","Withdraw duty registration and review your retainer?"
131,"TEXT_CMNDEFRETAINERDESK_00009_RETAINER_REMAKE_TALK","Very well. First, let us review your retainer's current appearance. I must ask that you describe in detail which aspects you find unappealing, and what you would prefer."
132,"TEXT_CMNDEFRETAINERDESK_00009_PERSONALITY_TALK_REMAKE","I see... Next, I would have you confirm your preference with regards to personality. “The right retainer for the right person,” as we are wont to say."
133,"TEXT_CMNDEFRETAINERDESK_00009_CHECK_PERSONALITY_REMAKE_ENTER","To ensure there is no misunderstanding, know that your retainer will address you just so:"
134,"TEXT_CMNDEFRETAINERDESK_00009_CHECK_PERSONALITY_CONFIRM_REMAKE","Are you satisfied with this personality?"
135,"TEXT_CMNDEFRETAINERDESK_00009_NAME_ASK_REMAKE","Understood. Finally, I must needs verify the nickname you would give your retainer. You may register the same nickname if you like."
136,"TEXT_CMNDEFRETAINERDESK_00009_CANCEL_CONFIRM_REMAKE","Are you certain you wish to cancel the review process?"
137,"TEXT_CMNDEFRETAINERDESK_00009_REMAKE_CONFIRM","Complete your review of <Highlight>StringParameter(1)</Highlight>?"
138,"TEXT_CMNDEFRETAINERDESK_00009_REMEKE_RETAINER","One moment, please, while I draft the proper documentation."
139,"TEXT_CMNDEFRETAINERDESK_00009_EQUIP_HAVE_RETAINER","Forgive me, but you must first instruct your retainer to remove all equipment. A necessary precaution, in light of past incidents."
140,"TEXT_CMNDEFRETAINERDESK_00009_VENTURE_RETAINER","Our records indicate that your retainer is currently undertaking a venture. Until that is no longer the case, I fear we cannot begin the review process."
141,"TEXT_CMNDEFRETAINERDESK_00009_RETAINER_REMAKE_FAILED","Due to unforeseen circumstances, we cannot review your retainer at this time."
142,"TEXT_CMNDEFRETAINERDESK_00009_REMAKE_SUCCESS_01","I am pleased to inform you that your review has been processed, and <Highlight>StringParameter(1)</Highlight> is now ready to serve you."
143,"TEXT_CMNDEFRETAINERDESK_00009_REMAKE_SUCCESS_02","You can summon your retainer using the nearby bell."
144,"TEXT_CMNDEFRETAINERDESK_00009_REMOVE_RETAINER_EXPLANATION","Very well. Allow me a moment to locate your documentation."
145,"TEXT_CMNDEFRETAINERDESK_00009_NO_RETAINERS_AVAILABLE","It does not appear you have any retainers in your employ at this time."
146,"TEXT_CMNDEFRETAINERDESK_00009_REMOVE_RETAINER_TALK","Confirm the retainer you wish to release."
147,"TEXT_CMNDEFRETAINERDESK_00009_ASK_REMOVE","Release <Clickable(<Highlight>StringParameter(1)</Highlight>)/>?"
148,"TEXT_CMNDEFRETAINERDESK_00009_ASK_REMOVE_HASHOUSE","Release <Clickable(<Highlight>StringParameter(1)</Highlight>)/>?
Please be advised that retainers placed in estates will not be automatically removed."
149,"TEXT_CMNDEFRETAINERDESK_00009_ASK_REMOVE_YES","Yes"
150,"TEXT_CMNDEFRETAINERDESK_00009_ASK_REMOVE_NO","No"
151,"TEXT_CMNDEFRETAINERDESK_00009_RETAINER_REMOVE_SUCCESS","<Clickable(<Highlight>StringParameter(1)</Highlight>)/> is released from service."
152,"TEXT_CMNDEFRETAINERDESK_00009_RETAINER_REMOVE_FAILED_INVENTORY","Our records show that the retainer you wish to release is still in possession of several of your belongings, and may have placed a number of them for sale on the market. You must retrieve those belongings before I can approve the dismissal."
153,"TEXT_CMNDEFRETAINERDESK_00009_RETAINER_REMOVE_CANCEL","Understood. The retainer shall remain in your employ. Speak with me again if you change your mind."
154,"TEXT_CMNDEFRETAINERDESK_00009_JOB_MENU_TITLE","What would you like to do?"
155,"TEXT_CMNDEFRETAINERDESK_00009_JOB_MENU_HOWTO","Ask about assigning your retainer a job."
156,"TEXT_CMNDEFRETAINERDESK_00009_JOB_MENU_RELATION","Ask about job requirements."
157,"TEXT_CMNDEFRETAINERDESK_00009_JOB_MENU_OBTAIN","Purchase a copy of <Emphasis>Modern Vocation</Emphasis>."
158,"TEXT_CMNDEFRETAINERDESK_00009_JOB_MENU_CANCEL","Nothing."
159,"TEXT_CMNDEFRETAINERDESK_00009_JOB_HOWTO_TALK_01","By popular demand, we have prepared an exhaustive publication to aid clients who would have their retainers train in certain ancient or esoteric traditions."
160,"TEXT_CMNDEFRETAINERDESK_00009_JOB_HOWTO_TALK_02","To assign your retainer a <UIForeground>F201F4</UIForeground><UIGlow>F201F5</UIGlow>job<UIGlow>01</UIGlow><UIForeground>01</UIForeground>, you must first obtain <SheetEn(Item,1,IntegerParameter(1),1,1)/>, which can be purchased from the retainer vocate for 40 ventures."
161,"TEXT_CMNDEFRETAINERDESK_00009_JOB_HOWTO_TALK_03","Furthermore, you must have achieved level 50 in the job you wish to assign your retainer. Please note that the jobs you can assign your retainer are determined by their class. Limited jobs are not available."
162,"TEXT_CMNDEFRETAINERDESK_00009_JOB_HOWTO_TALK_04","If you wish to assign a level 50 retainer a job which is not currently available, you will need to reset and change their class."
163,"TEXT_CMNDEFRETAINERDESK_00009_RELATION_TALK_01","As you may know, a certain measure of experience is required before a retainer may train in a more advanced tradition."
164,"TEXT_CMNDEFRETAINERDESK_00009_RELATION_MENU_TITLE","Select a class."
165,"TEXT_CMNDEFRETAINERDESK_00009_RELATION_MENU_CLASS","<Clickable(<Sheet(ClassJob,IntegerParameter(1),0)/>)/>."
166,"TEXT_CMNDEFRETAINERDESK_00009_RELATION_MENU_CANCEL","Return."
167,"TEXT_CMNDEFRETAINERDESK_00009_CONDITIONS_TALK_01","A retainer who has been assigned the <Sheet(ClassJob,IntegerParameter(1),0)/> class may be eligible to train in the following traditions:"
168,"TEXT_CMNDEFRETAINERDESK_00009_CONDITIONS_MENU_TITLE","Select a job."
169,"TEXT_CMNDEFRETAINERDESK_00009_CONDITIONS_MENU_CLASS","<Clickable(<Sheet(ClassJob,IntegerParameter(1),0)/>)/>."
170,"TEXT_CMNDEFRETAINERDESK_00009_CONDITIONS_MENU_CANCEL","Return."
171,"TEXT_CMNDEFRETAINERDESK_00009_CONDITIONS_TALK_10","To assign your retainer the <Sheet(ClassJob,IntegerParameter(1),0)/> job, you yourself must first achieve level 50 as <If(Equal(IntegerParameter(1),10))>an <Sheet(ClassJob,IntegerParameter(1),0)/><Else/><If(Equal(IntegerParameter(1),14))>an <Sheet(ClassJob,IntegerParameter(1),0)/><Else/><If(Equal(IntegerParameter(1),5))>an <Sheet(ClassJob,IntegerParameter(1),0)/><Else/><If(Equal(IntegerParameter(1),26))>an <Sheet(ClassJob,IntegerParameter(1),0)/><Else/><If(Equal(IntegerParameter(1),33))>an <Sheet(ClassJob,IntegerParameter(1),0)/><Else/>a <Sheet(ClassJob,IntegerParameter(1),0)/></If></If></If></If></If>. Additionally, your retainer must have achieved level 30 as <If(Equal(IntegerParameter(2),10))>an <Sheet(ClassJob,IntegerParameter(2),0)/><Else/><If(Equal(IntegerParameter(2),14))>an <Sheet(ClassJob,IntegerParameter(2),0)/><Else/><If(Equal(IntegerParameter(2),5))>an <Sheet(ClassJob,IntegerParameter(2),0)/><Else/><If(Equal(IntegerParameter(2),26))>an <Sheet(ClassJob,IntegerParameter(2),0)/><Else/><If(Equal(IntegerParameter(2),33))>an <Sheet(ClassJob,IntegerParameter(2),0)/><Else/>a <Sheet(ClassJob,IntegerParameter(2),0)/></If></If></If></If></If>."
172,"TEXT_CMNDEFRETAINERDESK_00009_CONDITIONS_TALK_20","To assign your retainer the <Sheet(ClassJob,IntegerParameter(1),0)/> job, you yourself must first achieve level 50 as <If(Equal(IntegerParameter(1),10))>an <Sheet(ClassJob,IntegerParameter(1),0)/><Else/><If(Equal(IntegerParameter(1),14))>an <Sheet(ClassJob,IntegerParameter(1),0)/><Else/><If(Equal(IntegerParameter(1),5))>an <Sheet(ClassJob,IntegerParameter(1),0)/><Else/><If(Equal(IntegerParameter(1),26))>an <Sheet(ClassJob,IntegerParameter(1),0)/><Else/><If(Equal(IntegerParameter(1),33))>an <Sheet(ClassJob,IntegerParameter(1),0)/><Else/>a <Sheet(ClassJob,IntegerParameter(1),0)/></If></If></If></If></If>. Additionally, your retainer must have achieved level 50 as a Disciple of War or Magic."
173,"TEXT_CMNDEFRETAINERDESK_00009_CONDITIONS_TALK_30","To assign your retainer the <Sheet(ClassJob,IntegerParameter(1),0)/> job, you yourself must first achieve level 60 as <If(Equal(IntegerParameter(1),10))>an <Sheet(ClassJob,IntegerParameter(1),0)/><Else/><If(Equal(IntegerParameter(1),14))>an <Sheet(ClassJob,IntegerParameter(1),0)/><Else/><If(Equal(IntegerParameter(1),5))>an <Sheet(ClassJob,IntegerParameter(1),0)/><Else/><If(Equal(IntegerParameter(1),26))>an <Sheet(ClassJob,IntegerParameter(1),0)/><Else/><If(Equal(IntegerParameter(1),33))>an <Sheet(ClassJob,IntegerParameter(1),0)/><Else/>a <Sheet(ClassJob,IntegerParameter(1),0)/></If></If></If></If></If>. Additionally, your retainer must have achieved level 60 as a Disciple of War or Magic."
174,"TEXT_CMNDEFRETAINERDESK_00009_CONDITIONS_TALK_40","To assign your retainer the <Sheet(ClassJob,IntegerParameter(1),0)/> job, you yourself must first achieve level 70 as <If(Equal(IntegerParameter(1),10))>an <Sheet(ClassJob,IntegerParameter(1),0)/><Else/><If(Equal(IntegerParameter(1),14))>an <Sheet(ClassJob,IntegerParameter(1),0)/><Else/><If(Equal(IntegerParameter(1),5))>an <Sheet(ClassJob,IntegerParameter(1),0)/><Else/><If(Equal(IntegerParameter(1),26))>an <Sheet(ClassJob,IntegerParameter(1),0)/><Else/><If(Equal(IntegerParameter(1),33))>an <Sheet(ClassJob,IntegerParameter(1),0)/><Else/>a <Sheet(ClassJob,IntegerParameter(1),0)/></If></If></If></If></If>. Additionally, your retainer must have achieved level 70 as a Disciple of War or Magic."
175,"TEXT_CMNDEFRETAINERDESK_00009_CONDITIONS_TALK_50","To assign your retainer the <Sheet(ClassJob,IntegerParameter(1),0)/> job, you yourself must first achieve level 80 as <If(Equal(IntegerParameter(1),10))>an <Sheet(ClassJob,IntegerParameter(1),0)/><Else/><If(Equal(IntegerParameter(1),14))>an <Sheet(ClassJob,IntegerParameter(1),0)/><Else/><If(Equal(IntegerParameter(1),5))>an <Sheet(ClassJob,IntegerParameter(1),0)/><Else/><If(Equal(IntegerParameter(1),26))>an <Sheet(ClassJob,IntegerParameter(1),0)/><Else/><If(Equal(IntegerParameter(1),33))>an <Sheet(ClassJob,IntegerParameter(1),0)/><Else/>a <Sheet(ClassJob,IntegerParameter(1),0)/></If></If></If></If></If>. Additionally, your retainer must have achieved level 80 as a Disciple of War or Magic."
176,"TEXT_CMNDEFRETAINERDESK_00009_SCROLL_HAS_ALREADY","Ahem. If I am not mistaken, do you not already have a copy of that publication in your possession?"
177,"TEXT_CMNDEFRETAINERDESK_00009_SCROLL_TALK_01","You already possess a copy of <Emphasis>Modern Vocation</Emphasis>. You may summon a retainer and assign them a job, if they meet the necessary requirements."
178,"TEXT_CMNDEFRETAINERDESK_00009_SCROLL_TALK_02",""
179,"TEXT_CMNDEFRETAINERDESK_00009_SCROLL_TALK_03",""
180,"TEXT_CMNDEFRETAINERDESK_00009_ASK_SCROLL_TRADE","Exchange 40 ventures for <SheetEn(Item,1,IntegerParameter(1),1,1)/>?"
181,"TEXT_CMNDEFRETAINERDESK_00009_ASK_SCROLL_YES","Yes"
182,"TEXT_CMNDEFRETAINERDESK_00009_ASK_SCROLL_NO","No"
183,"TEXT_CMNDEFRETAINERDESK_00009_SCROLL_FULL_BAG","Unable to obtain <SheetEn(Item,2,IntegerParameter(1),1,1)/>. Your inventory is full."
184,"TEXT_CMNDEFRETAINERDESK_00009_SCROLL_SHORTAGE_COIN","Unable to purchase <SheetEn(Item,2,IntegerParameter(1),1,1)/>. You do not have enough ventures."
185,"TEXT_CMNDEFRETAINERDESK_00009_SCROLL_SHORTAGE_EXCHANGE_GUIDE","If you possess a venture promissory note, you may redeem it for ventures through a Calamity salvager."
186,"TEXT_CMNDEFRETAINERDESK_00009_TRADE_TALK_01","You exchange 40 ventures for <SheetEn(Item,2,IntegerParameter(1),1,1)/>."
187,"TEXT_CMNDEFRETAINERDESK_00009_TRADE_TALK_02","You may now summon a retainer and assign them a job, if they meet the necessary requirements."
188,"TEXT_CMNDEFRETAINERDESK_00009_ENTER_HYURAN_MALE_TYPE1","(-Polite Hyuran Male-)I have come, <If(PlayerParameter(4))>Mistress<Else/>Master</If>."
189,"TEXT_CMNDEFRETAINERDESK_00009_ENTER_HYURAN_MALE_TYPE2","(-Rough Hyuran Male-)Nothin' fer ye to worry about."
190,"TEXT_CMNDEFRETAINERDESK_00009_ENTER_HYURAN_MALE_TYPE3","(-Serious Hyuran Male-)You summoned?"
191,"TEXT_CMNDEFRETAINERDESK_00009_ENTER_HYURAN_MALE_TYPE4","(-Carefree Hyuran Male-)Yes? <sigh> I hope this doesn't take long..."
192,"TEXT_CMNDEFRETAINERDESK_00009_ENTER_HYURAN_MALE_TYPE5","(-Independent Hyuran Male-)You wish to see how a master handles a bazaar?"
193,"TEXT_CMNDEFRETAINERDESK_00009_ENTER_HYURAN_MALE_TYPE6","(-Lively Hyuran Male-)Hello, hello! You called?"
194,"TEXT_CMNDEFRETAINERDESK_00009_ENTER_HYURAN_FEMALE_TYPE1","(-Polite Hyuran Female-)At your service, my <If(PlayerParameter(4))>lady<Else/>lord</If>."
195,"TEXT_CMNDEFRETAINERDESK_00009_ENTER_HYURAN_FEMALE_TYPE2","(-Rough Hyuran Female-)What's it to be this time, love?"
196,"TEXT_CMNDEFRETAINERDESK_00009_ENTER_HYURAN_FEMALE_TYPE3","(-Serious Hyuran Female-)What would you ask?"
197,"TEXT_CMNDEFRETAINERDESK_00009_ENTER_HYURAN_FEMALE_TYPE4","(-Carefree Hyuran Female-)I'm so sorry to keep you waiting, <If(PlayerParameter(4))>madam<Else/>sir</If>. So very, very sorry."
198,"TEXT_CMNDEFRETAINERDESK_00009_ENTER_HYURAN_FEMALE_TYPE5","(-Independent Hyuran Female-)Quickly now, I've places to be."
199,"TEXT_CMNDEFRETAINERDESK_00009_ENTER_HYURAN_FEMALE_TYPE6","(-Lively Hyuran Female-)Well, if it ain't my favorite client! Always a pleasure, <If(PlayerParameter(4))>madam<Else/>sir</If>!"
200,"TEXT_CMNDEFRETAINERDESK_00009_ENTER_ELEZEN_MALE_TYPE1","(-Polite Elezen Male-)Yes, <If(PlayerParameter(4))>madam<Else/>sir</If>? What is your bidding?"
201,"TEXT_CMNDEFRETAINERDESK_00009_ENTER_ELEZEN_MALE_TYPE2","(-Rough Elezen Male-)What's on the agenda, chief? Deprivin' saps o' their hard-earned gil?"
202,"TEXT_CMNDEFRETAINERDESK_00009_ENTER_ELEZEN_MALE_TYPE3","(-Serious Elezen Male-)I have come. You may proceed."
203,"TEXT_CMNDEFRETAINERDESK_00009_ENTER_ELEZEN_MALE_TYPE4","(-Carefree Elezen Male-)Oh, hello there. To what do I owe the pleasure?"
204,"TEXT_CMNDEFRETAINERDESK_00009_ENTER_ELEZEN_MALE_TYPE5","(-Independent Elezen Male-)I am come to conduct business, and only business."
205,"TEXT_CMNDEFRETAINERDESK_00009_ENTER_ELEZEN_MALE_TYPE6","(-Lively Elezen Male-)You look to be in good health, <If(PlayerParameter(4))>madam<Else/>sir</If>. How may I assist you this fine <If(LessThan(PlayerParameter(11),12))><If(LessThan(PlayerParameter(11),4))>eve<Else/>morn</If><Else/><If(LessThan(PlayerParameter(11),17))>day<Else/>eve</If></If>?"
206,"TEXT_CMNDEFRETAINERDESK_00009_ENTER_ELEZEN_FEMALE_TYPE1","(-Polite Elezen Female-)What is it you would have me do, <If(PlayerParameter(4))>milady<Else/>milord</If>?"
207,"TEXT_CMNDEFRETAINERDESK_00009_ENTER_ELEZEN_FEMALE_TYPE2","(-Rough Elezen Female-)Usually, it's me doin' the summons and others doin' the waitin'."
208,"TEXT_CMNDEFRETAINERDESK_00009_ENTER_ELEZEN_FEMALE_TYPE3","(-Serious Elezen Female-)Is there something that I can help you with?"
209,"TEXT_CMNDEFRETAINERDESK_00009_ENTER_ELEZEN_FEMALE_TYPE4","(-Carefree Elezen Female-)Oh, why must you summon me at a time like this...?"
210,"TEXT_CMNDEFRETAINERDESK_00009_ENTER_ELEZEN_FEMALE_TYPE5","(-Independent Elezen Female-)I'm sure there is a perfectly good explanation for this summons."
211,"TEXT_CMNDEFRETAINERDESK_00009_ENTER_ELEZEN_FEMALE_TYPE6","(-Lively Elezen Female-)You know, I thought you might be along to summon me. You may rest assured that I am ready and eager to serve."
212,"TEXT_CMNDEFRETAINERDESK_00009_ENTER_LALAFELL_MALE_TYPE1","(-Polite Lalafellin Male-)Hail to thee, <If(PlayerParameter(4))>madam<Else/>sir</If>. Your humble servant has heard your summons."
213,"TEXT_CMNDEFRETAINERDESK_00009_ENTER_LALAFELL_MALE_TYPE2","(-Rough Lalafellin Male-)Greetin's and salutations, <If(PlayerParameter(4))>milady<Else/>milord</If>. Pray speak yer desires, an' I'll do me damndest to see 'em done."
214,"TEXT_CMNDEFRETAINERDESK_00009_ENTER_LALAFELL_MALE_TYPE3","(-Serious Lalafellin Male-)I was wondering when you'd get around to calling me."
215,"TEXT_CMNDEFRETAINERDESK_00009_ENTER_LALAFELL_MALE_TYPE4","(-Carefree Lalafellin Male-)Mind if we keep this brief? I've got a pretty little thing that's waitin' for me."
216,"TEXT_CMNDEFRETAINERDESK_00009_ENTER_LALAFELL_MALE_TYPE5","(-Independent Lalafellin Male-)What?"
217,"TEXT_CMNDEFRETAINERDESK_00009_ENTER_LALAFELL_MALE_TYPE6","(-Lively Lalafellin Male-)I'm here, I'm here!"
218,"TEXT_CMNDEFRETAINERDESK_00009_ENTER_LALAFELL_FEMALE_TYPE1","(-Polite Lalafellin Female-)Here I am, <If(PlayerParameter(4))>Mistress<Else/>Master</If>, as per your request."
219,"TEXT_CMNDEFRETAINERDESK_00009_ENTER_LALAFELL_FEMALE_TYPE2","(-Rough Lalafellin Female-)'Ello, dearie. What's on the docket?"
220,"TEXT_CMNDEFRETAINERDESK_00009_ENTER_LALAFELL_FEMALE_TYPE3","(-Serious Lalafellin Female-)I never miss a chance to line these pockets."
221,"TEXT_CMNDEFRETAINERDESK_00009_ENTER_LALAFELL_FEMALE_TYPE4","(-Carefree Lalafellin Female-)Well, this is unexpected! What'll it be?"
222,"TEXT_CMNDEFRETAINERDESK_00009_ENTER_LALAFELL_FEMALE_TYPE5","(-Independent Lalafellin Female-)What is it now?"
223,"TEXT_CMNDEFRETAINERDESK_00009_ENTER_LALAFELL_FEMALE_TYPE6","(-Lively Lalafellin Female-)Here I aaaaaam!"
224,"TEXT_CMNDEFRETAINERDESK_00009_ENTER_MIQOTE_MALE_TYPE1","(-Polite Miqo'te Male-)How may I be of serrrvice, <If(PlayerParameter(4))>madam<Else/>sir</If>?"
225,"TEXT_CMNDEFRETAINERDESK_00009_ENTER_MIQOTE_MALE_TYPE2","(-Rough Miqo'te Male-)It's a war out there, <If(PlayerParameter(4))>miss<Else/>sir</If>. You have no idea."
226,"TEXT_CMNDEFRETAINERDESK_00009_ENTER_MIQOTE_MALE_TYPE3","(-Serious Miqo'te Male-)..."
227,"TEXT_CMNDEFRETAINERDESK_00009_ENTER_MIQOTE_MALE_TYPE4","(-Carefree Miqo'te Male-)Business or pleasure?"
228,"TEXT_CMNDEFRETAINERDESK_00009_ENTER_MIQOTE_MALE_TYPE5","(-Independent Miqo'te Male-)I presume you did not summon me solely for the pleasure of my company."
229,"TEXT_CMNDEFRETAINERDESK_00009_ENTER_MIQOTE_MALE_TYPE6","(-Lively Miqo'te Male-)Just the <If(PlayerParameter(4))>fair maiden<Else/>handsome fellow</If> I was hoping to see! Tell me your heart's desire."
230,"TEXT_CMNDEFRETAINERDESK_00009_ENTER_MIQOTE_FEMALE_TYPE1","(-Polite Miqo'te Female-)I hope your catcall is not one of disapproval."
231,"TEXT_CMNDEFRETAINERDESK_00009_ENTER_MIQOTE_FEMALE_TYPE2","(-Rough Miqo'te Female-)Ye rang, <If(PlayerParameter(4))>milady<Else/>milord</If>?"
232,"TEXT_CMNDEFRETAINERDESK_00009_ENTER_MIQOTE_FEMALE_TYPE3","(-Serious Miqo'te Female-)A cat's ears do not miss much―least of all a summons."
233,"TEXT_CMNDEFRETAINERDESK_00009_ENTER_MIQOTE_FEMALE_TYPE4","(-Carefree Miqo'te Female-)Curiosity called the cat. What do you have for me today?"
234,"TEXT_CMNDEFRETAINERDESK_00009_ENTER_MIQOTE_FEMALE_TYPE5","(-Independent Miqo'te Female-)Ready when you are."
235,"TEXT_CMNDEFRETAINERDESK_00009_ENTER_MIQOTE_FEMALE_TYPE6","(-Lively Miqo'te Female-)I was just thinking of you!"
236,"TEXT_CMNDEFRETAINERDESK_00009_ENTER_ROEGADYN_MALE_TYPE1","(-Polite Roegadyn Male-)What need have you of me today, <If(PlayerParameter(4))>madam<Else/>sir</If>?"
237,"TEXT_CMNDEFRETAINERDESK_00009_ENTER_ROEGADYN_MALE_TYPE2","(-Rough Roegadyn Male-)Bwahahaha! Ye got work needs gettin' done? Just point me in the right bloody direction."
238,"TEXT_CMNDEFRETAINERDESK_00009_ENTER_ROEGADYN_MALE_TYPE3","(-Serious Roegadyn Male-)I've come. What is it?"
239,"TEXT_CMNDEFRETAINERDESK_00009_ENTER_ROEGADYN_MALE_TYPE4","(-Carefree Roegadyn Male-)Hey there─hic─<If(PlayerParameter(4))>missy<Else/>mate</If>! Care to join me fer a pint?"
240,"TEXT_CMNDEFRETAINERDESK_00009_ENTER_ROEGADYN_MALE_TYPE5","(-Independent Roegadyn Male-)Couldn't come no quicker. Where's the work?"
241,"TEXT_CMNDEFRETAINERDESK_00009_ENTER_ROEGADYN_MALE_TYPE6","(-Lively Roegadyn Male-)I came runnin' soon as I heard the bell! Ye need somethin', chief?"
242,"TEXT_CMNDEFRETAINERDESK_00009_ENTER_ROEGADYN_FEMALE_TYPE1","(-Polite Roegadyn Female-)I am at your disposal, <If(PlayerParameter(4))>milady<Else/>milord</If>."
243,"TEXT_CMNDEFRETAINERDESK_00009_ENTER_ROEGADYN_FEMALE_TYPE2","(-Rough Roegadyn Female-)Ye got somethin' fer me, cap'n?"
244,"TEXT_CMNDEFRETAINERDESK_00009_ENTER_ROEGADYN_FEMALE_TYPE3","(-Serious Roegadyn Female-)Go ahead, <If(PlayerParameter(4))>madam<Else/>sir</If>."
245,"TEXT_CMNDEFRETAINERDESK_00009_ENTER_ROEGADYN_FEMALE_TYPE4","(-Carefree Roegadyn Female-)Let's keep this short and sweet, shall we?"
246,"TEXT_CMNDEFRETAINERDESK_00009_ENTER_ROEGADYN_FEMALE_TYPE5","(-Independent Roegadyn Female-)This wouldn't be necessary if you entrusted your financial affairs to me."
247,"TEXT_CMNDEFRETAINERDESK_00009_ENTER_ROEGADYN_FEMALE_TYPE6","(-Lively Roegadyn Female-)So─sellin', buyin', drinkin', whorin'? What's it to be today?"
248,"TEXT_CMNDEFRETAINERDESK_00009_ENTER_AURA_MALE_TYPE1","(-Polite Auri Male-)Greetings, <If(PlayerParameter(4))>madam<Else/>sir</If>. How may I be of service?"
249,"TEXT_CMNDEFRETAINERDESK_00009_ENTER_AURA_MALE_TYPE2","(-Rough Auri Male-)What'll it be, <If(PlayerParameter(4))>miss<Else/>mate</If>?"
250,"TEXT_CMNDEFRETAINERDESK_00009_ENTER_AURA_MALE_TYPE3","(-Serious Auri Male-)State your business."
251,"TEXT_CMNDEFRETAINERDESK_00009_ENTER_AURA_MALE_TYPE4","(-Carefree Auri Male-)And how does this wonderful <If(LessThan(PlayerParameter(11),12))><If(LessThan(PlayerParameter(11),4))>evening<Else/>day</If><Else/><If(LessThan(PlayerParameter(11),17))>day<Else/>evening</If></If> find you?"
252,"TEXT_CMNDEFRETAINERDESK_00009_ENTER_AURA_MALE_TYPE5","(-Independent Auri Male-)Well... Here I am...<If(PlayerParameter(4))>Mistress<Else/>Master</If>."
253,"TEXT_CMNDEFRETAINERDESK_00009_ENTER_AURA_MALE_TYPE6","(-Lively Auri Male-)We work the market stalls,♪
And our uniforms are pretty;♪
We are sober men and true,♪
And attentive to our duties!♪"
254,"TEXT_CMNDEFRETAINERDESK_00009_ENTER_AURA_FEMALE_TYPE1","(-Polite Auri Female-)<If(PlayerParameter(4))>My lady<Else/>My lord</If>. What would you ask of me?"
255,"TEXT_CMNDEFRETAINERDESK_00009_ENTER_AURA_FEMALE_TYPE2","(-Rough Auri Female-)So. We doing this?"
256,"TEXT_CMNDEFRETAINERDESK_00009_ENTER_AURA_FEMALE_TYPE3","(-Serious Auri Female-)Yes?"
257,"TEXT_CMNDEFRETAINERDESK_00009_ENTER_AURA_FEMALE_TYPE4","(-Carefree Auri Female-)Hey, it's...it's you! Hello again, you!"
258,"TEXT_CMNDEFRETAINERDESK_00009_ENTER_AURA_FEMALE_TYPE5","(-Independent Auri Female-)I-It's not like I want to sell your items or anything."
259,"TEXT_CMNDEFRETAINERDESK_00009_ENTER_AURA_FEMALE_TYPE6","(-Lively Auri Female-)What do you have for me? Come on, come on! Don't be shy!"
260,"TEXT_CMNDEFRETAINERDESK_00009_ENTER_HROTHGAR_MALE_TYPE1","(-Polite Hrothgar Male-)You rang, <If(PlayerParameter(4))>milady<Else/>milord</If>?"
261,"TEXT_CMNDEFRETAINERDESK_00009_ENTER_HROTHGAR_MALE_TYPE2","(-Rough Hrothgar Male-)I trust this will be worth my while."
262,"TEXT_CMNDEFRETAINERDESK_00009_ENTER_HROTHGAR_MALE_TYPE3","(-Serious Hrothgar Male-)<Emphasis>What</Emphasis>?"
263,"TEXT_CMNDEFRETAINERDESK_00009_ENTER_HROTHGAR_MALE_TYPE4","(-Carefree Hrothgar Male-)Whatever you need, leave it to me! I have my methods."
264,"TEXT_CMNDEFRETAINERDESK_00009_ENTER_HROTHGAR_MALE_TYPE5","(-Independent Hrothgar Male-)Gahaha! If it isn't my favorite <If(PlayerParameter(4))>mistress<Else/>master</If>!"
265,"TEXT_CMNDEFRETAINERDESK_00009_ENTER_HROTHGAR_MALE_TYPE6","(-Lively Hrothgar Male-)It is I, your most loyal and capable retainer!"
266,"TEXT_CMNDEFRETAINERDESK_00009_ENTER_VIERA_FEMALE_TYPE1","(-Polite Viera Female-)What will it be, love?"
267,"TEXT_CMNDEFRETAINERDESK_00009_ENTER_VIERA_FEMALE_TYPE2","(-Rough Viera Female-)Your orders! I would hear them at once!"
268,"TEXT_CMNDEFRETAINERDESK_00009_ENTER_VIERA_FEMALE_TYPE3","(-Serious Viera Female-)If there is something you would ask of me, then ask it."
269,"TEXT_CMNDEFRETAINERDESK_00009_ENTER_VIERA_FEMALE_TYPE4","(-Carefree Viera Female-)Yes...? Is there something you─<yawn>─need?"
270,"TEXT_CMNDEFRETAINERDESK_00009_ENTER_VIERA_FEMALE_TYPE5","(-Independent Viera Female-)A task for me? I hope it's something fun!"
271,"TEXT_CMNDEFRETAINERDESK_00009_ENTER_VIERA_FEMALE_TYPE6","(-Lively Viera Female-)I am here to do your every bidding, <If(PlayerParameter(4))>Mistress<Else/>Master</If>! Ask of me anything at all!"
272,"TEXT_CMNDEFRETAINERDESK_00009_ENTER_VIERA_MALE_TYPE1","(-Polite Viera Male-)I have been awaiting your summons, <If(PlayerParameter(4))>madam<Else/>sir</If>. What would you have of me this fine <If(LessThan(PlayerParameter(11),12))><If(LessThan(PlayerParameter(11),4))>evening<Else/>morning</If><Else/><If(LessThan(PlayerParameter(11),17))>day<Else/>evening</If></If>?"
273,"TEXT_CMNDEFRETAINERDESK_00009_ENTER_VIERA_MALE_TYPE2","(-Rough Viera Male-)What can I do for ye, yer <If(PlayerParameter(4))>ladyship<Else/>lordship</If>?"
274,"TEXT_CMNDEFRETAINERDESK_00009_ENTER_VIERA_MALE_TYPE3","(-Serious Viera Male-)You called, <If(PlayerParameter(4))>madam<Else/>sir</If>...?"
275,"TEXT_CMNDEFRETAINERDESK_00009_ENTER_VIERA_MALE_TYPE4","(-Carefree Viera Male-)You─hic─rang?"
276,"TEXT_CMNDEFRETAINERDESK_00009_ENTER_VIERA_MALE_TYPE5","(-Independent Viera Male-)Need my assistance, do you? Let's make this quick, then."
277,"TEXT_CMNDEFRETAINERDESK_00009_ENTER_VIERA_MALE_TYPE6","(-Lively Viera Male-)You have my ear, <If(PlayerParameter(4))>milady<Else/>milord</If>. Both of them, in fact!"
278,"TEXT_CMNDEFRETAINERDESK_00009_ENTER_HROTHGAR_FEMALE_TYPE1","(-Polite Hrothgar Female-)You summoned me, <If(PlayerParameter(4))>madam<Else/>sir</If>?"
279,"TEXT_CMNDEFRETAINERDESK_00009_ENTER_HROTHGAR_FEMALE_TYPE2","(-Rough Hrothgar Female-)At your beck an' call, I am!"
280,"TEXT_CMNDEFRETAINERDESK_00009_ENTER_HROTHGAR_FEMALE_TYPE3","(-Serious Hrothgar Female-)You called, and I have come."
281,"TEXT_CMNDEFRETAINERDESK_00009_ENTER_HROTHGAR_FEMALE_TYPE4","(-Carefree Hrothgar Female-)At last─I thought you'd <Emphasis>never</Emphasis> call. What does <If(PlayerParameter(4))>milady<Else/>milord</If> need of me?"
282,"TEXT_CMNDEFRETAINERDESK_00009_ENTER_HROTHGAR_FEMALE_TYPE5","(-Independent Hrothgar Female-)Could it be...? The famous <Split(<Highlight>ObjectParameter(1)</Highlight>, ,1)/> has called on <Emphasis>me</Emphasis>? <chuckle>"
283,"TEXT_CMNDEFRETAINERDESK_00009_ENTER_HROTHGAR_FEMALE_TYPE6","(-Lively Hrothgar Female-)Yes, yes, here I am! Ready at a moment's notice!"
284,"TEXT_CMNDEFRETAINERDESK_00009_LEAVE_HYURAN_MALE_TYPE1","(-Polite Hyuran Male-)If that is all, I will take my leave now, <If(PlayerParameter(4))>Mistress<Else/>Master</If>."
285,"TEXT_CMNDEFRETAINERDESK_00009_LEAVE_HYURAN_MALE_TYPE2","(-Rough Hyuran Male-)Take care o' yerself, hear?"
286,"TEXT_CMNDEFRETAINERDESK_00009_LEAVE_HYURAN_MALE_TYPE3","(-Serious Hyuran Male-)Until we next meet."
287,"TEXT_CMNDEFRETAINERDESK_00009_LEAVE_HYURAN_MALE_TYPE4","(-Carefree Hyuran Male-)Well, it's about time. Good-bye."
288,"TEXT_CMNDEFRETAINERDESK_00009_LEAVE_HYURAN_MALE_TYPE5","(-Independent Hyuran Male-)I believe thanks are in order."
289,"TEXT_CMNDEFRETAINERDESK_00009_LEAVE_HYURAN_MALE_TYPE6","(-Lively Hyuran Male-)I'm off, then!"
290,"TEXT_CMNDEFRETAINERDESK_00009_LEAVE_HYURAN_FEMALE_TYPE1","(-Polite Hyuran Female-)With your leave, my <If(PlayerParameter(4))>lady<Else/>lord</If>."
291,"TEXT_CMNDEFRETAINERDESK_00009_LEAVE_HYURAN_FEMALE_TYPE2","(-Rough Hyuran Female-)Don't you worry 'bout a thing. I got this."
292,"TEXT_CMNDEFRETAINERDESK_00009_LEAVE_HYURAN_FEMALE_TYPE3","(-Serious Hyuran Female-)Farewell, then."
293,"TEXT_CMNDEFRETAINERDESK_00009_LEAVE_HYURAN_FEMALE_TYPE4","(-Carefree Hyuran Female-)If there is nothing else, <If(PlayerParameter(4))>madam<Else/>sir</If>, I'll be going now."
294,"TEXT_CMNDEFRETAINERDESK_00009_LEAVE_HYURAN_FEMALE_TYPE5","(-Independent Hyuran Female-)Is that all? Very well, until next time."
295,"TEXT_CMNDEFRETAINERDESK_00009_LEAVE_HYURAN_FEMALE_TYPE6","(-Lively Hyuran Female-)Oh, will that be all today? Very well, but promise me you'll come back soon!"
296,"TEXT_CMNDEFRETAINERDESK_00009_LEAVE_ELEZEN_MALE_TYPE1","(-Polite Elezen Male-)As always, <If(PlayerParameter(4))>madam<Else/>sir</If>, it has been an honor and a privilege."
297,"TEXT_CMNDEFRETAINERDESK_00009_LEAVE_ELEZEN_MALE_TYPE2","(-Rough Elezen Male-)You can count on me, chief─I know how to get things done."
298,"TEXT_CMNDEFRETAINERDESK_00009_LEAVE_ELEZEN_MALE_TYPE3","(-Serious Elezen Male-)Don't be a stranger."
299,"TEXT_CMNDEFRETAINERDESK_00009_LEAVE_ELEZEN_MALE_TYPE4","(-Carefree Elezen Male-)I swear it shall be done. Eventually."
300,"TEXT_CMNDEFRETAINERDESK_00009_LEAVE_ELEZEN_MALE_TYPE5","(-Independent Elezen Male-)As you wish."
301,"TEXT_CMNDEFRETAINERDESK_00009_LEAVE_ELEZEN_MALE_TYPE6","(-Lively Elezen Male-)Capital! I shall carry out your orders forthwith."
302,"TEXT_CMNDEFRETAINERDESK_00009_LEAVE_ELEZEN_FEMALE_TYPE1","(-Polite Elezen Female-)I humbly await your next summons, <If(PlayerParameter(4))>milady<Else/>milord</If>."
303,"TEXT_CMNDEFRETAINERDESK_00009_LEAVE_ELEZEN_FEMALE_TYPE2","(-Rough Elezen Female-)Don't leave me alone for too long, hear?"
304,"TEXT_CMNDEFRETAINERDESK_00009_LEAVE_ELEZEN_FEMALE_TYPE3","(-Serious Elezen Female-)Always a pleasure."
305,"TEXT_CMNDEFRETAINERDESK_00009_LEAVE_ELEZEN_FEMALE_TYPE4","(-Carefree Elezen Female-)That will be all, yes? Then if you would excuse me..."
306,"TEXT_CMNDEFRETAINERDESK_00009_LEAVE_ELEZEN_FEMALE_TYPE5","(-Independent Elezen Female-)I believe that concludes our dealings for now."
307,"TEXT_CMNDEFRETAINERDESK_00009_LEAVE_ELEZEN_FEMALE_TYPE6","(-Lively Elezen Female-)Are you certain you don't desire anything else? Anything at all? Very well, I shall take my leave."
308,"TEXT_CMNDEFRETAINERDESK_00009_LEAVE_LALAFELL_MALE_TYPE1","(-Polite Lalafellin Male-)Your every whim shall be swiftly carried out with due care and consideration."
309,"TEXT_CMNDEFRETAINERDESK_00009_LEAVE_LALAFELL_MALE_TYPE2","(-Rough Lalafellin Male-)Shouldn't take more than a moment, <If(PlayerParameter(4))>milady<Else/>milord</If>."
310,"TEXT_CMNDEFRETAINERDESK_00009_LEAVE_LALAFELL_MALE_TYPE3","(-Serious Lalafellin Male-)I'll be going, then."
311,"TEXT_CMNDEFRETAINERDESK_00009_LEAVE_LALAFELL_MALE_TYPE4","(-Carefree Lalafellin Male-)Thank the gods we're finished. I've got plans to put my hands in places I've never seen...if you know what I mean."
312,"TEXT_CMNDEFRETAINERDESK_00009_LEAVE_LALAFELL_MALE_TYPE5","(-Independent Lalafellin Male-)Be well."
313,"TEXT_CMNDEFRETAINERDESK_00009_LEAVE_LALAFELL_MALE_TYPE6","(-Lively Lalafellin Male-)I'm off, I'm off!"
314,"TEXT_CMNDEFRETAINERDESK_00009_LEAVE_LALAFELL_FEMALE_TYPE1","(-Polite Lalafellin Female-)Until we meet again!"
315,"TEXT_CMNDEFRETAINERDESK_00009_LEAVE_LALAFELL_FEMALE_TYPE2","(-Rough Lalafellin Female-)Blessin's o' the Twelve upon ye."
316,"TEXT_CMNDEFRETAINERDESK_00009_LEAVE_LALAFELL_FEMALE_TYPE3","(-Serious Lalafellin Female-)May Nald'thal see fit to fatten our pockets!"
317,"TEXT_CMNDEFRETAINERDESK_00009_LEAVE_LALAFELL_FEMALE_TYPE4","(-Carefree Lalafellin Female-)Very good, <If(PlayerParameter(4))>madam<Else/>sir</If>! Your wish is my command, and so forth."
318,"TEXT_CMNDEFRETAINERDESK_00009_LEAVE_LALAFELL_FEMALE_TYPE5","(-Independent Lalafellin Female-)You know how to reach me."
319,"TEXT_CMNDEFRETAINERDESK_00009_LEAVE_LALAFELL_FEMALE_TYPE6","(-Lively Lalafellin Female-)Is it time for good-byes already? I'm going to miss you..."
320,"TEXT_CMNDEFRETAINERDESK_00009_LEAVE_MIQOTE_MALE_TYPE1","(-Polite Miqo'te Male-)Thy will be done."
321,"TEXT_CMNDEFRETAINERDESK_00009_LEAVE_MIQOTE_MALE_TYPE2","(-Rough Miqo'te Male-)The markets may be a bleedin' battlefield, but I'm a godsdamned soldier. You can count on me, <If(PlayerParameter(4))>madam<Else/>sir</If>."
322,"TEXT_CMNDEFRETAINERDESK_00009_LEAVE_MIQOTE_MALE_TYPE3","(-Serious Miqo'te Male-)..."
323,"TEXT_CMNDEFRETAINERDESK_00009_LEAVE_MIQOTE_MALE_TYPE4","(-Carefree Miqo'te Male-)Why so serrrious? <sigh> So it goes."
324,"TEXT_CMNDEFRETAINERDESK_00009_LEAVE_MIQOTE_MALE_TYPE5","(-Independent Miqo'te Male-)I hardly think that warranted my personal appearance, but what is done is done."
325,"TEXT_CMNDEFRETAINERDESK_00009_LEAVE_MIQOTE_MALE_TYPE6","(-Lively Miqo'te Male-)Then I have satisfied your every need? Excellent! I do so take pleasure in servicing my clients."
326,"TEXT_CMNDEFRETAINERDESK_00009_LEAVE_MIQOTE_FEMALE_TYPE1","(-Polite Miqo'te Female-)Good-bye for now, <If(PlayerParameter(4))>madam<Else/>sirrr</If>."
327,"TEXT_CMNDEFRETAINERDESK_00009_LEAVE_MIQOTE_FEMALE_TYPE2","(-Rough Miqo'te Female-)Right then, let's get on with it!"
328,"TEXT_CMNDEFRETAINERDESK_00009_LEAVE_MIQOTE_FEMALE_TYPE3","(-Serious Miqo'te Female-)There is no call for concerrrn."
329,"TEXT_CMNDEFRETAINERDESK_00009_LEAVE_MIQOTE_FEMALE_TYPE4","(-Carefree Miqo'te Female-)When the master's away, the cat will play."
330,"TEXT_CMNDEFRETAINERDESK_00009_LEAVE_MIQOTE_FEMALE_TYPE5","(-Independent Miqo'te Female-)Gods, this is tirin'..."
331,"TEXT_CMNDEFRETAINERDESK_00009_LEAVE_MIQOTE_FEMALE_TYPE6","(-Lively Miqo'te Female-)You don't want to be with me anymore? <sniffle>"
332,"TEXT_CMNDEFRETAINERDESK_00009_LEAVE_ROEGADYN_MALE_TYPE1","(-Polite Roegadyn Male-)I shall carry out your wishes as instructed, <If(PlayerParameter(4))>madam<Else/>sir</If>."
333,"TEXT_CMNDEFRETAINERDESK_00009_LEAVE_ROEGADYN_MALE_TYPE2","(-Rough Roegadyn Male-)Bwahahaha! I'm in yer bazaar, sellin' yer wares!"
334,"TEXT_CMNDEFRETAINERDESK_00009_LEAVE_ROEGADYN_MALE_TYPE3","(-Serious Roegadyn Male-)I will go now."
335,"TEXT_CMNDEFRETAINERDESK_00009_LEAVE_ROEGADYN_MALE_TYPE4","(-Carefree Roegadyn Male-)Awww, bugger. Reckon I best get to work..."
336,"TEXT_CMNDEFRETAINERDESK_00009_LEAVE_ROEGADYN_MALE_TYPE5","(-Independent Roegadyn Male-)I don't do good-byes."
337,"TEXT_CMNDEFRETAINERDESK_00009_LEAVE_ROEGADYN_MALE_TYPE6","(-Lively Roegadyn Male-)Go and grab yourself some shut-eye, chief. You look terrible!"
338,"TEXT_CMNDEFRETAINERDESK_00009_LEAVE_ROEGADYN_FEMALE_TYPE1","(-Polite Roegadyn Female-)Will that be all for today, <If(PlayerParameter(4))>milady<Else/>milord</If>? Understood."
339,"TEXT_CMNDEFRETAINERDESK_00009_LEAVE_ROEGADYN_FEMALE_TYPE2","(-Rough Roegadyn Female-)Aye, aye, cap'n!"
340,"TEXT_CMNDEFRETAINERDESK_00009_LEAVE_ROEGADYN_FEMALE_TYPE3","(-Serious Roegadyn Female-)Duly noted."
341,"TEXT_CMNDEFRETAINERDESK_00009_LEAVE_ROEGADYN_FEMALE_TYPE4","(-Carefree Roegadyn Female-)Not exactly how I was hopin' to spend my day, but I suppose it can't be helped."
342,"TEXT_CMNDEFRETAINERDESK_00009_LEAVE_ROEGADYN_FEMALE_TYPE5","(-Independent Roegadyn Female-)Ours is not to reason why. Ours is but to do and die."
343,"TEXT_CMNDEFRETAINERDESK_00009_LEAVE_ROEGADYN_FEMALE_TYPE6","(-Lively Roegadyn Female-)Ever the consummate professional, I see. Another time, then."
344,"TEXT_CMNDEFRETAINERDESK_00009_LEAVE_AURA_MALE_TYPE1","(-Polite Auri Male-)If there is nothing else, then I shall take my leave."
345,"TEXT_CMNDEFRETAINERDESK_00009_LEAVE_AURA_MALE_TYPE2","(-Rough Auri Male-)Is that all? Guess I'll be on my way, then."
346,"TEXT_CMNDEFRETAINERDESK_00009_LEAVE_AURA_MALE_TYPE3","(-Serious Auri Male-)Any last requests? Very well. Heh heh heh... Ahem."
347,"TEXT_CMNDEFRETAINERDESK_00009_LEAVE_AURA_MALE_TYPE4","(-Carefree Auri Male-)Ah, yes, of course. Duty calls!"
348,"TEXT_CMNDEFRETAINERDESK_00009_LEAVE_AURA_MALE_TYPE5","(-Independent Auri Male-)You are finished with me, then?"
349,"TEXT_CMNDEFRETAINERDESK_00009_LEAVE_AURA_MALE_TYPE6","(-Lively Auri Male-)Here today and gone tomorrow;♪
Yes, I know─♪
That is so!♪"
350,"TEXT_CMNDEFRETAINERDESK_00009_LEAVE_AURA_FEMALE_TYPE1","(-Polite Auri Female-)If ever you have need of me, just ring."
351,"TEXT_CMNDEFRETAINERDESK_00009_LEAVE_AURA_FEMALE_TYPE2","(-Rough Auri Female-)Always a pleasure, <If(PlayerParameter(4))>Mistress<Else/>Master</If>."
352,"TEXT_CMNDEFRETAINERDESK_00009_LEAVE_AURA_FEMALE_TYPE3","(-Serious Auri Female-)Right, then."
353,"TEXT_CMNDEFRETAINERDESK_00009_LEAVE_AURA_FEMALE_TYPE4","(-Carefree Auri Female-)Finished already? Guess that's that, then."
354,"TEXT_CMNDEFRETAINERDESK_00009_LEAVE_AURA_FEMALE_TYPE5","(-Independent Auri Female-)You're leaving already? Fine, then! I-It's not like I wanted you to stay or anything."
355,"TEXT_CMNDEFRETAINERDESK_00009_LEAVE_AURA_FEMALE_TYPE6","(-Lively Auri Female-)Very good, <If(PlayerParameter(4))>madam<Else/>sir</If>! Very good indeed!"
356,"TEXT_CMNDEFRETAINERDESK_00009_LEAVE_HROTHGAR_MALE_TYPE1","(-Polite Hrothgar Male-)Always a pleasure to serve, <If(PlayerParameter(4))>milady<Else/>milord</If>."
357,"TEXT_CMNDEFRETAINERDESK_00009_LEAVE_HROTHGAR_MALE_TYPE2","(-Rough Hrothgar Male-)Hmph. I hope that next time you will have a more meaningful task for me."
358,"TEXT_CMNDEFRETAINERDESK_00009_LEAVE_HROTHGAR_MALE_TYPE3","(-Serious Hrothgar Male-)<Emphasis>Good-bye</Emphasis>."
359,"TEXT_CMNDEFRETAINERDESK_00009_LEAVE_HROTHGAR_MALE_TYPE4","(-Carefree Hrothgar Male-)And with that, I shall be off. Places to go, people to see."
360,"TEXT_CMNDEFRETAINERDESK_00009_LEAVE_HROTHGAR_MALE_TYPE5","(-Indepedent Hrothgar Male-)Bahahaha! Till next time, my friend!"
361,"TEXT_CMNDEFRETAINERDESK_00009_LEAVE_HROTHGAR_MALE_TYPE6","(-Lively Hrothgar Male-)Ring for me whenever you please! You know that I will never let you down!"
362,"TEXT_CMNDEFRETAINERDESK_00009_LEAVE_VIERA_FEMALE_TYPE1","(-Polite Viera Female-)Must we part so soon?"
363,"TEXT_CMNDEFRETAINERDESK_00009_LEAVE_VIERA_FEMALE_TYPE2","(-Rough Viera Female-)And I am off!"
364,"TEXT_CMNDEFRETAINERDESK_00009_LEAVE_VIERA_FEMALE_TYPE3","(-Serious Viera Female-)Call on me as you please. If I am so inclined, I will answer."
365,"TEXT_CMNDEFRETAINERDESK_00009_LEAVE_VIERA_FEMALE_TYPE4","(-Carefree Viera Female-)That is all, I suppose...? <yawn> Very well..."
366,"TEXT_CMNDEFRETAINERDESK_00009_LEAVE_VIERA_FEMALE_TYPE5","(-Indepedent Viera Female-)That is all? Oh, I was hoping there'd be more..."
367,"TEXT_CMNDEFRETAINERDESK_00009_LEAVE_VIERA_FEMALE_TYPE6","(-Lively Viera Female-)Is that all you need of me? But I could yet serve you in so many ways!"
368,"TEXT_CMNDEFRETAINERDESK_00009_LEAVE_VIERA_MALE_TYPE1","(-Polite Viera Male-)Do not hesitate to call upon me again. Fare you well in your endeavors, <If(PlayerParameter(4))>madam<Else/>sir</If>."
369,"TEXT_CMNDEFRETAINERDESK_00009_LEAVE_VIERA_MALE_TYPE2","(-Rough Viera Male-)Just say the word, yer <If(PlayerParameter(4))>ladyship<Else/>lordship</If>, and I'll be here with bells on."
370,"TEXT_CMNDEFRETAINERDESK_00009_LEAVE_VIERA_MALE_TYPE3","(-Serious Viera Male-)If you have no further need of my services..."
371,"TEXT_CMNDEFRETAINERDESK_00009_LEAVE_VIERA_MALE_TYPE4","(-Carefree Viera Male-)I'm off for another glass, then. You know where to find me!"
372,"TEXT_CMNDEFRETAINERDESK_00009_LEAVE_VIERA_MALE_TYPE5","(-Independent Viera Male-)What─is that it? Are you <Emphasis>sure</Emphasis> you need a retainer?"
373,"TEXT_CMNDEFRETAINERDESK_00009_LEAVE_VIERA_MALE_TYPE6","(-Lively Viera Male-)Nothing else? Then I shall be hopping along."
374,"TEXT_CMNDEFRETAINERDESK_00009_LEAVE_HROTHGAR_FEMALE_TYPE1","(-Polite Hrothgar Female-)I'm glad to have been of service. Mind you don't overdo things, <If(PlayerParameter(4))>madam<Else/>sir</If>."
375,"TEXT_CMNDEFRETAINERDESK_00009_LEAVE_HROTHGAR_FEMALE_TYPE2","(-Rough Hrothgar Female-)Had your fill of me, eh? Fair enough! Let me know if you need aught else!"
376,"TEXT_CMNDEFRETAINERDESK_00009_LEAVE_HROTHGAR_FEMALE_TYPE3","(-Serious Hrothgar Female-)We're done? Then I take my leave."
377,"TEXT_CMNDEFRETAINERDESK_00009_LEAVE_HROTHGAR_FEMALE_TYPE4","(-Carefree Hrothgar Female-)There's naught else <If(PlayerParameter(4))>milady<Else/>milord</If> requires? I'll be sharpening my claws, then, waiting for your next summons."
378,"TEXT_CMNDEFRETAINERDESK_00009_LEAVE_HROTHGAR_FEMALE_TYPE5","(-Independent Hrothgar Female-)Nothing else? Right... I'll be off!"
379,"TEXT_CMNDEFRETAINERDESK_00009_LEAVE_HROTHGAR_FEMALE_TYPE6","(-Lively Hrothgar Female-)Have everything you need? I'll take a little nap, then."
380,"TEXT_CMNDEFRETAINERDESK_00009_RETAINER_ORDER_FAILED_NO_CHARGE","You cannot perform this action until you have purchased the services of an additional retainer."
381,"TEXT_CMNDEFRETAINERDESK_00009_REMOVE_INVENTORY_EXPLANATION","You cannot release retainers while they are in possession of any items or gil."
382,"TEXT_CMNDEFRETAINERDESK_00009_MAIN_MENU_EXPLANATION_01","What would you like to know?"
383,"TEXT_CMNDEFRETAINERDESK_00009_RETAINER_REMOVE_FAILED","You were unable to release that retainer."
384,"TEXT_CMNDEFRETAINERDESK_00009_RETAINER_CREATE_FAILED","Your application for a retainer was denied."
385,"TEXT_CMNDEFRETAINERDESK_00009_RETAINER_CALL_FAILED","Your retainer could not be summoned."
386,"TEXT_CMNDEFRETAINERDESK_00009_REGISTER_MARKET_FAILED","The retainer was unable to make the trip."
387,"TEXT_CMNDEFRETAINERDESK_00009_RETAINER_NAME_TOO_SHORT","Nicknames must be between 3 and 20 characters."
388,"TEXT_CMNDEFRETAINERDESK_00009_RETAINER_CONTRACT_ENDED","This retainer's contract has been suspended."
