﻿key,0,1
#,,
int32,str,str
0,"TEXT_REGSEAADVGUILD_00050_SDHODJBI_000_1","Welcome to the Drowning Wench. You need anything, you just give me a shout."
1,"TEXT_REGSEAADVGUILD_00050_SDHODJBI_000_2","I serve the louts and drunkards that stumble in through the door. Baderon, the owner, quit the mercenary life to open this place, but he's still more comfortable holding a blade than a mop. So I take care of whatever cleaning needs doing as well."
2,"TEXT_REGSEAADVGUILD_00050_SDHODJBI_000_3","It's a damn sight better than what I was doing after the Calamity hit, let me tell you. Lost about as much as a person can lose, and spent my nights puking cheap ale into the gutter. Baderon found me passed out outside his place one morning, so he took me in, cleaned me up, and helped me swear off the worst of the grog."
3,"TEXT_REGSEAADVGUILD_00050_SDHODJBI_000_4","It's not that I'm working to pay off the favor, you see─more like I just started pitching in with the chores one day, and then never got around to leaving."
4,"TEXT_REGSEAADVGUILD_00050_SDHODJBI_000_5","Morbid? Hah, only if you think the lass is drowning in water. The name has more to do with sinful amounts of ale than aught else, and that's how the sailors and scoundrels in here like it."
5,"TEXT_REGSEAADVGUILD_00050_SDHODJBI_000_6","We see more than a few of you adventurer types as well, and that keeps Baderon busy wiping noses and handing out advice to the greenhorns. He never could resist taking in the strays."
6,"TEXT_REGSEAADVGUILD_00050_Q1_000_1","What would you like to know?"
7,"TEXT_REGSEAADVGUILD_00050_A1_000_1","What do you do here?"
8,"TEXT_REGSEAADVGUILD_00050_A1_000_2","The “Drowning Wench.” That's a little morbid, isn't it?"
9,"TEXT_REGSEAADVGUILD_00050_A1_000_3","Nothing."
